1403638127245096960.000000 0.000012 -0.000000 0.000016 -0.000003 0.000066 -0.000089 1.000000 0.197372
1403638127295097088.000000 0.000060 0.000022 0.000024 -0.000092 0.000239 -0.000405 1.000000 0.000000
1403638127345096960.000000 0.000033 0.000019 0.000053 -0.000052 0.000304 -0.000386 1.000000 0.000000
1403638127395097088.000000 -0.000007 0.000019 0.000044 -0.000357 0.000146 -0.000006 1.000000 0.090369
1403638127445096960.000000 0.000081 0.000035 -0.000007 -0.000162 0.000317 -0.000511 1.000000 0.000000
1403638127495097088.000000 0.000118 0.000012 -0.000035 0.000293 0.000319 -0.000288 1.000000 0.000000
1403638127545096960.000000 0.000065 -0.000001 -0.000015 -0.000046 0.000088 -0.000270 1.000000 0.003935
1403638127595097088.000000 0.000022 0.000011 0.000038 -0.000276 0.000166 -0.000411 1.000000 0.000000
1403638127645096960.000000 0.000015 0.000017 0.000033 -0.000329 -0.000027 -0.000287 1.000000 0.000000
1403638127695097088.000000 0.000040 0.000032 0.000027 -0.000190 0.000151 -0.000732 1.000000 0.003386
1403638127745096960.000000 0.000001 0.000014 0.000025 -0.000291 -0.000069 -0.000243 1.000000 0.000000
1403638127795097088.000000 -0.000000 0.000022 0.000042 -0.000392 0.000019 -0.000481 1.000000 0.000000
1403638127845096960.000000 -0.000051 0.000025 0.000025 -0.000323 -0.000054 -0.000149 1.000000 0.003327
1403638127895097088.000000 -0.000054 0.000016 -0.000002 -0.000317 -0.000070 -0.000043 1.000000 0.000000
1403638127945096960.000000 -0.000044 0.000017 0.000028 -0.000318 -0.000055 0.000013 1.000000 0.000000
1403638127995097088.000000 -0.000042 0.000019 0.000050 -0.000567 -0.000013 -0.000201 1.000000 0.003470
1403638128045096960.000000 -0.000017 0.000034 0.000050 -0.000672 0.000158 -0.000439 1.000000 0.000000
1403638128095097088.000000 -0.000031 0.000030 0.000080 -0.000771 0.000332 -0.000454 1.000000 0.000000
1403638128145096960.000000 -0.000069 0.000014 0.000066 -0.001037 0.000310 -0.000194 0.999999 0.003305
1403638128195097088.000000 -0.000110 0.000017 0.000049 -0.001138 0.000269 0.000008 0.999999 0.000000
1403638128245096960.000000 -0.000071 0.000041 0.000063 -0.000986 0.000373 -0.000176 0.999999 0.000000
1403638128295097088.000000 -0.000070 0.000029 0.000058 -0.000985 0.000302 -0.000148 0.999999 0.003318
1403638128345096960.000000 -0.000051 0.000040 0.000051 -0.000939 0.000288 -0.000231 1.000000 0.000000
1403638128395097088.000000 -0.000035 0.000042 0.000057 -0.000849 0.000411 -0.000314 1.000000 0.000000
1403638128445096960.000000 -0.000056 0.000026 0.000054 -0.000982 0.000402 -0.000039 0.999999 0.003309
1403638128495097088.000000 -0.000082 0.000021 0.000069 -0.001019 0.000476 0.000064 0.999999 0.000000
1403638128545096960.000000 -0.000084 0.000026 0.000053 -0.001058 0.000511 0.000088 0.999999 0.000000
1403638128595097088.000000 -0.000085 0.000022 0.000061 -0.001078 0.000511 0.000063 0.999999 0.003308
1403638128645096960.000000 -0.000081 0.000019 0.000069 -0.001055 0.000630 -0.000022 0.999999 0.000000
1403638128695097088.000000 -0.000125 -0.000009 0.000116 -0.001406 0.000788 0.000431 0.999999 0.000000
1403638128745096960.000000 -0.000177 -0.000072 0.000216 -0.001802 0.000984 0.000968 0.999997 0.003325
1403638128795097088.000000 -0.000151 -0.000078 0.000222 -0.001912 0.001266 0.000819 0.999997 0.000000
1403638128845096960.000000 -0.000142 -0.000070 0.000247 -0.002270 0.001798 0.000904 0.999995 0.000000
1403638128895097088.000000 -0.000143 -0.000099 0.000246 -0.002320 0.001686 0.001005 0.999995 0.003298
1403638128945096960.000000 0.000022 -0.000040 0.000265 -0.001956 0.001700 0.000102 0.999997 0.000000
1403638128995097088.000000 0.000034 -0.000029 0.000227 -0.001977 0.001648 0.000077 0.999997 0.000000
1403638129045096960.000000 0.000035 -0.000118 0.000286 -0.001684 0.001389 -0.000638 0.999997 0.003293
1403638129095097088.000000 -0.000042 -0.000246 0.000248 -0.001795 0.002173 -0.004067 0.999988 0.000000
1403638129145096960.000000 -0.000171 -0.000687 0.000147 -0.001206 0.003193 -0.006252 0.999975 0.000000
1403638129195097088.000000 -0.000200 -0.001505 -0.000109 0.001667 0.002707 -0.005015 0.999982 0.003290
1403638129245096960.000000 -0.000203 -0.003389 -0.000662 0.006857 -0.000305 0.003556 0.999970 0.000000
1403638129295097088.000000 0.000134 -0.006504 -0.001529 0.016497 -0.003723 0.019546 0.999666 0.000000
1403638129345096960.000000 0.000852 -0.010131 -0.002661 0.028810 -0.006505 0.038561 0.998820 0.004462
1403638129395097088.000000 0.001272 -0.013361 -0.003876 0.036632 -0.009603 0.055431 0.997744 0.000000
1403638129445096960.000000 0.001630 -0.015306 -0.004675 0.035068 -0.010473 0.061450 0.997439 0.000000
1403638129495097088.000000 0.001530 -0.016180 -0.005178 0.025749 -0.010990 0.055959 0.998041 0.003320
1403638129545096960.000000 0.001076 -0.016553 -0.005552 0.014030 -0.010939 0.042812 0.998925 0.000000
1403638129595097088.000000 0.000671 -0.017204 -0.005909 0.004867 -0.010244 0.026942 0.999573 0.000000
1403638129645096960.000000 0.000407 -0.018601 -0.006462 0.000441 -0.009042 0.014742 0.999850 0.004418
1403638129695097088.000000 0.000404 -0.020916 -0.007155 0.001970 -0.007616 0.009519 0.999924 0.000000
1403638129745096960.000000 0.000295 -0.023960 -0.008166 0.006203 -0.007832 0.010703 0.999893 0.000000
1403638129795097088.000000 0.000040 -0.027263 -0.009376 0.006095 -0.008936 0.012075 0.999869 0.004402
1403638129845096960.000000 -0.000425 -0.030851 -0.010851 0.000180 -0.010302 0.009804 0.999899 0.000000
1403638129895097088.000000 -0.001067 -0.035210 -0.012618 -0.006345 -0.011798 0.006180 0.999891 0.000000
1403638129945096960.000000 -0.001639 -0.040758 -0.014755 -0.008853 -0.012718 0.002465 0.999877 0.004385
1403638129995097088.000000 -0.002229 -0.047826 -0.017165 -0.004896 -0.013985 0.003563 0.999884 0.000000
1403638130045096960.000000 -0.002546 -0.056057 -0.019953 0.003625 -0.015342 0.009594 0.999830 0.000000
1403638130095097088.000000 -0.002871 -0.064557 -0.022944 0.011415 -0.017156 0.015731 0.999664 0.004386
1403638130145096960.000000 -0.003327 -0.072838 -0.026084 0.015233 -0.019970 0.018422 0.999515 0.000000
1403638130195097088.000000 -0.003777 -0.080736 -0.029146 0.015293 -0.022811 0.016756 0.999482 0.000000
1403638130245096960.000000 -0.004281 -0.088851 -0.032422 0.015337 -0.025688 0.014674 0.999445 0.004382
1403638130295097088.000000 -0.004748 -0.097487 -0.035620 0.019604 -0.028362 0.017467 0.999253 0.000000
1403638130345096960.000000 -0.004923 -0.106864 -0.039607 0.025928 -0.030546 0.025417 0.998874 0.000000
1403638130395097088.000000 -0.004982 -0.115630 -0.043076 0.030602 -0.033271 0.032103 0.998462 0.004511
1403638130445096960.000000 -0.005489 -0.123797 -0.046572 0.031873 -0.036730 0.034278 0.998228 0.000000
1403638130495097088.000000 -0.005975 -0.131191 -0.049762 0.030569 -0.038992 0.029540 0.998335 0.000000
1403638130545096960.000000 -0.006490 -0.138108 -0.052647 0.027860 -0.039193 0.021853 0.998604 0.003308
1403638130595097088.000000 -0.007477 -0.145625 -0.055612 0.028235 -0.038561 0.018076 0.998694 0.000000
1403638130645096960.000000 -0.007486 -0.153341 -0.059398 0.033340 -0.038070 0.018399 0.998549 0.000000
1403638130695097088.000000 -0.007198 -0.161449 -0.063687 0.039626 -0.038670 0.024363 0.998169 0.004370
1403638130745096960.000000 -0.007424 -0.169606 -0.066814 0.046299 -0.041645 0.035944 0.997412 0.000000
1403638130795097088.000000 -0.006630 -0.176581 -0.069815 0.049784 -0.045615 0.045610 0.996675 0.000000
1403638130845096960.000000 -0.006729 -0.182576 -0.073102 0.050682 -0.048205 0.048230 0.996384 0.003308
1403638130895097088.000000 -0.006333 -0.185630 -0.075135 0.052463 -0.050363 0.049929 0.996102 0.000000
1403638130945096960.000000 -0.005219 -0.189041 -0.076733 0.058804 -0.048686 0.051954 0.995727 0.000000
1403638130995097088.000000 -0.004169 -0.190013 -0.077905 0.069004 -0.045160 0.054715 0.995091 0.004370
1403638131045096960.000000 -0.003451 -0.189184 -0.077868 0.077504 -0.042895 0.057799 0.994390 0.000000
1403638131095097088.000000 -0.003487 -0.186968 -0.077129 0.080195 -0.040601 0.056643 0.994340 0.000000
1403638131145096960.000000 -0.003338 -0.182730 -0.075330 0.076209 -0.039825 0.052365 0.994919 0.003305
1403638131195097088.000000 -0.003982 -0.178080 -0.073249 0.067640 -0.038893 0.043608 0.995997 0.000000
1403638131245096960.000000 -0.004246 -0.172235 -0.070410 0.057564 -0.037480 0.032902 0.997095 0.000000
1403638131295097088.000000 -0.004825 -0.166601 -0.067855 0.049871 -0.037326 0.025697 0.997727 0.003299
1403638131345096960.000000 -0.004320 -0.160891 -0.065210 0.046032 -0.037118 0.022502 0.997997 0.000000
1403638131395097088.000000 -0.003979 -0.154660 -0.062856 0.045739 -0.036008 0.023235 0.998034 0.000000
1403638131445096960.000000 -0.002903 -0.147481 -0.059980 0.046972 -0.034943 0.023585 0.998006 0.004379
1403638131495097088.000000 -0.002740 -0.139487 -0.056360 0.046837 -0.031620 0.018907 0.998223 0.000000
1403638131545096960.000000 -0.002295 -0.131827 -0.053959 0.044092 -0.030810 0.017394 0.998401 0.000000
1403638131595097088.000000 -0.001560 -0.123674 -0.051287 0.040583 -0.030487 0.015806 0.998586 0.003310
1403638131645096960.000000 -0.001129 -0.114818 -0.048077 0.038491 -0.030688 0.013181 0.998701 0.000000
1403638131695097088.000000 -0.000403 -0.106016 -0.044884 0.038644 -0.029783 0.010826 0.998750 0.000000
1403638131745096960.000000 0.000341 -0.097017 -0.041882 0.038615 -0.029006 0.008698 0.998795 0.004406
1403638131795097088.000000 0.001010 -0.087622 -0.038423 0.038288 -0.026263 0.003064 0.998917 0.000000
1403638131845096960.000000 0.001854 -0.078215 -0.035313 0.036622 -0.023223 -0.002043 0.999057 0.000000
1403638131895097088.000000 0.002522 -0.069383 -0.032302 0.035886 -0.020764 -0.005111 0.999127 0.003308
1403638131945096960.000000 0.003118 -0.061522 -0.029662 0.035547 -0.019586 -0.007534 0.999148 0.000000
1403638131995097088.000000 0.003615 -0.055085 -0.027693 0.032732 -0.018850 -0.013985 0.999189 0.000000
1403638132045096960.000000 0.003796 -0.050424 -0.026271 0.028298 -0.019545 -0.023181 0.999140 0.004513
1403638132095097088.000000 0.003862 -0.048156 -0.025877 0.022113 -0.020248 -0.032298 0.999028 0.000000
1403638132145096960.000000 0.003543 -0.049285 -0.026491 0.019028 -0.021940 -0.037757 0.998865 0.000000
1403638132195097088.000000 0.003363 -0.053895 -0.028445 0.020631 -0.023648 -0.037969 0.998786 0.003323
1403638132245096960.000000 0.003088 -0.061757 -0.031597 0.027274 -0.026375 -0.032083 0.998765 0.000000
1403638132295097088.000000 0.002706 -0.071738 -0.035997 0.035083 -0.029664 -0.024631 0.998640 0.000000
1403638132345096960.000000 0.002361 -0.082706 -0.040588 0.040580 -0.031737 -0.020371 0.998464 0.004458
1403638132395097088.000000 0.001732 -0.094192 -0.045854 0.042776 -0.037375 -0.012790 0.998303 0.000000
1403638132445096960.000000 0.001471 -0.106202 -0.051366 0.047711 -0.042233 -0.004903 0.997956 0.000000
1403638132495097088.000000 0.001147 -0.118622 -0.056715 0.056388 -0.047527 0.007277 0.997251 0.465185
1403638132545096960.000000 0.000992 -0.130376 -0.061615 0.068104 -0.051569 0.019426 0.996155 0.000000
1403638132595097088.000000 0.000100 -0.141161 -0.066109 0.078595 -0.054776 0.029584 0.994961 0.000000
1403638132645096960.000000 -0.000686 -0.149519 -0.070620 0.082665 -0.057135 0.035202 0.994315 0.066356
1403638132695097088.000000 -0.002514 -0.157624 -0.074001 0.077824 -0.058486 0.036456 0.994582 0.000000
1403638132745096960.000000 -0.003460 -0.163334 -0.075693 0.071411 -0.059956 0.037087 0.994952 0.000000
1403638132795097088.000000 -0.005521 -0.166854 -0.077155 0.068839 -0.059771 0.038865 0.995077 0.003574
1403638132845096960.000000 -0.007760 -0.169901 -0.078744 0.073199 -0.060063 0.042584 0.994596 0.000000
1403638132895097088.000000 -0.008387 -0.171411 -0.079958 0.080563 -0.060059 0.049334 0.993715 0.000000
1403638132945096960.000000 -0.007587 -0.170530 -0.080664 0.087258 -0.062052 0.053784 0.992795 0.003373
1403638132995097088.000000 -0.007677 -0.167761 -0.079893 0.090703 -0.065180 0.053632 0.992294 0.000000
1403638133045096960.000000 -0.006764 -0.164703 -0.078630 0.088562 -0.066515 0.046110 0.992777 0.000000
1403638133095097088.000000 -0.003969 -0.162145 -0.076697 0.083708 -0.065378 0.036308 0.993680 0.003323
1403638133145096960.000000 -0.000465 -0.157937 -0.073663 0.079321 -0.063231 0.031415 0.994346 0.000000
1403638133195097088.000000 0.003650 -0.154502 -0.072086 0.077495 -0.056840 0.028483 0.994964 0.000000
1403638133245096960.000000 0.007754 -0.150198 -0.069288 0.077124 -0.049073 0.029221 0.995384 0.003305
1403638133295097088.000000 0.015495 -0.144457 -0.065619 0.076082 -0.038344 0.028193 0.995965 0.000000
1403638133345096960.000000 0.024198 -0.139490 -0.062608 0.071485 -0.029020 0.026203 0.996675 0.000000
1403638133395097088.000000 0.032547 -0.135045 -0.060777 0.066396 -0.019659 0.024344 0.997303 0.104232
1403638133445096960.000000 0.041975 -0.129743 -0.058956 0.062536 -0.007535 0.022693 0.997756 0.000000
1403638133495097088.000000 0.051117 -0.125450 -0.057488 0.061072 0.004188 0.025091 0.997809 0.000000
1403638133545096960.000000 0.061739 -0.121499 -0.056808 0.060101 0.015283 0.031438 0.997580 0.061316
1403638133595097088.000000 0.071011 -0.116630 -0.056613 0.057279 0.022736 0.039360 0.997323 0.000000
1403638133645096960.000000 0.079463 -0.112600 -0.057708 0.053473 0.027670 0.047466 0.997057 0.000000
1403638133695097088.000000 0.087652 -0.107364 -0.057824 0.049788 0.033620 0.053279 0.996771 0.062686
1403638133745096960.000000 0.093059 -0.102727 -0.057283 0.046634 0.042939 0.056345 0.996397 0.000000
1403638133795097088.000000 0.101718 -0.097029 -0.055721 0.045182 0.052944 0.057119 0.995938 0.000000
1403638133845096960.000000 0.109310 -0.092399 -0.055112 0.042501 0.063162 0.055106 0.995574 0.060747
1403638133895097088.000000 0.114163 -0.088826 -0.053224 0.039536 0.070576 0.054546 0.995229 0.000000
1403638133945096960.000000 0.117174 -0.086310 -0.050761 0.038963 0.076268 0.055160 0.994798 0.000000
1403638133995097088.000000 0.117900 -0.085753 -0.047428 0.040023 0.079535 0.055381 0.994487 0.003553
1403638134045096960.000000 0.116183 -0.085996 -0.043424 0.039360 0.080322 0.053763 0.994539 0.000000
1403638134095097088.000000 0.112922 -0.086741 -0.038403 0.035668 0.079159 0.049396 0.994998 0.000000
1403638134145096960.000000 0.108259 -0.088036 -0.032997 0.032498 0.077875 0.044156 0.995454 0.003669
1403638134195097088.000000 0.104683 -0.092246 -0.030522 0.033842 0.077823 0.042633 0.995480 0.000000
1403638134245096960.000000 0.096346 -0.096593 -0.024019 0.042197 0.078821 0.046694 0.994900 0.000000
1403638134295097088.000000 0.089512 -0.101791 -0.019435 0.048671 0.079344 0.051383 0.994332 0.003468
1403638134345096960.000000 0.082095 -0.106512 -0.013891 0.048529 0.077575 0.056170 0.994219 0.000000
1403638134395097088.000000 0.072596 -0.109923 -0.006139 0.045984 0.074665 0.060383 0.994316 0.000000
1403638134445096960.000000 0.063975 -0.112904 -0.000334 0.043246 0.072437 0.063841 0.994388 0.003494
1403638134495097088.000000 0.055234 -0.115781 0.006212 0.043781 0.070870 0.067698 0.994222 0.000000
1403638134545096960.000000 0.045893 -0.118523 0.011000 0.044854 0.069160 0.072913 0.993926 0.000000
1403638134595097088.000000 0.038553 -0.120733 0.014384 0.046418 0.065172 0.077850 0.993749 0.084852
1403638134645096960.000000 0.029666 -0.123801 0.017255 0.044397 0.062840 0.079853 0.993833 0.000000
1403638134695097088.000000 0.018541 -0.126794 0.019772 0.040376 0.060774 0.079487 0.994162 0.000000
1403638134745096960.000000 0.010051 -0.127165 0.021357 0.034993 0.057443 0.078877 0.994613 0.003563
1403638134795097088.000000 -0.000188 -0.131238 0.022516 0.028488 0.055804 0.076061 0.995133 0.000000
1403638134845096960.000000 -0.008636 -0.132120 0.024180 0.025273 0.055510 0.072877 0.995474 0.000000
1403638134895097088.000000 -0.017404 -0.135276 0.025054 0.025626 0.055958 0.071337 0.995552 0.003505
1403638134945096960.000000 -0.026539 -0.138714 0.025996 0.029465 0.056462 0.071379 0.995414 0.000000
1403638134995097088.000000 -0.033615 -0.138909 0.026261 0.032544 0.056577 0.071942 0.995271 0.000000
1403638135045096960.000000 -0.040528 -0.140675 0.026124 0.030780 0.056586 0.068383 0.995577 0.003488
1403638135095097088.000000 -0.044753 -0.139527 0.025811 0.026557 0.055352 0.063633 0.996083 0.000000
1403638135145096960.000000 -0.049607 -0.139627 0.026361 0.022672 0.053416 0.059750 0.996525 0.000000
1403638135195097088.000000 -0.052812 -0.137070 0.027534 0.019814 0.052866 0.056703 0.996794 0.064168
1403638135245096960.000000 -0.053817 -0.134985 0.026806 0.016604 0.052844 0.054566 0.996973 0.000000
1403638135295097088.000000 -0.053288 -0.132146 0.026873 0.017173 0.053613 0.052983 0.997007 0.000000
1403638135345096960.000000 -0.052023 -0.130117 0.026452 0.019788 0.055192 0.053303 0.996856 0.003578
1403638135395097088.000000 -0.049395 -0.125316 0.025253 0.021653 0.057917 0.052882 0.996685 0.000000
1403638135445096960.000000 -0.045748 -0.123372 0.024559 0.020120 0.062331 0.049963 0.996601 0.000000
1403638135495097088.000000 -0.041228 -0.118669 0.023003 0.017485 0.065576 0.047087 0.996583 0.003662
1403638135545096960.000000 -0.036450 -0.115702 0.022180 0.012514 0.067816 0.046054 0.996556 0.000000
1403638135595097088.000000 -0.028597 -0.114343 0.020036 0.008792 0.072268 0.042863 0.996425 0.000000
1403638135645096960.000000 -0.021266 -0.112988 0.018546 0.010471 0.077047 0.042995 0.996045 0.059962
1403638135695097088.000000 -0.013099 -0.111660 0.015747 0.015030 0.082180 0.048185 0.995338 0.000000
1403638135745096960.000000 -0.005699 -0.110346 0.013765 0.019328 0.085472 0.055544 0.994603 0.000000
1403638135795097088.000000 0.002237 -0.108309 0.010462 0.019277 0.087145 0.060533 0.994168 0.003567
1403638135845096960.000000 0.010094 -0.105923 0.006122 0.016553 0.089324 0.058234 0.994161 0.000000
1403638135895097088.000000 0.017179 -0.102490 0.001292 0.010102 0.093052 0.051511 0.994277 0.000000
1403638135945096960.000000 0.023842 -0.100923 -0.003054 0.002963 0.096046 0.045289 0.994342 0.058720
1403638135995097088.000000 0.030592 -0.101839 -0.010412 -0.000042 0.100203 0.041374 0.994106 0.000000
1403638136045096960.000000 0.038038 -0.101491 -0.012946 0.003412 0.106039 0.039206 0.993583 0.000000
1403638136095097088.000000 0.046856 -0.104301 -0.020154 0.011625 0.111285 0.041279 0.992863 0.060916
1403638136145096960.000000 0.054581 -0.105823 -0.023566 0.020423 0.115216 0.047753 0.991982 0.000000
1403638136195097088.000000 0.062128 -0.106310 -0.029334 0.028319 0.117530 0.053939 0.991199 0.000000
1403638136245096960.000000 0.070601 -0.104348 -0.032254 0.030873 0.120704 0.056602 0.990593 0.003559
1403638136295097088.000000 0.081310 -0.102697 -0.036922 0.031356 0.125600 0.054897 0.990065 0.000000
1403638136345096960.000000 0.091630 -0.100914 -0.045899 0.029237 0.130658 0.052142 0.989624 0.000000
1403638136395097088.000000 0.097179 -0.095557 -0.043501 0.026968 0.133885 0.050493 0.989342 0.060570
1403638136445096960.000000 0.100654 -0.091635 -0.044592 0.023962 0.137403 0.048289 0.989047 0.000000
1403638136495097088.000000 0.103538 -0.089148 -0.044516 0.022022 0.140176 0.049195 0.988659 0.000000
1403638136545096960.000000 0.104264 -0.089129 -0.044086 0.019787 0.142021 0.055057 0.988133 0.003569
1403638136595097088.000000 0.103923 -0.090910 -0.046966 0.020046 0.141346 0.061408 0.987850 0.000000
1403638136645096960.000000 0.100632 -0.093965 -0.048791 0.021919 0.137279 0.066577 0.988049 0.000000
1403638136695097088.000000 0.096638 -0.095866 -0.049286 0.023592 0.131393 0.070376 0.988548 0.003639
1403638136745096960.000000 0.091631 -0.100982 -0.052911 0.023804 0.124325 0.072786 0.989282 0.000000
1403638136795097088.000000 0.084531 -0.106218 -0.056834 0.026039 0.115045 0.076520 0.990066 0.000000
1403638136845096960.000000 0.073899 -0.108395 -0.051263 0.031670 0.105460 0.082683 0.990474 0.060251
1403638136895097088.000000 0.062642 -0.111278 -0.048129 0.040174 0.096445 0.091194 0.990337 0.000000
1403638136945096960.000000 0.055254 -0.112852 -0.049349 0.050125 0.088543 0.099088 0.989863 0.000000
1403638136995097088.000000 0.049386 -0.112669 -0.047637 0.056995 0.082503 0.104302 0.989478 0.060799
1403638137045096960.000000 0.040299 -0.111054 -0.044112 0.059451 0.076867 0.106353 0.989569 0.000000
1403638137095097088.000000 0.033017 -0.107014 -0.040508 0.057241 0.073761 0.103396 0.990249 0.000000
1403638137145096960.000000 0.025529 -0.101661 -0.036729 0.052365 0.071772 0.097497 0.991262 0.003556
1403638137195097088.000000 0.018502 -0.094860 -0.032336 0.045436 0.068892 0.090650 0.992458 0.000000
1403638137245096960.000000 0.012213 -0.086991 -0.028479 0.037533 0.066602 0.083106 0.993604 0.000000
1403638137295097088.000000 0.006568 -0.078988 -0.024520 0.032019 0.064252 0.076991 0.994444 0.066894
1403638137345096960.000000 0.001676 -0.070982 -0.021053 0.027652 0.061818 0.074093 0.994949 0.000000
1403638137395097088.000000 -0.002185 -0.062945 -0.017477 0.023384 0.062376 0.069536 0.995353 0.000000
1403638137445096960.000000 -0.005415 -0.055002 -0.013947 0.017177 0.064095 0.064166 0.995731 0.061878
1403638137495097088.000000 -0.008063 -0.047304 -0.010574 0.009954 0.066156 0.056976 0.996132 0.000000
1403638137545096960.000000 -0.010254 -0.040105 -0.007602 0.001411 0.068331 0.048760 0.996469 0.000000
1403638137595097088.000000 -0.011639 -0.033664 -0.004708 -0.005211 0.072224 0.039599 0.996588 0.067048
1403638137645096960.000000 -0.013008 -0.028426 -0.002283 -0.007558 0.074998 0.036062 0.996503 0.000000
1403638137695097088.000000 -0.013853 -0.023955 -0.000302 -0.006913 0.079006 0.035075 0.996233 0.000000
1403638137745096960.000000 -0.014505 -0.020110 0.001269 -0.004937 0.082510 0.035955 0.995929 0.087528
1403638137795097088.000000 -0.015111 -0.016552 0.002475 -0.006069 0.084278 0.038130 0.995694 0.000000
1403638137845096960.000000 -0.015523 -0.013251 0.003315 -0.009708 0.086019 0.036358 0.995583 0.000000
1403638137895097088.000000 -0.016035 -0.010180 0.004042 -0.016922 0.087576 0.031714 0.995509 0.070855
1403638137945096960.000000 -0.016409 -0.007413 0.004611 -0.025933 0.088675 0.026208 0.995378 0.000000
1403638137995097088.000000 -0.016954 -0.005341 0.005105 -0.033126 0.088042 0.022167 0.995319 0.000000
1403638138045096960.000000 -0.017314 -0.003950 0.005510 -0.035427 0.087867 0.018866 0.995323 0.099629
1403638138095097088.000000 -0.017567 -0.003098 0.005983 -0.033461 0.087685 0.018348 0.995417 0.000000
1403638138145096960.000000 -0.017415 -0.003367 0.006059 -0.024673 0.088898 0.022979 0.995470 0.000000
1403638138195097088.000000 -0.017244 -0.003223 0.006267 -0.018967 0.089890 0.026938 0.995407 0.003562
1403638138245096960.000000 -0.017135 -0.002749 0.006498 -0.015749 0.089583 0.029377 0.995421 0.000000
1403638138295097088.000000 -0.017097 -0.002622 0.006569 -0.012131 0.090173 0.030379 0.995389 0.000000
1403638138345096960.000000 -0.017260 -0.002583 0.006320 -0.008624 0.090874 0.029997 0.995373 0.003478
1403638138395097088.000000 -0.017308 -0.002577 0.006176 -0.003629 0.091200 0.030733 0.995352 0.000000
1403638138445096960.000000 -0.017309 -0.002424 0.005962 -0.003333 0.091334 0.029715 0.995371 0.000000
1403638138495097088.000000 -0.017200 -0.002414 0.006015 -0.003214 0.091398 0.029452 0.995374 0.003581
1403638138545096960.000000 -0.017280 -0.002459 0.006037 -0.002993 0.091250 0.029886 0.995375 0.000000
1403638138595097088.000000 -0.017257 -0.002391 0.006007 -0.003059 0.091309 0.029671 0.995376 0.000000
1403638138645096960.000000 -0.017329 -0.002410 0.006003 -0.002957 0.091187 0.030186 0.995372 0.003462
1403638138695097088.000000 -0.017382 -0.002424 0.006024 -0.002892 0.091093 0.030561 0.995369 0.000000
1403638138745096960.000000 -0.017347 -0.002417 0.006013 -0.002915 0.091082 0.030222 0.995381 0.000000
1403638138795097088.000000 -0.017337 -0.002382 0.005998 -0.003043 0.090980 0.030058 0.995394 0.003466
1403638138845096960.000000 -0.017315 -0.002377 0.006007 -0.002985 0.090939 0.029686 0.995409 0.000000
1403638138895097088.000000 -0.017544 -0.002515 0.006090 -0.002719 0.090589 0.031652 0.995382 0.000000
1403638138945096960.000000 -0.017359 -0.002401 0.006050 -0.003174 0.091022 0.030201 0.995386 0.003452
1403638138995097088.000000 -0.017506 -0.002448 0.006102 -0.002870 0.090677 0.031201 0.995387 0.000000
1403638139045096960.000000 -0.017416 -0.002428 0.006094 -0.002951 0.090876 0.030628 0.995387 0.000000
1403638139095097088.000000 -0.017440 -0.002444 0.006072 -0.003032 0.090783 0.030858 0.995388 0.003469
1403638139145096960.000000 -0.017469 -0.002453 0.006077 -0.002933 0.090760 0.030947 0.995387 0.000000
1403638139195097088.000000 -0.017409 -0.002431 0.006105 -0.003001 0.090894 0.030513 0.995389 0.000000
1403638139245096960.000000 -0.017504 -0.002470 0.006115 -0.002936 0.090686 0.031194 0.995387 0.003460
1403638139295097088.000000 -0.017403 -0.002433 0.006088 -0.002979 0.090906 0.030438 0.995390 0.000000
1403638139345096960.000000 -0.017494 -0.002456 0.006097 -0.002969 0.090722 0.031100 0.995386 0.000000
1403638139395097088.000000 -0.017422 -0.002448 0.006121 -0.002974 0.090876 0.030631 0.995387 0.003475
1403638139445096960.000000 -0.017460 -0.002453 0.006103 -0.002948 0.090769 0.030873 0.995389 0.000000
1403638139495097088.000000 -0.017464 -0.002456 0.006044 -0.002999 0.090842 0.030768 0.995386 0.000000
1403638139545096960.000000 -0.017450 -0.002453 0.006069 -0.002985 0.090826 0.030742 0.995388 0.003464
1403638139595097088.000000 -0.017456 -0.002459 0.006080 -0.002955 0.090790 0.030870 0.995387 0.000000
1403638139645096960.000000 -0.017441 -0.002449 0.006090 -0.002962 0.090837 0.030746 0.995387 0.000000
1403638139695097088.000000 -0.017472 -0.002455 0.006059 -0.002980 0.090793 0.030841 0.995388 0.003460
1403638139745096960.000000 -0.017434 -0.002452 0.006088 -0.002974 0.090841 0.030739 0.995386 0.000000
1403638139795097088.000000 -0.017463 -0.002454 0.006105 -0.002990 0.090789 0.030886 0.995387 0.000000
1403638139845096960.000000 -0.017448 -0.002438 0.006093 -0.003027 0.090842 0.030720 0.995387 0.003456
1403638139895097088.000000 -0.017459 -0.002456 0.006096 -0.002999 0.090830 0.030828 0.995385 0.000000
1403638139945096960.000000 -0.017460 -0.002447 0.006082 -0.003008 0.090862 0.030784 0.995383 0.000000
1403638139995097088.000000 -0.017464 -0.002446 0.006075 -0.003017 0.090836 0.030785 0.995385 0.003460
1403638140045096960.000000 -0.017462 -0.002450 0.006081 -0.003017 0.090827 0.030880 0.995383 0.000000
1403638140095097088.000000 -0.017454 -0.002449 0.006064 -0.003017 0.090841 0.030836 0.995383 0.000000
1403638140145096960.000000 -0.017473 -0.002438 0.006049 -0.003004 0.090851 0.030830 0.995383 0.003444
1403638140195097088.000000 -0.017458 -0.002442 0.006086 -0.003004 0.090845 0.030844 0.995383 0.000000
1403638140245096960.000000 -0.017478 -0.002449 0.006059 -0.003016 0.090865 0.030830 0.995381 0.000000
1403638140295097088.000000 -0.017456 -0.002437 0.006088 -0.003003 0.090832 0.030846 0.995384 0.003457
1403638140345096960.000000 -0.017456 -0.002435 0.006100 -0.003000 0.090849 0.030855 0.995382 0.000000
1403638140395097088.000000 -0.017470 -0.002430 0.006091 -0.002962 0.090842 0.030854 0.995383 0.000000
1403638140445096960.000000 -0.017456 -0.002429 0.006106 -0.002990 0.090843 0.030842 0.995383 0.003465
1403638140495097088.000000 -0.017474 -0.002437 0.006102 -0.003028 0.090857 0.030857 0.995381 0.000000
1403638140545096960.000000 -0.017466 -0.002435 0.006099 -0.003010 0.090839 0.030872 0.995382 0.000000
1403638140595097088.000000 -0.017447 -0.002444 0.006107 -0.003007 0.090834 0.030876 0.995383 0.003463
1403638140645096960.000000 -0.017457 -0.002442 0.006094 -0.003005 0.090832 0.030911 0.995382 0.000000
1403638140695097088.000000 -0.017449 -0.002432 0.006074 -0.003004 0.090829 0.030870 0.995383 0.000000
1403638140745096960.000000 -0.017452 -0.002438 0.006073 -0.003001 0.090814 0.030893 0.995384 0.003453
1403638140795097088.000000 -0.017442 -0.002426 0.006076 -0.003016 0.090854 0.030812 0.995383 0.000000
1403638140845096960.000000 -0.017435 -0.002467 0.006090 -0.003044 0.090862 0.030802 0.995382 0.000000
1403638140895097088.000000 -0.017465 -0.002419 0.006012 -0.003017 0.090873 0.030751 0.995383 0.003458
1403638140945096960.000000 -0.017471 -0.002411 0.006008 -0.003007 0.090886 0.030767 0.995381 0.000000
1403638140995097088.000000 -0.017432 -0.002399 0.006067 -0.003031 0.090816 0.030783 0.995387 0.000000
1403638141045096960.000000 -0.017448 -0.002404 0.006035 -0.003032 0.090844 0.030887 0.995381 0.003450
1403638141095097088.000000 -0.017421 -0.002383 0.006045 -0.002992 0.090796 0.030882 0.995386 0.000000
1403638141145096960.000000 -0.017424 -0.002386 0.006086 -0.003029 0.090843 0.030841 0.995383 0.000000
1403638141195097088.000000 -0.017428 -0.002392 0.006060 -0.003015 0.090855 0.030905 0.995380 0.003458
1403638141245096960.000000 -0.017420 -0.002398 0.006046 -0.003033 0.090857 0.030793 0.995383 0.000000
1403638141295097088.000000 -0.017416 -0.002406 0.006033 -0.003016 0.090869 0.030864 0.995380 0.000000
1403638141345096960.000000 -0.017417 -0.002409 0.006044 -0.003041 0.090857 0.030823 0.995382 0.003468
1403638141395097088.000000 -0.017441 -0.002401 0.006025 -0.003019 0.090834 0.030788 0.995385 0.000000
1403638141445096960.000000 -0.017429 -0.002410 0.006058 -0.003057 0.090835 0.030853 0.995383 0.000000
1403638141495097088.000000 -0.017439 -0.002428 0.006067 -0.003025 0.090855 0.030890 0.995380 0.003457
1403638141545096960.000000 -0.017421 -0.002413 0.006050 -0.003030 0.090877 0.030833 0.995380 0.000000
1403638141595097088.000000 -0.017436 -0.002431 0.006068 -0.002998 0.090829 0.030871 0.995383 0.000000
1403638141645096960.000000 -0.017429 -0.002438 0.006028 -0.003041 0.090795 0.030955 0.995384 0.003462
1403638141695097088.000000 -0.017429 -0.002420 0.006031 -0.003033 0.090826 0.030865 0.995384 0.000000
1403638141745096960.000000 -0.017444 -0.002425 0.006042 -0.003033 0.090824 0.030902 0.995383 0.000000
1403638141795097088.000000 -0.017431 -0.002434 0.006043 -0.003042 0.090821 0.030931 0.995382 0.003450
1403638141845096960.000000 -0.017451 -0.002440 0.006027 -0.003042 0.090830 0.030864 0.995383 0.000000
1403638141895097088.000000 -0.017443 -0.002434 0.006049 -0.003034 0.090857 0.030838 0.995382 0.000000
1403638141945096960.000000 -0.017430 -0.002407 0.006082 -0.003044 0.090918 0.030874 0.995375 0.003467
1403638141995097088.000000 -0.017426 -0.002438 0.005985 -0.003063 0.090814 0.030740 0.995389 0.000000
1403638142045096960.000000 -0.017471 -0.002367 0.006038 -0.003003 0.090799 0.030899 0.995385 0.000000
1403638142095097088.000000 -0.017448 -0.002433 0.006029 -0.003021 0.090750 0.030922 0.995389 0.003464
1403638142145096960.000000 -0.017448 -0.002416 0.006045 -0.003008 0.090663 0.030971 0.995395 0.000000
1403638142195097088.000000 -0.017433 -0.002451 0.006016 -0.002997 0.090947 0.030986 0.995369 0.000000
1403638142245096960.000000 -0.017386 -0.002447 0.006053 -0.003078 0.091254 0.031077 0.995338 0.003442
1403638142295097088.000000 -0.017373 -0.002451 0.006069 -0.003050 0.091428 0.031100 0.995321 0.000000
1403638142345096960.000000 -0.017406 -0.002382 0.006025 -0.003058 0.091253 0.031043 0.995339 0.000000
1403638142395097088.000000 -0.017382 -0.002415 0.006039 -0.003012 0.091267 0.031088 0.995336 0.003481
1403638142445096960.000000 -0.017418 -0.002385 0.006037 -0.003073 0.091075 0.030959 0.995358 0.000000
1403638142495097088.000000 -0.017441 -0.002404 0.006025 -0.003061 0.091058 0.030998 0.995358 0.000000
1403638142545096960.000000 -0.017455 -0.002422 0.006069 -0.003012 0.090853 0.030960 0.995378 0.003464
1403638142595097088.000000 -0.017489 -0.002420 0.006071 -0.002983 0.090458 0.030871 0.995417 0.000000
1403638142645096960.000000 -0.017478 -0.002425 0.006057 -0.003036 0.090565 0.030840 0.995408 0.000000
1403638142695097088.000000 -0.017481 -0.002414 0.006052 -0.002997 0.090524 0.030825 0.995413 0.003455
1403638142745096960.000000 -0.017478 -0.002415 0.006026 -0.002984 0.090669 0.030895 0.995397 0.000000
1403638142795097088.000000 -0.017437 -0.002421 0.006065 -0.003034 0.091005 0.030847 0.995368 0.000000
1403638142845096960.000000 -0.017441 -0.002407 0.006056 -0.003007 0.090896 0.030894 0.995377 0.003586
1403638142895097088.000000 -0.017441 -0.002406 0.006031 -0.002996 0.090921 0.030781 0.995378 0.000000
1403638142945096960.000000 -0.017461 -0.002421 0.006076 -0.003015 0.090727 0.030723 0.995397 0.000000
1403638142995097088.000000 -0.017472 -0.002402 0.006020 -0.002994 0.090569 0.030541 0.995417 0.003456
1403638143045096960.000000 -0.017467 -0.002402 0.006008 -0.003006 0.090579 0.030658 0.995413 0.000000
1403638143095097088.000000 -0.017444 -0.002397 0.006034 -0.003056 0.090626 0.030528 0.995412 0.000000
1403638143145096960.000000 -0.017467 -0.002398 0.006046 -0.002988 0.090622 0.030640 0.995409 0.003462
1403638143195097088.000000 -0.017439 -0.002399 0.006052 -0.003042 0.090638 0.030724 0.995405 0.000000
1403638143245096960.000000 -0.017438 -0.002391 0.006077 -0.002992 0.090728 0.030638 0.995400 0.000000
1403638143295097088.000000 -0.017429 -0.002370 0.006062 -0.003000 0.090743 0.030704 0.995396 0.003457
1403638143345096960.000000 -0.017427 -0.002385 0.006035 -0.003034 0.090756 0.030619 0.995398 0.000000
1403638143395097088.000000 -0.017443 -0.002402 0.006048 -0.002981 0.090740 0.030709 0.995397 0.000000
1403638143445096960.000000 -0.017428 -0.002414 0.006076 -0.003010 0.090785 0.030696 0.995393 0.003458
1403638143495097088.000000 -0.017436 -0.002399 0.006041 -0.003011 0.090801 0.030738 0.995390 0.000000
1403638143545096960.000000 -0.017449 -0.002396 0.006008 -0.002989 0.090845 0.030700 0.995387 0.000000
1403638143595097088.000000 -0.017419 -0.002388 0.006061 -0.002999 0.090995 0.030775 0.995371 0.003458
1403638143645096960.000000 -0.017430 -0.002403 0.006075 -0.003020 0.090905 0.030853 0.995377 0.000000
1403638143695097088.000000 -0.017424 -0.002396 0.006072 -0.002998 0.090890 0.030874 0.995378 0.000000
1403638143745096960.000000 -0.017443 -0.002402 0.006054 -0.003008 0.090907 0.030787 0.995379 0.003484
1403638143795097088.000000 -0.017455 -0.002436 0.006035 -0.002996 0.090852 0.030764 0.995385 0.000000
1403638143845096960.000000 -0.017461 -0.002435 0.006074 -0.002974 0.090826 0.030838 0.995385 0.000000
1403638143895097088.000000 -0.017440 -0.002414 0.006057 -0.003002 0.090885 0.030801 0.995380 0.003456
1403638143945096960.000000 -0.017442 -0.002438 0.006076 -0.002976 0.090888 0.030774 0.995381 0.000000
1403638143995097088.000000 -0.017437 -0.002418 0.006089 -0.002985 0.090875 0.030852 0.995380 0.000000
1403638144045096960.000000 -0.017442 -0.002407 0.006054 -0.002990 0.090872 0.030854 0.995380 0.003461
1403638144095097088.000000 -0.017435 -0.002420 0.006035 -0.003022 0.090878 0.030819 0.995381 0.000000
1403638144145096960.000000 -0.017425 -0.002410 0.006063 -0.003024 0.090895 0.030835 0.995378 0.000000
1403638144195097088.000000 -0.017428 -0.002416 0.006019 -0.003018 0.090923 0.030766 0.995378 0.003459
1403638144245096960.000000 -0.017429 -0.002404 0.006072 -0.002977 0.090881 0.030830 0.995380 0.000000
1403638144295097088.000000 -0.017427 -0.002413 0.006017 -0.003015 0.090854 0.030819 0.995383 0.000000
1403638144345096960.000000 -0.017443 -0.002443 0.006097 -0.003036 0.090826 0.030884 0.995383 0.003461
1403638144395097088.000000 -0.017433 -0.002413 0.006048 -0.003016 0.090826 0.030845 0.995384 0.000000
1403638144445096960.000000 -0.017427 -0.002425 0.005996 -0.003019 0.090842 0.030771 0.995385 0.000000
1403638144495097088.000000 -0.017415 -0.002401 0.006093 -0.002997 0.090863 0.030931 0.995378 0.003487
1403638144545096960.000000 -0.017430 -0.002380 0.006070 -0.002989 0.090872 0.031045 0.995374 0.000000
1403638144595097088.000000 -0.017428 -0.002401 0.006040 -0.003008 0.090815 0.030980 0.995381 0.000000
1403638144645096960.000000 -0.017418 -0.002392 0.006063 -0.002992 0.090834 0.030880 0.995383 0.003466
1403638144695097088.000000 -0.017448 -0.002443 0.006022 -0.002987 0.090812 0.030704 0.995390 0.000000
1403638144745096960.000000 -0.017441 -0.002444 0.006041 -0.003038 0.090823 0.030713 0.995389 0.000000
1403638144795097088.000000 -0.017457 -0.002419 0.006004 -0.003003 0.090820 0.030796 0.995387 0.003350
1403638144845096960.000000 -0.017431 -0.002423 0.006038 -0.003009 0.090827 0.030748 0.995387 0.000000
1403638144895097088.000000 -0.017456 -0.002430 0.006006 -0.003009 0.090819 0.030779 0.995387 0.000000
1403638144945096960.000000 -0.017438 -0.002443 0.006070 -0.003065 0.090853 0.030737 0.995385 0.003287
1403638144995097088.000000 -0.017456 -0.002467 0.006009 -0.002951 0.090797 0.030895 0.995386 0.000000
1403638145045096960.000000 -0.017444 -0.002432 0.006066 -0.003046 0.090808 0.030827 0.995387 0.000000
1403638145095097088.000000 -0.017444 -0.002472 0.006039 -0.002992 0.090850 0.030814 0.995383 0.003291
1403638145145096960.000000 -0.017458 -0.002443 0.006032 -0.003058 0.090885 0.030739 0.995382 0.000000
1403638145195097088.000000 -0.017442 -0.002436 0.006121 -0.002939 0.090850 0.030846 0.995382 0.000000
1403638145245096960.000000 -0.017440 -0.002447 0.006052 -0.003055 0.090891 0.030705 0.995383 0.003295
1403638145295097088.000000 -0.017438 -0.002436 0.006120 -0.002989 0.090843 0.030871 0.995382 0.000000
1403638145345096960.000000 -0.017447 -0.002458 0.006119 -0.003016 0.090856 0.030809 0.995383 0.000000
1403638145395097088.000000 -0.017416 -0.002438 0.006105 -0.002998 0.090922 0.030824 0.995376 0.003310
1403638145445096960.000000 -0.017416 -0.002421 0.006054 -0.002954 0.090927 0.030855 0.995375 0.000000
1403638145495097088.000000 -0.017437 -0.002436 0.006093 -0.002979 0.090880 0.030917 0.995377 0.000000
1403638145545096960.000000 -0.017431 -0.002447 0.006072 -0.002915 0.090897 0.030887 0.995377 0.003283
1403638145595097088.000000 -0.017452 -0.002442 0.006069 -0.002971 0.090892 0.030876 0.995378 0.000000
1403638145645096960.000000 -0.017453 -0.002429 0.006057 -0.002976 0.090876 0.030888 0.995379 0.000000
1403638145695097088.000000 -0.017444 -0.002434 0.006065 -0.002915 0.090864 0.030896 0.995380 0.003286
1403638145745096960.000000 -0.017450 -0.002436 0.006096 -0.002959 0.090833 0.030902 0.995382 0.000000
1403638145795097088.000000 -0.017438 -0.002431 0.006051 -0.003005 0.090860 0.030818 0.995382 0.000000
1403638145845096960.000000 -0.017459 -0.002444 0.006055 -0.002945 0.090816 0.030899 0.995384 0.003284
1403638145895097088.000000 -0.017445 -0.002431 0.006069 -0.002950 0.090846 0.030843 0.995383 0.000000
1403638145945096960.000000 -0.017438 -0.002425 0.006082 -0.002962 0.090843 0.030934 0.995380 0.000000
1403638145995097088.000000 -0.017442 -0.002441 0.006072 -0.002932 0.090815 0.030877 0.995385 0.003289
1403638146045096960.000000 -0.017453 -0.002430 0.006064 -0.002929 0.090770 0.030905 0.995388 0.000000
1403638146095097088.000000 -0.017456 -0.002435 0.006061 -0.002931 0.090774 0.030848 0.995389 0.000000
1403638146145096960.000000 -0.017449 -0.002440 0.006041 -0.002932 0.090769 0.030852 0.995390 0.003284
1403638146195097088.000000 -0.017436 -0.002443 0.006076 -0.002924 0.090801 0.030871 0.995386 0.000000
1403638146245096960.000000 -0.017461 -0.002442 0.006044 -0.002943 0.090829 0.030845 0.995384 0.000000
1403638146295097088.000000 -0.017459 -0.002454 0.006051 -0.002886 0.090835 0.030872 0.995383 0.003778
1403638146345096960.000000 -0.017439 -0.002454 0.006075 -0.002911 0.090832 0.030916 0.995382 0.000000
1403638146395097088.000000 -0.017439 -0.002451 0.006067 -0.002882 0.090799 0.030876 0.995386 0.000000
1403638146445096960.000000 -0.017437 -0.002463 0.006072 -0.002910 0.090815 0.030888 0.995384 0.003416
1403638146495097088.000000 -0.017427 -0.002468 0.006066 -0.002912 0.090833 0.030855 0.995384 0.000000
1403638146545096960.000000 -0.017423 -0.002466 0.006071 -0.002861 0.090813 0.030850 0.995386 0.000000
1403638146595097088.000000 -0.017415 -0.002456 0.006079 -0.002904 0.090819 0.030921 0.995383 0.003407
1403638146645096960.000000 -0.017429 -0.002461 0.006093 -0.002914 0.090858 0.030902 0.995380 0.000000
1403638146695097088.000000 -0.017424 -0.002459 0.006080 -0.002873 0.090852 0.030926 0.995380 0.000000
1403638146745096960.000000 -0.017430 -0.002461 0.006096 -0.002904 0.090826 0.030863 0.995384 0.003287
1403638146795097088.000000 -0.017444 -0.002477 0.006095 -0.002890 0.090792 0.030910 0.995386 0.000000
1403638146845096960.000000 -0.017448 -0.002464 0.006123 -0.002853 0.090826 0.030871 0.995384 0.000000
1403638146895097088.000000 -0.017445 -0.002471 0.006103 -0.002807 0.090762 0.030833 0.995391 0.003371
1403638146945096960.000000 -0.017433 -0.002462 0.006098 -0.002925 0.090743 0.030902 0.995391 0.000000
1403638146995097088.000000 -0.017434 -0.002468 0.006105 -0.002915 0.090807 0.030825 0.995387 0.000000
1403638147045096960.000000 -0.017450 -0.002456 0.006106 -0.003004 0.090769 0.030856 0.995389 0.003321
1403638147095097088.000000 -0.017502 -0.002443 0.006090 -0.003091 0.090631 0.030907 0.995400 0.000000
1403638147145096960.000000 -0.017525 -0.002443 0.006102 -0.003219 0.090502 0.031016 0.995408 0.000000
1403638147195097088.000000 -0.017495 -0.002425 0.006130 -0.003232 0.090567 0.030859 0.995407 0.003284
1403638147245096960.000000 -0.017524 -0.002447 0.006146 -0.003242 0.090509 0.030983 0.995408 0.000000
1403638147295097088.000000 -0.017516 -0.002449 0.006135 -0.003197 0.090537 0.030974 0.995406 0.000000
1403638147345096960.000000 -0.017508 -0.002478 0.006136 -0.003131 0.090596 0.030951 0.995402 0.003382
1403638147395097088.000000 -0.017503 -0.002490 0.006111 -0.003117 0.090566 0.030979 0.995404 0.000000
1403638147445096960.000000 -0.017477 -0.002495 0.006120 -0.003023 0.090584 0.031029 0.995401 0.000000
1403638147495097088.000000 -0.017469 -0.002556 0.006112 -0.002209 0.090369 0.030884 0.995427 0.003289
1403638147545096960.000000 -0.017414 -0.002587 0.006128 -0.002144 0.090463 0.031116 0.995411 0.000000
1403638147595097088.000000 -0.017490 -0.002631 0.006043 -0.001500 0.090067 0.031181 0.995446 0.000000
1403638147645096960.000000 -0.017432 -0.002577 0.006116 -0.001990 0.089811 0.030654 0.995485 0.003282
1403638147695097088.000000 -0.017484 -0.002634 0.006156 -0.001705 0.089236 0.030714 0.995535 0.000000
1403638147745096960.000000 -0.017394 -0.002876 0.006379 -0.000821 0.088966 0.030948 0.995553 0.000000
1403638147795097088.000000 -0.017214 -0.003420 0.006912 0.002257 0.090011 0.031024 0.995455 0.069710
1403638147845096960.000000 -0.016841 -0.004388 0.007583 0.006769 0.092111 0.031363 0.995232 0.000000
1403638147895097088.000000 -0.015710 -0.044183 -0.001450 0.010975 0.093886 0.031883 0.995012 0.000000
1403638147945096960.000000 -0.015927 -0.008713 0.009588 0.020938 0.095388 0.032204 0.994699 0.070778
1403638147995097088.000000 -0.015501 -0.012021 0.010562 0.026019 0.095748 0.033291 0.994509 0.000000
1403638148045096960.000000 -0.014971 -0.016217 0.011441 0.030784 0.096545 0.031960 0.994339 0.000000
1403638148095097088.000000 -0.014525 -0.021353 0.011993 0.034825 0.096239 0.032164 0.994229 0.070934
1403638148145096960.000000 -0.013965 -0.027134 0.012286 0.037892 0.096064 0.030230 0.994194 0.000000
1403638148195097088.000000 -0.013467 -0.034167 0.012090 0.039959 0.095135 0.029284 0.994231 0.000000
1403638148245096960.000000 -0.013059 -0.042682 0.011117 0.040636 0.093548 0.029014 0.994362 0.070311
1403638148295097088.000000 -0.012679 -0.052781 0.009205 0.040689 0.092130 0.027775 0.994528 0.000000
1403638148345096960.000000 -0.012282 -0.064071 0.006712 0.041984 0.090591 0.027031 0.994636 0.000000
1403638148395097088.000000 -0.011927 -0.074851 0.004314 0.041518 0.089259 0.026238 0.994797 0.070964
1403638148445096960.000000 -0.011512 -0.083733 0.002796 0.040280 0.088209 0.025209 0.994968 0.000000
1403638148495097088.000000 -0.011144 -0.090274 0.001571 0.035195 0.087433 0.023754 0.995265 0.000000
1403638148545096960.000000 -0.010989 -0.094636 0.001644 0.031807 0.087054 0.022275 0.995447 0.003552
1403638148595097088.000000 -0.010946 -0.096734 0.002755 0.028157 0.086074 0.021649 0.995655 0.000000
1403638148645096960.000000 -0.011070 -0.096814 0.005532 0.024634 0.085128 0.020758 0.995849 0.000000
1403638148695097088.000000 -0.011140 -0.096460 0.007593 0.021831 0.084004 0.020492 0.996015 0.099814
1403638148745096960.000000 -0.011366 -0.096131 0.010470 0.019441 0.082532 0.020724 0.996183 0.000000
1403638148795097088.000000 -0.011595 -0.096788 0.012947 0.017426 0.081459 0.020713 0.996309 0.000000
1403638148845096960.000000 -0.012085 -0.098660 0.015816 0.016663 0.080219 0.020819 0.996421 0.003584
1403638148895097088.000000 -0.012501 -0.101970 0.018470 0.016245 0.079446 0.020331 0.996499 0.000000
1403638148945096960.000000 -0.012923 -0.106957 0.020531 0.017582 0.078622 0.020378 0.996541 0.000000
1403638148995097088.000000 -0.013388 -0.112963 0.022766 0.019663 0.077738 0.020016 0.996579 0.003474
1403638149045096960.000000 -0.014435 -0.120917 0.024560 0.023252 0.077169 0.019466 0.996557 0.000000
1403638149095097088.000000 -0.014794 -0.129341 0.026302 0.026409 0.076732 0.018746 0.996526 0.000000
1403638149145096960.000000 -0.017951 -0.139198 0.027642 0.029002 0.076535 0.018324 0.996477 0.073334
1403638149195097088.000000 -0.018972 -0.147994 0.030133 0.030543 0.076291 0.018316 0.996449 0.000000
1403638149245096960.000000 -0.020552 -0.157326 0.032661 0.032078 0.075852 0.018766 0.996426 0.000000
1403638149295097088.000000 -0.021265 -0.167293 0.033985 0.032740 0.075243 0.020451 0.996418 0.003548
1403638149345096960.000000 -0.021919 -0.176044 0.035556 0.033996 0.074632 0.021209 0.996406 0.000000
1403638149395097088.000000 -0.023716 -0.184019 0.037877 0.034968 0.074609 0.020862 0.996381 0.000000
1403638149445096960.000000 -0.024828 -0.191947 0.040290 0.035492 0.074415 0.021099 0.996372 0.003484
1403638149495097088.000000 -0.026501 -0.199072 0.043402 0.036239 0.074730 0.020144 0.996342 0.000000
1403638149545096960.000000 -0.028155 -0.205017 0.046583 0.036537 0.074854 0.019567 0.996333 0.000000
1403638149595097088.000000 -0.029477 -0.210548 0.050171 0.036586 0.074501 0.018544 0.996377 0.003459
1403638149645096960.000000 -0.030600 -0.215036 0.053726 0.036381 0.072635 0.017557 0.996540 0.000000
1403638149695097088.000000 -0.032105 -0.219606 0.057246 0.036666 0.069448 0.016366 0.996777 0.000000
1403638149745096960.000000 -0.034343 -0.224172 0.060271 0.036877 0.066704 0.014325 0.996988 0.003457
1403638149795097088.000000 -0.036567 -0.227985 0.064105 0.036628 0.063776 0.013671 0.997198 0.000000
1403638149845096960.000000 -0.038262 -0.230985 0.067876 0.036218 0.061291 0.012455 0.997385 0.000000
1403638149895097088.000000 -0.040692 -0.233245 0.071868 0.036916 0.059157 0.011963 0.997494 0.101172
1403638149945096960.000000 -0.043165 -0.235462 0.076061 0.036448 0.057585 0.010797 0.997617 0.000000
1403638149995097088.000000 -0.044830 -0.237562 0.080349 0.036221 0.056357 0.009035 0.997713 0.000000
1403638150045096960.000000 -0.047980 -0.239014 0.084799 0.036244 0.056943 0.004736 0.997708 0.003707
1403638150095097088.000000 -0.050184 -0.239103 0.089774 0.035838 0.057518 0.000323 0.997701 0.000000
1403638150145096960.000000 -0.052613 -0.238206 0.095399 0.035431 0.058483 -0.004686 0.997648 0.000000
1403638150195097088.000000 -0.055904 -0.237670 0.100451 0.035156 0.059455 -0.008816 0.997573 0.003485
1403638150245096960.000000 -0.059087 -0.235908 0.106138 0.035478 0.060614 -0.012823 0.997448 0.000000
1403638150295097088.000000 -0.064014 -0.234663 0.111587 0.033200 0.060372 -0.012785 0.997542 0.000000
1403638150345096960.000000 -0.069589 -0.232537 0.117602 0.030266 0.060267 -0.012557 0.997644 0.003469
1403638150395097088.000000 -0.075378 -0.230694 0.123382 0.025939 0.057877 -0.010278 0.997934 0.000000
1403638150445096960.000000 -0.081158 -0.230097 0.128876 0.019891 0.053290 -0.006603 0.998359 0.000000
1403638150495097088.000000 -0.087323 -0.229461 0.133902 0.016367 0.047774 -0.003889 0.998716 0.003464
1403638150545096960.000000 -0.095108 -0.229623 0.139986 0.012567 0.042879 -0.003401 0.998995 0.000000
1403638150595097088.000000 -0.102179 -0.232926 0.144629 0.010028 0.038214 -0.002970 0.999215 0.000000
1403638150645096960.000000 -0.108988 -0.235429 0.150082 0.009220 0.033862 -0.002618 0.999381 0.105445
1403638150695097088.000000 -0.116648 -0.239385 0.155783 0.009944 0.030510 -0.002918 0.999481 0.000000
1403638150745096960.000000 -0.124053 -0.244211 0.161084 0.010682 0.027154 -0.004242 0.999565 0.000000
1403638150795097088.000000 -0.131938 -0.248775 0.167575 0.012260 0.023606 -0.006503 0.999625 0.003558
1403638150845096960.000000 -0.140772 -0.256117 0.172910 0.014097 0.019134 -0.009219 0.999675 0.000000
1403638150895097088.000000 -0.147275 -0.261199 0.179587 0.016939 0.014754 -0.012057 0.999675 0.000000
1403638150945096960.000000 -0.155362 -0.268959 0.186051 0.019610 0.011066 -0.014372 0.999643 0.068510
1403638150995097088.000000 -0.164254 -0.273748 0.193659 0.024268 0.006687 -0.016628 0.999545 0.000000
1403638151045096960.000000 -0.171394 -0.277843 0.201666 0.025425 0.001240 -0.019806 0.999480 0.000000
1403638151095097088.000000 -0.181181 -0.281923 0.209620 0.028044 -0.005136 -0.023761 0.999311 0.003570
1403638151145096960.000000 -0.190263 -0.286458 0.218129 0.030415 -0.013071 -0.028717 0.999039 0.000000
1403638151195097088.000000 -0.199931 -0.290124 0.226110 0.031152 -0.022700 -0.033031 0.998711 0.000000
1403638151245096960.000000 -0.210494 -0.292694 0.234176 0.030536 -0.033753 -0.036837 0.998284 0.061882
1403638151295097088.000000 -0.221454 -0.295674 0.241202 0.029859 -0.044921 -0.040958 0.997704 0.000000
1403638151345096960.000000 -0.232872 -0.297567 0.249396 0.029164 -0.056470 -0.045609 0.996936 0.000000
1403638151395097088.000000 -0.243786 -0.299922 0.256774 0.029219 -0.068871 -0.049311 0.995978 0.081660
1403638151445096960.000000 -0.255448 -0.302723 0.264537 0.029157 -0.081379 -0.052238 0.994886 0.000000
1403638151495097088.000000 -0.266606 -0.306548 0.271114 0.029299 -0.093045 -0.056679 0.993615 0.000000
1403638151545096960.000000 -0.277978 -0.309345 0.279061 0.029868 -0.103875 -0.059972 0.992331 0.061156
1403638151595097088.000000 -0.288864 -0.313132 0.286998 0.029740 -0.113176 -0.063542 0.991095 0.000000
1403638151645096960.000000 -0.300955 -0.318548 0.293116 0.030517 -0.121099 -0.066157 0.989963 0.000000
1403638151695097088.000000 -0.312879 -0.323926 0.299519 0.030878 -0.127656 -0.068876 0.988942 0.060288
1403638151745096960.000000 -0.325323 -0.330176 0.306884 0.030831 -0.132806 -0.071361 0.988089 0.000000
1403638151795097088.000000 -0.337597 -0.337374 0.312297 0.030020 -0.136947 -0.073393 0.987400 0.000000
1403638151845096960.000000 -0.349739 -0.345426 0.318569 0.029698 -0.140369 -0.074548 0.986842 0.003545
1403638151895097088.000000 -0.360779 -0.353257 0.324042 0.029345 -0.142685 -0.075692 0.986433 0.000000
1403638151945096960.000000 -0.375033 -0.362310 0.329565 0.028830 -0.143610 -0.077964 0.986137 0.000000
1403638151995097088.000000 -0.388246 -0.371418 0.335200 0.028286 -0.144526 -0.078989 0.985938 0.084123
1403638152045096960.000000 -0.400759 -0.380360 0.340951 0.027772 -0.145183 -0.078979 0.985857 0.000000
1403638152095097088.000000 -0.413592 -0.388102 0.346871 0.027536 -0.145197 -0.079621 0.985809 0.000000
1403638152145096960.000000 -0.426641 -0.395505 0.352766 0.027836 -0.145048 -0.080486 0.985753 0.003555
1403638152195097088.000000 -0.439639 -0.402226 0.359609 0.027674 -0.145079 -0.080223 0.985774 0.000000
1403638152245096960.000000 -0.452878 -0.407621 0.366759 0.028388 -0.144427 -0.081556 0.985740 0.000000
1403638152295097088.000000 -0.467310 -0.413411 0.374066 0.028630 -0.143574 -0.082646 0.985767 0.003484
1403638152345096960.000000 -0.480840 -0.418610 0.381366 0.029449 -0.142313 -0.084118 0.985801 0.000000
1403638152395097088.000000 -0.495637 -0.422909 0.389290 0.029179 -0.141070 -0.085574 0.985863 0.000000
1403638152445096960.000000 -0.510751 -0.426793 0.397059 0.028878 -0.139735 -0.086563 0.985975 0.003480
1403638152495097088.000000 -0.525960 -0.429193 0.405363 0.028430 -0.138191 -0.088163 0.986064 0.000000
1403638152545096960.000000 -0.541590 -0.431487 0.413794 0.028858 -0.137862 -0.088223 0.986092 0.000000
1403638152595097088.000000 -0.557425 -0.434088 0.421961 0.028255 -0.137523 -0.087546 0.986217 0.003466
1403638152645096960.000000 -0.573227 -0.436232 0.430526 0.026243 -0.138527 -0.085330 0.986327 0.000000
1403638152695097088.000000 -0.590428 -0.438645 0.439090 0.024875 -0.140874 -0.083011 0.986228 0.000000
1403638152745096960.000000 -0.607623 -0.442019 0.447245 0.024683 -0.143916 -0.082888 0.985803 0.063408
1403638152795097088.000000 -0.624706 -0.446641 0.454593 0.025686 -0.148842 -0.081287 0.985180 0.000000
1403638152845096960.000000 -0.643192 -0.450543 0.461490 0.026882 -0.154386 -0.080873 0.984328 0.000000
1403638152895097088.000000 -0.661241 -0.456019 0.469162 0.030144 -0.161100 -0.080293 0.983205 0.062247
1403638152945096960.000000 -0.679112 -0.462420 0.475905 0.032724 -0.168288 -0.081545 0.981814 0.000000
1403638152995097088.000000 -0.697653 -0.469287 0.480768 0.032676 -0.175661 -0.083694 0.980342 0.000000
1403638153045096960.000000 -0.715452 -0.476562 0.486559 0.030589 -0.182852 -0.086448 0.978855 0.081112
1403638153095097088.000000 -0.732421 -0.484306 0.493202 0.027441 -0.189390 -0.089021 0.977473 0.000000
1403638153145096960.000000 -0.751824 -0.492828 0.498214 0.024332 -0.194452 -0.091724 0.976311 0.000000
1403638153195097088.000000 -0.770070 -0.500087 0.504973 0.022549 -0.198696 -0.094048 0.975278 0.003739
1403638153245096960.000000 -0.788045 -0.507494 0.511051 0.021254 -0.202204 -0.096248 0.974371 0.000000
1403638153295097088.000000 -0.805721 -0.514141 0.518511 0.020866 -0.206052 -0.099418 0.973254 0.000000
1403638153345096960.000000 -0.824610 -0.520220 0.525962 0.019818 -0.211098 -0.101388 0.971990 0.063148
1403638153395097088.000000 -0.843839 -0.526438 0.534033 0.019342 -0.216794 -0.104447 0.970421 0.000000
1403638153445096960.000000 -0.861779 -0.532175 0.541891 0.019186 -0.222617 -0.109522 0.968544 0.000000
1403638153495097088.000000 -0.880673 -0.538001 0.550179 0.019521 -0.227903 -0.116919 0.966441 0.003683
1403638153545096960.000000 -0.900364 -0.545176 0.557079 0.019526 -0.233360 -0.124833 0.964146 0.000000
1403638153595097088.000000 -0.919543 -0.553078 0.564520 0.019369 -0.240474 -0.130801 0.961607 0.000000
1403638153645096960.000000 -0.940151 -0.560434 0.571972 0.020381 -0.247969 -0.136709 0.958857 0.060117
1403638153695097088.000000 -0.961114 -0.568945 0.578962 0.021045 -0.257063 -0.140062 0.955959 0.000000
1403638153745096960.000000 -0.981896 -0.577016 0.585423 0.022636 -0.266959 -0.141032 0.953064 0.000000
1403638153795097088.000000 -1.002681 -0.584273 0.592337 0.023956 -0.275095 -0.143550 0.950338 0.078901
1403638153845096960.000000 -1.025810 -0.591479 0.599383 0.025483 -0.282589 -0.144859 0.947898 0.000000
1403638153895097088.000000 -1.047944 -0.597962 0.606889 0.027799 -0.288818 -0.145517 0.945852 0.000000
1403638153945096960.000000 -1.071259 -0.603596 0.615594 0.030921 -0.294664 -0.144468 0.944111 0.063619
1403638153995097088.000000 -1.093383 -0.609762 0.624323 0.031986 -0.299317 -0.143592 0.942745 0.000000
1403638154045096960.000000 -1.117170 -0.614311 0.632844 0.033489 -0.302871 -0.142393 0.941739 0.000000
1403638154095097088.000000 -1.139377 -0.619155 0.641247 0.035803 -0.305409 -0.142605 0.940802 0.003574
1403638154145096960.000000 -1.162791 -0.622801 0.650155 0.039416 -0.307152 -0.142674 0.940079 0.000000
1403638154195097088.000000 -1.185973 -0.625529 0.659257 0.043219 -0.308124 -0.142757 0.939581 0.000000
1403638154245096960.000000 -1.209697 -0.628663 0.667547 0.046908 -0.308526 -0.143464 0.939164 0.056169
1403638154295097088.000000 -1.232931 -0.631050 0.677147 0.049629 -0.308821 -0.143473 0.938926 0.000000
1403638154345096960.000000 -1.256170 -0.632848 0.685461 0.053407 -0.309416 -0.141687 0.938794 0.000000
1403638154395097088.000000 -1.280142 -0.633681 0.693438 0.059048 -0.309600 -0.140249 0.938611 0.003560
1403638154445096960.000000 -1.303227 -0.634782 0.701729 0.062565 -0.310107 -0.137771 0.938583 0.000000
1403638154495097088.000000 -1.325968 -0.635120 0.708577 0.065275 -0.309962 -0.136474 0.938636 0.000000
1403638154545096960.000000 -1.348428 -0.634858 0.714527 0.064809 -0.310050 -0.135596 0.938766 0.069832
1403638154595097088.000000 -1.371080 -0.636577 0.720682 0.062751 -0.311577 -0.135064 0.938478 0.000000
1403638154645096960.000000 -1.393252 -0.636075 0.724562 0.059983 -0.313566 -0.135634 0.937914 0.000000
1403638154695097088.000000 -1.415118 -0.637669 0.728303 0.055669 -0.316594 -0.136961 0.936969 0.003689
1403638154745096960.000000 -1.436770 -0.639450 0.731463 0.051970 -0.319500 -0.140872 0.935614 0.000000
1403638154795097088.000000 -1.458877 -0.641660 0.733216 0.049450 -0.321830 -0.145258 0.934281 0.000000
1403638154845096960.000000 -1.480236 -0.644173 0.734850 0.048117 -0.323993 -0.149788 0.932886 0.045649
1403638154895097088.000000 -1.502172 -0.647386 0.735759 0.047508 -0.326381 -0.153365 0.931503 0.000000
1403638154945096960.000000 -1.523874 -0.651055 0.736064 0.047593 -0.329060 -0.157663 0.929837 0.000000
1403638154995097088.000000 -1.545428 -0.655565 0.735389 0.048328 -0.333073 -0.160288 0.927920 0.003588
1403638155045096960.000000 -1.567854 -0.660121 0.733522 0.049732 -0.338177 -0.162796 0.925560 0.000000
1403638155095097088.000000 -1.589530 -0.665055 0.731190 0.050452 -0.343810 -0.165248 0.923007 0.000000
1403638155145096960.000000 -1.611888 -0.668775 0.728439 0.052392 -0.349482 -0.166430 0.920553 0.037876
1403638155195097088.000000 -1.634660 -0.673431 0.725544 0.052915 -0.354794 -0.166690 0.918442 0.000000
1403638155245096960.000000 -1.657325 -0.675700 0.722230 0.055728 -0.359484 -0.166561 0.916473 0.000000
1403638155295097088.000000 -1.679670 -0.678487 0.719015 0.058479 -0.363309 -0.167018 0.914708 0.052788
1403638155345096960.000000 -1.701749 -0.680320 0.716049 0.061571 -0.366983 -0.168394 0.912785 0.000000
1403638155395097088.000000 -1.724325 -0.680394 0.713186 0.064708 -0.371621 -0.169927 0.910404 0.000000
1403638155445096960.000000 -1.746801 -0.680566 0.708476 0.067501 -0.375820 -0.172746 0.907944 0.003558
1403638155495097088.000000 -1.769093 -0.679160 0.705018 0.068632 -0.380997 -0.175349 0.905198 0.000000
1403638155545096960.000000 -1.791139 -0.677342 0.699981 0.068658 -0.388717 -0.174276 0.902116 0.000000
1403638155595097088.000000 -1.812910 -0.674908 0.695699 0.068356 -0.396838 -0.173452 0.898756 0.037513
1403638155645096960.000000 -1.834524 -0.671888 0.689349 0.069068 -0.406523 -0.171069 0.894821 0.000000
1403638155695097088.000000 -1.855780 -0.668198 0.683755 0.070400 -0.416716 -0.170057 0.890209 0.000000
1403638155745096960.000000 -1.876766 -0.663858 0.677611 0.070302 -0.426716 -0.170352 0.885410 0.051308
1403638155795097088.000000 -1.896164 -0.658650 0.671655 0.069448 -0.436682 -0.172567 0.880174 0.000000
1403638155845096960.000000 -1.916023 -0.653032 0.665391 0.067375 -0.446996 -0.174438 0.874772 0.000000
1403638155895097088.000000 -1.935289 -0.646736 0.658232 0.063198 -0.456990 -0.178806 0.869019 0.043554
1403638155945096960.000000 -1.953541 -0.640294 0.650641 0.057186 -0.467291 -0.184162 0.862817 0.000000
1403638155995097088.000000 -1.972044 -0.635134 0.641173 0.050478 -0.477471 -0.190814 0.856191 0.000000
1403638156045096960.000000 -1.989408 -0.629665 0.633866 0.044061 -0.487862 -0.197898 0.849050 0.050991
1403638156095097088.000000 -2.006594 -0.625190 0.623452 0.037747 -0.498009 -0.204299 0.841917 0.000000
1403638156145096960.000000 -2.023269 -0.622236 0.615836 0.034217 -0.508110 -0.208466 0.834982 0.000000
1403638156195097088.000000 -2.040906 -0.619976 0.605660 0.030770 -0.517578 -0.210989 0.828643 0.037177
1403638156245096960.000000 -2.057448 -0.617523 0.595360 0.028314 -0.526043 -0.215172 0.822300 0.000000
1403638156295097088.000000 -2.074114 -0.616678 0.585918 0.023874 -0.533699 -0.219875 0.816242 0.000000
1403638156345096960.000000 -2.090536 -0.614800 0.576741 0.020588 -0.540125 -0.223888 0.810996 0.037174
1403638156395097088.000000 -2.108116 -0.612482 0.567862 0.017498 -0.545699 -0.226069 0.806722 0.000000
1403638156445096960.000000 -2.125270 -0.610161 0.558945 0.014820 -0.549956 -0.228702 0.803134 0.000000
1403638156495097088.000000 -2.142380 -0.607359 0.551393 0.012698 -0.553425 -0.230288 0.800329 0.003389
1403638156545096960.000000 -2.160520 -0.603994 0.543707 0.012128 -0.556119 -0.231432 0.798138 0.000000
1403638156595097088.000000 -2.177971 -0.599609 0.537824 0.011818 -0.558359 -0.231758 0.796482 0.000000
1403638156645096960.000000 -2.196670 -0.595865 0.531507 0.011625 -0.559321 -0.232733 0.795525 0.054438
1403638156695097088.000000 -2.214899 -0.591623 0.526348 0.010888 -0.560081 -0.233146 0.794880 0.000000
1403638156745096960.000000 -2.233394 -0.586287 0.520860 0.011544 -0.560409 -0.233525 0.794528 0.000000
1403638156795097088.000000 -2.252320 -0.581310 0.516835 0.011250 -0.560242 -0.233802 0.794569 0.003380
1403638156845096960.000000 -2.271832 -0.576497 0.512585 0.011045 -0.559666 -0.234061 0.794901 0.000000
1403638156895097088.000000 -2.291603 -0.570646 0.509515 0.011169 -0.559096 -0.234018 0.795313 0.000000
1403638156945096960.000000 -2.311485 -0.565723 0.506596 0.010798 -0.557961 -0.234373 0.796010 0.003316
1403638156995097088.000000 -2.331897 -0.561821 0.502909 0.010774 -0.556898 -0.234041 0.796852 0.000000
1403638157045096960.000000 -2.352567 -0.558950 0.499514 0.009326 -0.555593 -0.234300 0.797705 0.000000
1403638157095097088.000000 -2.373782 -0.556145 0.495816 0.007869 -0.554318 -0.234703 0.798488 0.003301
1403638157145096960.000000 -2.394706 -0.554582 0.492099 0.005913 -0.552601 -0.235615 0.799427 0.000000
1403638157195097088.000000 -2.415724 -0.554398 0.489603 0.004263 -0.550794 -0.237048 0.800260 0.000000
1403638157245096960.000000 -2.437945 -0.554698 0.485945 0.003286 -0.550367 -0.235949 0.800883 0.003283
1403638157295097088.000000 -2.461263 -0.555721 0.482732 0.004363 -0.550916 -0.235862 0.800526 0.000000
1403638157345096960.000000 -2.484463 -0.556065 0.479157 0.006684 -0.551431 -0.236891 0.799851 0.000000
1403638157395097088.000000 -2.508213 -0.558078 0.475834 0.009330 -0.551713 -0.238777 0.799069 0.036393
1403638157445096960.000000 -2.531264 -0.559238 0.473896 0.013077 -0.552340 -0.240104 0.798185 0.000000
1403638157495097088.000000 -2.555737 -0.561184 0.471664 0.015877 -0.554441 -0.240452 0.796571 0.000000
1403638157545096960.000000 -2.578828 -0.559655 0.469990 0.019305 -0.557800 -0.240505 0.794131 0.003514
1403638157595097088.000000 -2.603559 -0.559991 0.467676 0.022894 -0.562169 -0.241040 0.790785 0.000000
1403638157645096960.000000 -2.628431 -0.559047 0.466142 0.027787 -0.567394 -0.242188 0.786535 0.000000
1403638157695097088.000000 -2.652780 -0.559255 0.463701 0.032701 -0.573360 -0.244594 0.781257 0.050927
1403638157745096960.000000 -2.676836 -0.557461 0.461818 0.036898 -0.579843 -0.247832 0.775242 0.000000
1403638157795097088.000000 -2.701818 -0.558656 0.457225 0.038754 -0.587181 -0.250950 0.768596 0.000000
1403638157845096960.000000 -2.726454 -0.558443 0.453994 0.039325 -0.595824 -0.253002 0.761208 0.041105
1403638157895097088.000000 -2.750467 -0.560021 0.449394 0.039228 -0.604827 -0.254182 0.753682 0.000000
1403638157945096960.000000 -2.775110 -0.562495 0.444425 0.038280 -0.613092 -0.256141 0.746354 0.000000
1403638157995097088.000000 -2.799679 -0.564266 0.438750 0.038507 -0.619859 -0.258329 0.739972 0.038092
1403638158045096960.000000 -2.823351 -0.566489 0.432958 0.034007 -0.626279 -0.260127 0.734134 0.000000
1403638158095097088.000000 -2.846818 -0.568286 0.428252 0.030513 -0.632526 -0.259855 0.729010 0.000000
1403638158145096960.000000 -2.869971 -0.569078 0.424459 0.027881 -0.637807 -0.259230 0.724724 0.050215
1403638158195097088.000000 -2.894096 -0.570088 0.419285 0.024563 -0.642276 -0.258333 0.721209 0.000000
1403638158245096960.000000 -2.917805 -0.570080 0.415990 0.023942 -0.645359 -0.258790 0.718308 0.000000
1403638158295097088.000000 -2.941761 -0.569958 0.413248 0.024686 -0.647537 -0.259624 0.716018 0.003519
1403638158345096960.000000 -2.965580 -0.568682 0.410605 0.025777 -0.648236 -0.262466 0.714309 0.000000
1403638158395097088.000000 -2.990855 -0.567798 0.406296 0.026931 -0.648767 -0.263747 0.713312 0.000000
1403638158445096960.000000 -3.014387 -0.566062 0.404464 0.030082 -0.648679 -0.266154 0.712371 0.003346
1403638158495097088.000000 -3.037680 -0.563951 0.402424 0.032746 -0.648597 -0.267597 0.711788 0.000000
1403638158545096960.000000 -3.061104 -0.562079 0.400336 0.035682 -0.648269 -0.268866 0.711467 0.000000
1403638158595097088.000000 -3.084791 -0.559475 0.398621 0.037427 -0.647705 -0.269817 0.711531 0.037544
1403638158645096960.000000 -3.108285 -0.556463 0.396313 0.038926 -0.647551 -0.269240 0.711810 0.000000
1403638158695097088.000000 -3.131293 -0.553864 0.393344 0.037967 -0.647604 -0.267762 0.712371 0.000000
1403638158745096960.000000 -3.154690 -0.551728 0.391180 0.035817 -0.647816 -0.266123 0.712903 0.003384
1403638158795097088.000000 -3.176978 -0.549381 0.388328 0.031379 -0.647666 -0.265296 0.713556 0.000000
1403638158845096960.000000 -3.199879 -0.547637 0.385013 0.026793 -0.647118 -0.264603 0.714497 0.000000
1403638158895097088.000000 -3.222560 -0.546885 0.381554 0.022491 -0.646223 -0.264941 0.715329 0.003341
1403638158945096960.000000 -3.245435 -0.546515 0.377783 0.018860 -0.645918 -0.264241 0.715969 0.000000
1403638158995097088.000000 -3.268247 -0.547129 0.373107 0.015328 -0.644444 -0.266015 0.716724 0.000000
1403638159045096960.000000 -3.290991 -0.548208 0.369178 0.010343 -0.642910 -0.268597 0.717228 0.003281
1403638159095097088.000000 -3.314182 -0.550397 0.365372 0.005760 -0.640749 -0.272424 0.717770 0.000000
1403638159145096960.000000 -3.337321 -0.552284 0.361528 -0.001101 -0.638407 -0.276521 0.718312 0.000000
1403638159195097088.000000 -3.362003 -0.554402 0.358007 -0.006122 -0.635676 -0.281762 0.718671 0.038075
1403638159245096960.000000 -3.386388 -0.555526 0.354838 -0.007636 -0.634317 -0.283574 0.719145 0.000000
1403638159295097088.000000 -3.412472 -0.557123 0.351494 -0.004783 -0.635233 -0.279882 0.719808 0.000000
1403638159345096960.000000 -3.438292 -0.558539 0.348898 0.000638 -0.638037 -0.272291 0.720254 0.003382
1403638159395097088.000000 -3.464802 -0.560450 0.346944 0.008357 -0.641147 -0.264180 0.720465 0.000000
1403638159445096960.000000 -3.490125 -0.561427 0.346117 0.017135 -0.644988 -0.254018 0.720535 0.000000
1403638159495097088.000000 -3.516522 -0.563907 0.345110 0.024034 -0.649062 -0.243230 0.720403 0.046690
1403638159545096960.000000 -3.543510 -0.566106 0.342301 0.028230 -0.653298 -0.231337 0.720339 0.000000
1403638159595097088.000000 -3.568709 -0.568829 0.340530 0.028668 -0.657530 -0.219917 0.720047 0.000000
1403638159645096960.000000 -3.593388 -0.574000 0.339633 0.028316 -0.660931 -0.211058 0.719599 0.037246
1403638159695097088.000000 -3.616899 -0.579595 0.339190 0.027802 -0.663693 -0.203720 0.719192 0.000000
1403638159745096960.000000 -3.640174 -0.586004 0.338834 0.025545 -0.665226 -0.200231 0.718839 0.000000
1403638159795097088.000000 -3.661414 -0.593057 0.339366 0.029375 -0.665231 -0.200582 0.718590 0.003390
1403638159845096960.000000 -3.681115 -0.600668 0.341255 0.033571 -0.664666 -0.202676 0.718341 0.000000
1403638159895097088.000000 -3.700469 -0.610086 0.342523 0.039635 -0.662423 -0.209525 0.718140 0.000000
1403638159945096960.000000 -3.718489 -0.619855 0.344943 0.045232 -0.659944 -0.216270 0.718091 0.037194
1403638159995097088.000000 -3.735609 -0.631075 0.345704 0.048993 -0.658317 -0.221623 0.717706 0.000000
1403638160045096960.000000 -3.752218 -0.643314 0.347602 0.051389 -0.656972 -0.226303 0.717310 0.000000
1403638160095097088.000000 -3.766865 -0.655979 0.349585 0.050510 -0.655900 -0.230436 0.717038 0.003380
1403638160145096960.000000 -3.780394 -0.669896 0.351072 0.048557 -0.654578 -0.235460 0.716748 0.000000
1403638160195097088.000000 -3.793918 -0.684235 0.351800 0.042474 -0.652416 -0.242762 0.716670 0.000000
1403638160245096960.000000 -3.806503 -0.698849 0.352847 0.035849 -0.650060 -0.250407 0.716543 0.003317
1403638160295097088.000000 -3.818436 -0.714391 0.353374 0.029347 -0.648238 -0.256453 0.716351 0.000000
1403638160345096960.000000 -3.831398 -0.730280 0.353284 0.025109 -0.646176 -0.262356 0.716237 0.000000
1403638160395097088.000000 -3.842970 -0.747382 0.354280 0.021756 -0.644846 -0.266646 0.715962 0.046629
1403638160445096960.000000 -3.855553 -0.763982 0.354354 0.019483 -0.644334 -0.268191 0.715911 0.000000
1403638160495097088.000000 -3.868146 -0.780140 0.354410 0.018257 -0.643836 -0.269287 0.715979 0.000000
1403638160545096960.000000 -3.881446 -0.796305 0.354977 0.017347 -0.643317 -0.270332 0.716075 0.003489
1403638160595097088.000000 -3.894092 -0.811815 0.356225 0.016916 -0.643315 -0.270560 0.716001 0.000000
1403638160645096960.000000 -3.907460 -0.826160 0.357859 0.015409 -0.643175 -0.270515 0.716177 0.000000
1403638160695097088.000000 -3.921237 -0.840780 0.359538 0.016929 -0.643449 -0.269852 0.716148 0.003338
1403638160745096960.000000 -3.935582 -0.855170 0.361026 0.017062 -0.645121 -0.265783 0.716162 0.000000
1403638160795097088.000000 -3.949729 -0.869581 0.362865 0.018173 -0.646789 -0.259632 0.716885 0.000000
1403638160845096960.000000 -3.963417 -0.883739 0.365061 0.021097 -0.648008 -0.251027 0.718767 0.037129
1403638160895097088.000000 -3.978300 -0.897721 0.367416 0.023975 -0.647942 -0.241497 0.721994 0.000000
1403638160945096960.000000 -3.992143 -0.912398 0.370256 0.028064 -0.645826 -0.233670 0.726305 0.000000
1403638160995097088.000000 -4.006003 -0.926719 0.374314 0.031224 -0.641928 -0.228061 0.731398 0.051474
1403638161045096960.000000 -4.020020 -0.939597 0.378296 0.033966 -0.636701 -0.223146 0.737336 0.000000
1403638161095097088.000000 -4.032609 -0.952923 0.382586 0.034988 -0.630462 -0.219334 0.743765 0.000000
1403638161145096960.000000 -4.045655 -0.965795 0.387997 0.036288 -0.622374 -0.218178 0.750821 0.042380
1403638161195097088.000000 -4.058352 -0.977512 0.392918 0.036316 -0.612971 -0.217028 0.758845 0.000000
1403638161245096960.000000 -4.070269 -0.989969 0.398896 0.035503 -0.602551 -0.216344 0.767377 0.000000
1403638161295097088.000000 -4.080946 -1.002133 0.405611 0.034955 -0.592037 -0.214128 0.776157 0.043497
1403638161345096960.000000 -4.091133 -1.015071 0.412935 0.033598 -0.581170 -0.212890 0.784723 0.000000
1403638161395097088.000000 -4.101295 -1.026860 0.419384 0.030207 -0.571168 -0.213063 0.792123 0.000000
1403638161445096960.000000 -4.110736 -1.039506 0.427222 0.026473 -0.561980 -0.214496 0.798417 0.053132
1403638161495097088.000000 -4.119907 -1.051293 0.434855 0.023274 -0.553950 -0.216569 0.803552 0.000000
1403638161545096960.000000 -4.129228 -1.063348 0.442071 0.020644 -0.547402 -0.217391 0.807877 0.000000
1403638161595097088.000000 -4.138575 -1.074391 0.448873 0.018621 -0.542035 -0.216720 0.811716 0.041687
1403638161645096960.000000 -4.148811 -1.083220 0.454942 0.016550 -0.537732 -0.215395 0.814969 0.000000
1403638161695097088.000000 -4.158084 -1.092990 0.463734 0.014453 -0.535315 -0.212520 0.817352 0.000000
1403638161745096960.000000 -4.168407 -1.102309 0.472161 0.014017 -0.533700 -0.209109 0.819293 0.003381
1403638161795097088.000000 -4.177526 -1.111055 0.481183 0.014751 -0.531881 -0.205765 0.821307 0.000000
1403638161845096960.000000 -4.187930 -1.121127 0.490275 0.017589 -0.529253 -0.203217 0.823581 0.000000
1403638161895097088.000000 -4.196340 -1.130239 0.502128 0.020510 -0.526657 -0.199435 0.826098 0.043678
1403638161945096960.000000 -4.206455 -1.138614 0.512110 0.022525 -0.522513 -0.197206 0.829206 0.000000
1403638161995097088.000000 -4.216170 -1.146823 0.523526 0.023455 -0.518967 -0.195392 0.831832 0.000000
1403638162045096960.000000 -4.224825 -1.155270 0.534258 0.023889 -0.516081 -0.193597 0.834033 0.003688
1403638162095097088.000000 -4.234591 -1.165636 0.544728 0.023564 -0.513485 -0.192530 0.835889 0.000000
1403638162145096960.000000 -4.244015 -1.175403 0.554055 0.021388 -0.511270 -0.191655 0.837505 0.000000
1403638162195097088.000000 -4.253400 -1.186343 0.564328 0.018167 -0.509747 -0.190221 0.838835 0.054633
1403638162245096960.000000 -4.261879 -1.197468 0.574955 0.015713 -0.508252 -0.189669 0.839916 0.000000
1403638162295097088.000000 -4.269635 -1.208106 0.586466 0.013562 -0.507212 -0.188637 0.840814 0.000000
1403638162345096960.000000 -4.278485 -1.220246 0.598489 0.011329 -0.507154 -0.186272 0.841409 0.003358
1403638162395097088.000000 -4.285749 -1.231419 0.611503 0.011022 -0.507578 -0.183858 0.841688 0.000000
1403638162445096960.000000 -4.295053 -1.242216 0.624403 0.011977 -0.507678 -0.182211 0.841973 0.000000
1403638162495097088.000000 -4.303750 -1.251362 0.637513 0.013996 -0.507210 -0.181924 0.842286 0.003399
1403638162545096960.000000 -4.310792 -1.262029 0.652186 0.015906 -0.506923 -0.183196 0.842149 0.000000
1403638162595097088.000000 -4.318341 -1.273027 0.667128 0.017357 -0.506069 -0.186257 0.841963 0.000000
1403638162645096960.000000 -4.324984 -1.286090 0.681728 0.019269 -0.505589 -0.188807 0.841641 0.045224
1403638162695097088.000000 -4.332181 -1.299482 0.696709 0.020348 -0.504934 -0.192266 0.841227 0.000000
1403638162745096960.000000 -4.340403 -1.312744 0.711124 0.020544 -0.504315 -0.194936 0.840978 0.000000
1403638162795097088.000000 -4.347292 -1.326878 0.725724 0.018226 -0.504033 -0.194005 0.841416 0.003489
1403638162845096960.000000 -4.355523 -1.342811 0.739642 0.016695 -0.502472 -0.192936 0.842626 0.000000
1403638162895097088.000000 -4.362256 -1.359847 0.754877 0.016325 -0.501737 -0.188281 0.844123 0.000000
1403638162945096960.000000 -4.369158 -1.377726 0.768918 0.016600 -0.501589 -0.182575 0.845458 0.003462
1403638162995097088.000000 -4.376382 -1.395260 0.782910 0.021619 -0.500815 -0.177939 0.846790 0.000000
1403638163045096960.000000 -4.382732 -1.413692 0.799107 0.026071 -0.500392 -0.173122 0.847913 0.000000
1403638163095097088.000000 -4.389300 -1.429795 0.813843 0.029286 -0.498802 -0.168172 0.849739 0.041444
1403638163145096960.000000 -4.396311 -1.443825 0.829844 0.030428 -0.495057 -0.166180 0.852278 0.000000
1403638163195097088.000000 -4.401397 -1.456859 0.848293 0.030832 -0.489944 -0.166322 0.855185 0.000000
1403638163245096960.000000 -4.406278 -1.468759 0.867856 0.031591 -0.483474 -0.167634 0.858577 0.050811
1403638163295097088.000000 -4.411541 -1.478679 0.887191 0.032420 -0.476097 -0.168628 0.862465 0.000000
1403638163345096960.000000 -4.415029 -1.488541 0.907191 0.034222 -0.468324 -0.168857 0.866596 0.000000
1403638163395097088.000000 -4.418155 -1.497913 0.928459 0.036023 -0.460130 -0.168602 0.870951 0.037688
1403638163445096960.000000 -4.421546 -1.506916 0.948924 0.037521 -0.452186 -0.166640 0.875415 0.000000
1403638163495097088.000000 -4.424971 -1.515893 0.969499 0.037190 -0.445171 -0.165296 0.879270 0.000000
1403638163545096960.000000 -4.428546 -1.525738 0.988599 0.038321 -0.439184 -0.163225 0.882613 0.037472
1403638163595097088.000000 -4.430894 -1.536287 1.008119 0.036642 -0.434637 -0.161984 0.885161 0.000000
1403638163645096960.000000 -4.433052 -1.547436 1.027605 0.037082 -0.430745 -0.161441 0.887142 0.000000
1403638163695097088.000000 -4.434904 -1.559462 1.045550 0.037826 -0.427348 -0.160909 0.888848 0.003382
1403638163745096960.000000 -4.435854 -1.572017 1.065050 0.037737 -0.425287 -0.160271 0.889955 0.000000
1403638163795097088.000000 -4.437879 -1.586301 1.081219 0.039078 -0.423302 -0.160023 0.890888 0.000000
1403638163845096960.000000 -4.438357 -1.599916 1.098046 0.038953 -0.422791 -0.157936 0.891508 0.046821
1403638163895097088.000000 -4.439252 -1.614618 1.114693 0.039019 -0.422565 -0.156101 0.891935 0.000000
1403638163945096960.000000 -4.439801 -1.630164 1.131106 0.036962 -0.422560 -0.155278 0.892169 0.000000
1403638163995097088.000000 -4.440256 -1.646496 1.146637 0.034539 -0.423766 -0.151917 0.892273 0.003394
1403638164045096960.000000 -4.439952 -1.663179 1.162981 0.032135 -0.424726 -0.150535 0.892140 0.000000
1403638164095097088.000000 -4.439153 -1.680124 1.178575 0.031078 -0.426190 -0.148497 0.891821 0.000000
1403638164145096960.000000 -4.437916 -1.698459 1.193743 0.030770 -0.427605 -0.146567 0.891474 0.003352
1403638164195097088.000000 -4.436746 -1.716064 1.208747 0.030198 -0.429342 -0.143894 0.891094 0.000000
1403638164245096960.000000 -4.435277 -1.733826 1.224299 0.031616 -0.430406 -0.143214 0.890641 0.000000
1403638164295097088.000000 -4.432855 -1.751199 1.240036 0.032099 -0.432015 -0.141003 0.890197 0.037153
1403638164345096960.000000 -4.429865 -1.767509 1.256921 0.033186 -0.433283 -0.139911 0.889713 0.000000
1403638164395097088.000000 -4.427027 -1.783691 1.273570 0.033715 -0.434198 -0.139561 0.889302 0.000000
1403638164445096960.000000 -4.423250 -1.798764 1.290495 0.034537 -0.435076 -0.139674 0.888823 0.003485
1403638164495097088.000000 -4.419027 -1.814543 1.308907 0.032957 -0.436137 -0.138660 0.888522 0.000000
1403638164545096960.000000 -4.415015 -1.829164 1.326904 0.032574 -0.437140 -0.137059 0.888292 0.000000
1403638164595097088.000000 -4.409125 -1.843825 1.345504 0.031325 -0.437848 -0.135692 0.888198 0.003344
1403638164645096960.000000 -4.402743 -1.857742 1.364876 0.030662 -0.436967 -0.134287 0.888868 0.000000
1403638164695097088.000000 -4.396406 -1.871334 1.385429 0.031255 -0.434036 -0.134559 0.890242 0.000000
1403638164745096960.000000 -4.389874 -1.885471 1.404036 0.034003 -0.430001 -0.135363 0.891975 0.051375
1403638164795097088.000000 -4.381869 -1.897982 1.424772 0.040002 -0.425108 -0.139850 0.893379 0.000000
1403638164845096960.000000 -4.373806 -1.911148 1.446896 0.047012 -0.420022 -0.145356 0.894563 0.000000
1403638164895097088.000000 -4.365821 -1.923482 1.466422 0.053503 -0.414939 -0.150197 0.895770 0.057446
1403638164945096960.000000 -4.356705 -1.935699 1.486793 0.057414 -0.411456 -0.152712 0.896709 0.000000
1403638164995097088.000000 -4.348318 -1.947008 1.506711 0.060625 -0.410083 -0.149467 0.897673 0.000000
1403638165045096960.000000 -4.338679 -1.959063 1.526182 0.062072 -0.409563 -0.142091 0.899008 0.003353
1403638165095097088.000000 -4.328302 -1.969569 1.545979 0.060839 -0.408096 -0.134868 0.900870 0.000000
1403638165145096960.000000 -4.317740 -1.979277 1.565313 0.057225 -0.405773 -0.130445 0.902806 0.000000
1403638165195097088.000000 -4.306747 -1.986443 1.586531 0.052575 -0.402471 -0.130238 0.904595 0.042373
1403638165245096960.000000 -4.295112 -1.994342 1.605865 0.045382 -0.398360 -0.132135 0.906526 0.000000
1403638165295097088.000000 -4.282605 -2.001998 1.626196 0.036521 -0.395492 -0.132892 0.908071 0.000000
1403638165345096960.000000 -4.270021 -2.009996 1.646194 0.030834 -0.393210 -0.131303 0.909502 0.054620
1403638165395097088.000000 -4.258073 -2.017096 1.665594 0.027718 -0.391508 -0.128546 0.910730 0.000000
1403638165445096960.000000 -4.244571 -2.024071 1.686786 0.028340 -0.389924 -0.127908 0.911480 0.000000
1403638165495097088.000000 -4.231379 -2.029918 1.707411 0.034481 -0.388276 -0.126353 0.912189 0.003404
1403638165545096960.000000 -4.217819 -2.036853 1.728715 0.041637 -0.386601 -0.125611 0.912704 0.000000
1403638165595097088.000000 -4.203443 -2.042366 1.750366 0.050231 -0.385744 -0.123902 0.912867 0.000000
1403638165645096960.000000 -4.188403 -2.048118 1.771432 0.059787 -0.384093 -0.124761 0.912871 0.041814
1403638165695097088.000000 -4.173478 -2.052634 1.793160 0.067073 -0.383398 -0.123933 0.912769 0.000000
1403638165745096960.000000 -4.157976 -2.056054 1.814212 0.072980 -0.381734 -0.125660 0.912777 0.000000
1403638165795097088.000000 -4.141423 -2.059298 1.834476 0.073162 -0.380576 -0.127730 0.912959 0.003390
1403638165845096960.000000 -4.124342 -2.061579 1.855272 0.069234 -0.379244 -0.131165 0.913333 0.000000
1403638165895097088.000000 -4.106361 -2.064899 1.875133 0.063483 -0.378537 -0.133919 0.913644 0.000000
1403638165945096960.000000 -4.088515 -2.067506 1.893873 0.059092 -0.377272 -0.137604 0.913914 0.051585
1403638165995097088.000000 -4.069613 -2.071364 1.912401 0.052800 -0.376927 -0.140284 0.914034 0.000000
1403638166045096960.000000 -4.050870 -2.076147 1.929157 0.046270 -0.376350 -0.142837 0.914230 0.000000
1403638166095097088.000000 -4.031959 -2.081235 1.945542 0.043003 -0.374816 -0.147839 0.914225 0.053299
1403638166145096960.000000 -4.013450 -2.087946 1.961362 0.040946 -0.373894 -0.152063 0.914004 0.000000
1403638166195097088.000000 -3.994522 -2.096363 1.975710 0.039151 -0.374098 -0.154653 0.913565 0.000000
1403638166245096960.000000 -3.976180 -2.106178 1.989367 0.038593 -0.374532 -0.156765 0.913051 0.003388
1403638166295097088.000000 -3.958605 -2.117884 2.002142 0.039266 -0.374973 -0.158492 0.912543 0.000000
1403638166345096960.000000 -3.940640 -2.131489 2.013541 0.039239 -0.375192 -0.161132 0.911991 0.000000
1403638166395097088.000000 -3.922966 -2.146575 2.023709 0.040054 -0.375314 -0.162571 0.911650 0.043681
1403638166445096960.000000 -3.906339 -2.162491 2.033395 0.038974 -0.375407 -0.164055 0.911393 0.000000
1403638166495097088.000000 -3.889024 -2.177960 2.043200 0.039445 -0.375992 -0.164982 0.910964 0.000000
1403638166545096960.000000 -3.873145 -2.192306 2.053261 0.039166 -0.377320 -0.164068 0.910592 0.003505
1403638166595097088.000000 -3.856968 -2.207108 2.062567 0.039946 -0.377907 -0.164296 0.910273 0.000000
1403638166645096960.000000 -3.841372 -2.220632 2.072802 0.038923 -0.378867 -0.163630 0.910039 0.000000
1403638166695097088.000000 -3.825758 -2.233593 2.082389 0.037755 -0.380047 -0.161558 0.909966 0.053829
1403638166745096960.000000 -3.810843 -2.245150 2.092412 0.035290 -0.381780 -0.158816 0.909822 0.000000
1403638166795097088.000000 -3.795794 -2.256292 2.103351 0.029065 -0.384468 -0.154047 0.909730 0.000000
1403638166845096960.000000 -3.781060 -2.266187 2.114132 0.020608 -0.386365 -0.150185 0.909803 0.003365
1403638166895097088.000000 -3.766363 -2.275437 2.126033 0.009566 -0.387885 -0.147507 0.909778 0.000000
1403638166945096960.000000 -3.751107 -2.284107 2.138691 0.000786 -0.388367 -0.146968 0.909709 0.000000
1403638166995097088.000000 -3.737011 -2.292099 2.151556 -0.005860 -0.387471 -0.148862 0.909765 0.053626
1403638167045096960.000000 -3.723038 -2.300126 2.165606 -0.009335 -0.386217 -0.151939 0.909760 0.000000
1403638167095097088.000000 -3.708954 -2.309817 2.180254 -0.011296 -0.385223 -0.154874 0.909665 0.000000
1403638167145096960.000000 -3.696734 -2.319684 2.195473 -0.009982 -0.383604 -0.158994 0.909653 0.003557
1403638167195097088.000000 -3.684337 -2.331739 2.210862 -0.008138 -0.382673 -0.161511 0.909620 0.000000
1403638167245096960.000000 -3.672364 -2.344523 2.226989 -0.005633 -0.381369 -0.165161 0.909532 0.000000
1403638167295097088.000000 -3.661587 -2.357748 2.243159 -0.002652 -0.380741 -0.166496 0.909565 0.042828
1403638167345096960.000000 -3.651525 -2.371742 2.259071 -0.000470 -0.380294 -0.167231 0.909621 0.000000
1403638167395097088.000000 -3.641823 -2.387024 2.275844 0.000670 -0.380041 -0.166897 0.909788 0.000000
1403638167445096960.000000 -3.633112 -2.402481 2.292414 0.002683 -0.380279 -0.165416 0.909955 0.003386
1403638167495097088.000000 -3.625133 -2.416804 2.310327 0.005223 -0.380786 -0.162913 0.910183 0.000000
1403638167545096960.000000 -3.617202 -2.430798 2.327998 0.008934 -0.381510 -0.160007 0.910367 0.000000
1403638167595097088.000000 -3.609672 -2.445112 2.345970 0.011582 -0.382886 -0.154669 0.910682 0.055069
1403638167645096960.000000 -3.602910 -2.458559 2.364238 0.012768 -0.383884 -0.147521 0.911432 0.000000
1403638167695097088.000000 -3.596139 -2.471618 2.384408 0.013705 -0.383094 -0.141533 0.912699 0.000000
1403638167745096960.000000 -3.589366 -2.483155 2.405538 0.014798 -0.381020 -0.135202 0.914508 0.055504
1403638167795097088.000000 -3.582169 -2.495666 2.426409 0.014357 -0.378252 -0.128444 0.916636 0.000000
1403638167845096960.000000 -3.574823 -2.507729 2.448170 0.013299 -0.373928 -0.122570 0.919227 0.000000
1403638167895097088.000000 -3.567273 -2.519387 2.470578 0.013984 -0.368150 -0.117599 0.922193 0.043193
1403638167945096960.000000 -3.559822 -2.530878 2.493329 0.014666 -0.361986 -0.112776 0.925220 0.000000
1403638167995097088.000000 -3.550990 -2.542969 2.517340 0.015226 -0.354540 -0.109707 0.928458 0.000000
1403638168045096960.000000 -3.542429 -2.555745 2.541439 0.016084 -0.348109 -0.106281 0.931271 0.055431
1403638168095097088.000000 -3.533437 -2.567868 2.565890 0.016885 -0.342689 -0.102277 0.933712 0.000000
1403638168145096960.000000 -3.523700 -2.581129 2.590144 0.017807 -0.336143 -0.101218 0.936187 0.000000
1403638168195097088.000000 -3.513964 -2.596663 2.615847 0.019129 -0.329673 -0.098365 0.938762 0.042268
1403638168245096960.000000 -3.503298 -2.612056 2.640824 0.020024 -0.321228 -0.099326 0.941566 0.000000
1403638168295097088.000000 -3.493585 -2.627868 2.666038 0.020747 -0.312777 -0.098766 0.944450 0.000000
1403638168345096960.000000 -3.481824 -2.645267 2.691387 0.022601 -0.304204 -0.097881 0.947295 0.052219
1403638168395097088.000000 -3.469543 -2.663283 2.716060 0.024767 -0.295885 -0.095472 0.950118 0.000000
1403638168445096960.000000 -3.459490 -2.681828 2.740414 0.025910 -0.286706 -0.097058 0.952737 0.000000
1403638168495097088.000000 -3.447794 -2.699415 2.765809 0.024643 -0.278301 -0.100661 0.954887 0.039863
1403638168545096960.000000 -3.435890 -2.716205 2.791095 0.023314 -0.270209 -0.106001 0.956665 0.000000
1403638168595097088.000000 -3.424783 -2.731721 2.817256 0.019963 -0.262890 -0.111526 0.958151 0.000000
1403638168645096960.000000 -3.413571 -2.747595 2.843033 0.018179 -0.256416 -0.116789 0.959313 0.053648
1403638168695097088.000000 -3.402760 -2.762509 2.869720 0.016372 -0.251338 -0.121176 0.960145 0.000000
1403638168745096960.000000 -3.391872 -2.776670 2.895624 0.015377 -0.247985 -0.123872 0.960689 0.000000
1403638168795097088.000000 -3.382505 -2.790280 2.922486 0.014407 -0.245985 -0.124902 0.961084 0.037700
1403638168845096960.000000 -3.373667 -2.803586 2.949811 0.012815 -0.244224 -0.126490 0.961348 0.000000
1403638168895097088.000000 -3.364771 -2.816340 2.977225 0.012557 -0.243145 -0.128077 0.961415 0.000000
1403638168945096960.000000 -3.356416 -2.830060 3.004719 0.011192 -0.243240 -0.128297 0.961379 0.003504
1403638168995097088.000000 -3.349546 -2.842003 3.033028 0.012332 -0.243781 -0.128937 0.961142 0.000000
1403638169045096960.000000 -3.342535 -2.854332 3.061630 0.016289 -0.245338 -0.128769 0.960709 0.000000
1403638169095097088.000000 -3.336560 -2.867126 3.090830 0.021616 -0.248555 -0.124534 0.960336 0.050673
1403638169145096960.000000 -3.331185 -2.878343 3.119748 0.025128 -0.252046 -0.120592 0.959843 0.000000
1403638169195097088.000000 -3.327033 -2.888480 3.148660 0.027261 -0.255783 -0.115508 0.959422 0.000000
1403638169245096960.000000 -3.322775 -2.898364 3.177444 0.029082 -0.259328 -0.108224 0.959266 0.003393
1403638169295097088.000000 -3.318515 -2.908028 3.207139 0.031182 -0.261641 -0.099289 0.959538 0.000000
1403638169345096960.000000 -3.314270 -2.917788 3.236416 0.033987 -0.263784 -0.086509 0.960093 0.000000
1403638169395097088.000000 -3.308715 -2.927767 3.266984 0.037049 -0.263711 -0.074904 0.960975 0.036677
1403638169445096960.000000 -3.303412 -2.935762 3.297095 0.041143 -0.261594 -0.064652 0.962131 0.000000
1403638169495097088.000000 -3.297158 -2.944916 3.327161 0.043909 -0.256675 -0.057159 0.963806 0.000000
1403638169545096960.000000 -3.291019 -2.955059 3.357534 0.047162 -0.250464 -0.051690 0.965594 0.050755
1403638169595097088.000000 -3.283438 -2.964569 3.387788 0.049293 -0.241906 -0.048283 0.967843 0.000000
1403638169645096960.000000 -3.273913 -2.976260 3.416516 0.050628 -0.231704 -0.047544 0.970304 0.000000
1403638169695097088.000000 -3.264994 -2.988901 3.445513 0.050123 -0.219698 -0.049481 0.973022 0.036999
1403638169745096960.000000 -3.255711 -2.999868 3.473843 0.050541 -0.207470 -0.049744 0.975668 0.000000
1403638169795097088.000000 -3.243522 -3.012856 3.502068 0.051709 -0.193199 -0.053714 0.978323 0.000000
1403638169845096960.000000 -3.231088 -3.026828 3.528697 0.052461 -0.178256 -0.058260 0.980856 0.050891
1403638169895097088.000000 -3.218934 -3.040126 3.555624 0.054113 -0.163285 -0.061136 0.983195 0.000000
1403638169945096960.000000 -3.206652 -3.053106 3.582047 0.059609 -0.148240 -0.063894 0.985084 0.000000
1403638169995097088.000000 -3.192604 -3.066154 3.606424 0.066083 -0.134776 -0.063306 0.986641 0.036827
1403638170045096960.000000 -3.180146 -3.081649 3.631504 0.071772 -0.122786 -0.059111 0.988068 0.000000
1403638170095097088.000000 -3.167899 -3.096030 3.654291 0.075413 -0.111362 -0.053370 0.989476 0.000000
1403638170145096960.000000 -3.154447 -3.109171 3.677071 0.076238 -0.100762 -0.045767 0.990929 0.050931
1403638170195097088.000000 -3.141368 -3.120806 3.699239 0.076466 -0.090116 -0.037489 0.992284 0.000000
1403638170245096960.000000 -3.129331 -3.132217 3.720219 0.075635 -0.079467 -0.029170 0.993536 0.000000
1403638170295097088.000000 -3.116397 -3.141507 3.741203 0.074345 -0.069445 -0.019465 0.994621 0.036977
1403638170345096960.000000 -3.104225 -3.149529 3.761138 0.071778 -0.058585 -0.011587 0.995631 0.000000
1403638170395097088.000000 -3.092570 -3.155785 3.781632 0.068474 -0.047381 -0.004148 0.996518 0.000000
1403638170445096960.000000 -3.078969 -3.161999 3.800930 0.065605 -0.036348 0.002062 0.997181 0.036823
1403638170495097088.000000 -3.066086 -3.168346 3.819941 0.063432 -0.026648 0.011188 0.997568 0.000000
1403638170545096960.000000 -3.050151 -3.175845 3.837415 0.063964 -0.018406 0.021352 0.997554 0.000000
1403638170595097088.000000 -3.036135 -3.183298 3.853730 0.065794 -0.009235 0.030048 0.997338 0.047386
1403638170645096960.000000 -3.022417 -3.189352 3.869699 0.069503 0.000982 0.036734 0.996905 0.000000
1403638170695097088.000000 -3.007500 -3.198109 3.884173 0.072177 0.011092 0.042941 0.996405 0.000000
1403638170745096960.000000 -2.990385 -3.205787 3.898098 0.072502 0.021035 0.047503 0.996014 0.037161
1403638170795097088.000000 -2.973888 -3.214409 3.910637 0.073734 0.031481 0.051688 0.995440 0.000000
1403638170845096960.000000 -2.956909 -3.222999 3.922143 0.073431 0.041845 0.055334 0.994885 0.000000
1403638170895097088.000000 -2.938339 -3.230633 3.933100 0.073324 0.052671 0.057722 0.994242 0.037600
1403638170945096960.000000 -2.919598 -3.237569 3.943343 0.072513 0.063246 0.060923 0.993494 0.000000
1403638170995097088.000000 -2.898392 -3.243424 3.952870 0.073014 0.073655 0.063775 0.992561 0.000000
1403638171045096960.000000 -2.878963 -3.248390 3.962062 0.074448 0.083552 0.067316 0.991436 0.047403
1403638171095097088.000000 -2.858278 -3.252806 3.970561 0.075231 0.091909 0.070790 0.990395 0.000000
1403638171145096960.000000 -2.837629 -3.255820 3.978777 0.076686 0.099248 0.073580 0.989371 0.000000
1403638171195097088.000000 -2.817436 -3.259166 3.986233 0.077685 0.104991 0.077165 0.988427 0.039025
1403638171245096960.000000 -2.795544 -3.260358 3.992466 0.078996 0.109556 0.080029 0.987599 0.000000
1403638171295097088.000000 -2.774281 -3.261361 3.998378 0.080048 0.113835 0.081642 0.986898 0.000000
1403638171345096960.000000 -2.752997 -3.262432 4.003211 0.080935 0.116727 0.083609 0.986323 0.003412
1403638171395097088.000000 -2.730757 -3.263359 4.007576 0.082588 0.119635 0.085308 0.985692 0.000000
1403638171445096960.000000 -2.708723 -3.262675 4.010458 0.083462 0.123390 0.087154 0.984994 0.000000
1403638171495097088.000000 -2.685938 -3.262434 4.012663 0.085079 0.126140 0.089285 0.984316 0.038726
1403638171545096960.000000 -2.661812 -3.261649 4.013031 0.087020 0.127923 0.092871 0.983584 0.000000
1403638171595097088.000000 -2.638917 -3.260412 4.013412 0.088560 0.131559 0.094365 0.982825 0.000000
1403638171645096960.000000 -2.615688 -3.258056 4.012856 0.090435 0.134671 0.097964 0.981880 0.003397
1403638171695097088.000000 -2.590138 -3.254170 4.011817 0.092295 0.138208 0.102069 0.980797 0.000000
1403638171745096960.000000 -2.564344 -3.250203 4.009607 0.093890 0.142875 0.105589 0.979603 0.000000
1403638171795097088.000000 -2.538241 -3.246240 4.005456 0.094336 0.146961 0.108868 0.978596 0.047368
1403638171845096960.000000 -2.511664 -3.242345 3.999624 0.097119 0.150539 0.112563 0.977361 0.000000
1403638171895097088.000000 -2.484553 -3.237685 3.993454 0.100029 0.154056 0.116159 0.976098 0.000000
1403638171945096960.000000 -2.456585 -3.233797 3.984636 0.103715 0.158607 0.115868 0.975019 0.037939
1403638171995097088.000000 -2.428275 -3.229060 3.974967 0.104405 0.163264 0.114170 0.974376 0.000000
1403638172045096960.000000 -2.399341 -3.224515 3.963188 0.105390 0.167086 0.113432 0.973709 0.000000
1403638172095097088.000000 -2.370519 -3.220791 3.949889 0.104575 0.170783 0.111435 0.973386 0.051739
1403638172145096960.000000 -2.341908 -3.216025 3.934740 0.104358 0.173194 0.110736 0.973063 0.000000
1403638172195097088.000000 -2.311808 -3.209727 3.919401 0.103083 0.174786 0.110864 0.972899 0.000000
1403638172245096960.000000 -2.281915 -3.202272 3.903211 0.102232 0.176505 0.109674 0.972814 0.003377
1403638172295097088.000000 -2.252779 -3.193676 3.885804 0.101154 0.177819 0.108624 0.972805 0.000000
1403638172345096960.000000 -2.221971 -3.183283 3.868722 0.101198 0.178618 0.107673 0.972760 0.000000
1403638172395097088.000000 -2.191637 -3.171391 3.850563 0.101277 0.178582 0.107547 0.972772 0.041630
1403638172445096960.000000 -2.160755 -3.157610 3.832316 0.102876 0.178246 0.107328 0.972690 0.000000
1403638172495097088.000000 -2.129789 -3.143254 3.812730 0.104749 0.177260 0.108075 0.972587 0.000000
1403638172545096960.000000 -2.098678 -3.127460 3.792259 0.106571 0.176217 0.108839 0.972494 0.003479
1403638172595097088.000000 -2.067520 -3.110202 3.770988 0.108156 0.175132 0.108740 0.972526 0.000000
1403638172645096960.000000 -2.036804 -3.091413 3.749125 0.109545 0.173047 0.110629 0.972531 0.000000
1403638172695097088.000000 -2.004864 -3.069629 3.727815 0.109679 0.171536 0.110875 0.972755 0.051822
1403638172745096960.000000 -1.973480 -3.048956 3.705102 0.109499 0.170168 0.111084 0.972992 0.000000
1403638172795097088.000000 -1.941805 -3.027505 3.680980 0.109555 0.168974 0.110784 0.973228 0.000000
1403638172845096960.000000 -1.909167 -3.004087 3.654960 0.110442 0.166268 0.113088 0.973329 0.003381
1403638172895097088.000000 -1.877281 -2.980312 3.628918 0.109926 0.165306 0.112290 0.973643 0.000000
1403638172945096960.000000 -1.844504 -2.958211 3.599204 0.107532 0.162124 0.114983 0.974131 0.000000
1403638172995097088.000000 -1.811512 -2.930949 3.572530 0.106198 0.159418 0.117193 0.974461 0.052285
1403638173045096960.000000 -1.778953 -2.905013 3.543489 0.102179 0.157220 0.118282 0.975116 0.000000
1403638173095097088.000000 -1.744464 -2.876988 3.513360 0.098522 0.153717 0.121547 0.975649 0.000000
1403638173145096960.000000 -1.709826 -2.847853 3.482759 0.094346 0.152448 0.121486 0.976268 0.003489
1403638173195097088.000000 -1.674466 -2.816859 3.450762 0.091023 0.151648 0.120560 0.976823 0.000000
1403638173245096960.000000 -1.638607 -2.786787 3.419442 0.088185 0.152431 0.116336 0.977473 0.000000
1403638173295097088.000000 -1.602238 -2.755392 3.387507 0.085622 0.153545 0.112276 0.978001 0.060009
1403638173345096960.000000 -1.564685 -2.723600 3.355754 0.081281 0.154853 0.107533 0.978699 0.000000
1403638173395097088.000000 -1.528293 -2.689582 3.323212 0.080193 0.158825 0.098838 0.979068 0.000000
1403638173445096960.000000 -1.490810 -2.655555 3.291222 0.077179 0.162478 0.090426 0.979524 0.060503
1403638173495097088.000000 -1.455466 -2.619868 3.260663 0.073316 0.165499 0.083824 0.979902 0.000000
1403638173545096960.000000 -1.416681 -2.584957 3.227013 0.072001 0.168046 0.078388 0.980016 0.000000
1403638173595097088.000000 -1.379129 -2.549756 3.193546 0.070396 0.170180 0.074063 0.980101 0.069588
1403638173645096960.000000 -1.341402 -2.512995 3.159347 0.069838 0.170308 0.073881 0.980132 0.000000
1403638173695097088.000000 -1.303985 -2.477668 3.126153 0.069223 0.171211 0.072811 0.980099 0.000000
1403638173745096960.000000 -1.267855 -2.438969 3.093107 0.068859 0.171121 0.073686 0.980075 0.044575
1403638173795097088.000000 -1.232188 -2.401828 3.060623 0.068113 0.171745 0.074134 0.979984 0.000000
1403638173845096960.000000 -1.197112 -2.363359 3.027060 0.067039 0.172099 0.075249 0.979911 0.000000
1403638173895097088.000000 -1.162308 -2.327770 2.993764 0.065433 0.173115 0.074046 0.979932 0.056469
1403638173945096960.000000 -1.127893 -2.291603 2.960196 0.067080 0.173429 0.074362 0.979741 0.000000
1403638173995097088.000000 -1.093270 -2.254888 2.926071 0.066859 0.173392 0.075049 0.979711 0.000000
1403638174045096960.000000 -1.060362 -2.218946 2.892019 0.064752 0.174091 0.074817 0.979746 0.039646
1403638174095097088.000000 -1.025966 -2.185152 2.855680 0.065705 0.173537 0.075912 0.979697 0.000000
1403638174145096960.000000 -0.992640 -2.151880 2.820654 0.063666 0.174680 0.074028 0.979772 0.000000
1403638174195097088.000000 -0.960208 -2.118088 2.785501 0.060027 0.174525 0.075083 0.979949 0.052724
1403638174245096960.000000 -0.928056 -2.084167 2.750335 0.055868 0.175045 0.073609 0.980214 0.000000
1403638174295097088.000000 -0.894562 -2.049521 2.715403 0.049988 0.173709 0.075864 0.980597 0.000000
1403638174345096960.000000 -0.863541 -2.014907 2.681427 0.046867 0.174342 0.074632 0.980734 0.038076
1403638174395097088.000000 -0.830930 -1.979671 2.646889 0.043491 0.173318 0.076695 0.980912 0.000000
1403638174445096960.000000 -0.799496 -1.944735 2.614269 0.039915 0.173660 0.075051 0.981130 0.000000
1403638174495097088.000000 -0.766654 -1.910118 2.580153 0.037875 0.172212 0.077009 0.981315 0.003388
1403638174545096960.000000 -0.734799 -1.875313 2.546915 0.034830 0.171613 0.077885 0.981463 0.000000
1403638174595097088.000000 -0.702806 -1.841410 2.513905 0.031289 0.172629 0.074148 0.981694 0.000000
1403638174645096960.000000 -0.670595 -1.811157 2.480931 0.026514 0.172650 0.073879 0.981851 0.052497
1403638174695097088.000000 -0.640600 -1.778695 2.448854 0.022821 0.173436 0.071908 0.981951 0.000000
1403638174745096960.000000 -0.608095 -1.748952 2.416221 0.018207 0.173332 0.071459 0.982099 0.000000
1403638174795097088.000000 -0.578757 -1.717883 2.384640 0.015330 0.173661 0.071299 0.982102 0.051268
1403638174845096960.000000 -0.546292 -1.688418 2.352644 0.012739 0.173688 0.070552 0.982188 0.000000
1403638174895097088.000000 -0.512568 -1.659138 2.320194 0.011677 0.173841 0.068693 0.982306 0.000000
1403638174945096960.000000 -0.481435 -1.630672 2.290503 0.010345 0.174194 0.068858 0.982246 0.003405
1403638174995097088.000000 -0.450440 -1.606735 2.260788 0.008907 0.174614 0.069014 0.982175 0.000000
1403638175045096960.000000 -0.419496 -1.580010 2.231587 0.010918 0.175444 0.067567 0.982107 0.000000
1403638175095097088.000000 -0.390412 -1.555896 2.202594 0.010855 0.175895 0.068628 0.981954 0.058511
1403638175145096960.000000 -0.361103 -1.532326 2.174906 0.011378 0.177929 0.066692 0.981715 0.000000
1403638175195097088.000000 -0.331035 -1.511204 2.146618 0.010644 0.178579 0.066638 0.981609 0.000000
1403638175245096960.000000 -0.301806 -1.488151 2.119968 0.010119 0.179997 0.065290 0.981446 0.003483
1403638175295097088.000000 -0.271783 -1.467763 2.093083 0.006807 0.180567 0.065674 0.981344 0.000000
1403638175345096960.000000 -0.242332 -1.447601 2.067355 0.002209 0.181225 0.065784 0.981236 0.000000
1403638175395097088.000000 -0.212960 -1.428545 2.041967 -0.003217 0.182335 0.064462 0.981116 0.043113
1403638175445096960.000000 -0.185101 -1.411324 2.017586 -0.008536 0.183504 0.062865 0.980970 0.000000
1403638175495097088.000000 -0.157118 -1.396342 1.994445 -0.015119 0.184484 0.061406 0.980799 0.000000
1403638175545096960.000000 -0.130450 -1.382685 1.971592 -0.022536 0.185403 0.059349 0.980610 0.058764
1403638175595097088.000000 -0.101451 -1.368645 1.950253 -0.029279 0.184583 0.061120 0.980478 0.000000
1403638175645096960.000000 -0.073500 -1.356269 1.928561 -0.036441 0.184157 0.062157 0.980252 0.000000
1403638175695097088.000000 -0.044017 -1.344070 1.908864 -0.042618 0.182888 0.063366 0.980164 0.003497
1403638175745096960.000000 -0.017227 -1.337204 1.892023 -0.046736 0.182233 0.064510 0.980023 0.000000
1403638175795097088.000000 0.010572 -1.327894 1.875508 -0.050864 0.181886 0.064284 0.979897 0.000000
1403638175845096960.000000 0.039875 -1.317185 1.861617 -0.053433 0.181537 0.063327 0.979887 0.039032
1403638175895097088.000000 0.067235 -1.308728 1.850187 -0.054666 0.182057 0.061014 0.979869 0.000000
1403638175945096960.000000 0.095760 -1.297225 1.840680 -0.054313 0.182650 0.057562 0.979988 0.000000
1403638175995097088.000000 0.123270 -1.288341 1.833169 -0.052132 0.184350 0.051096 0.980146 0.003388
1403638176045096960.000000 0.150337 -1.278282 1.827865 -0.044849 0.185412 0.047389 0.980492 0.000000
1403638176095097088.000000 0.178235 -1.269283 1.823409 -0.035234 0.187266 0.040322 0.980849 0.000000
1403638176145096960.000000 0.205604 -1.260885 1.820706 -0.021451 0.188362 0.035924 0.981208 0.052558
1403638176195097088.000000 0.230375 -1.254924 1.819005 -0.005513 0.188423 0.035955 0.981414 0.000000
1403638176245096960.000000 0.257748 -1.248602 1.817271 0.007416 0.187018 0.038914 0.981557 0.000000
1403638176295097088.000000 0.280350 -1.244799 1.816819 0.017493 0.187904 0.037745 0.981306 0.038247
1403638176345096960.000000 0.305720 -1.241532 1.816128 0.023182 0.187539 0.038241 0.981239 0.000000
1403638176395097088.000000 0.328595 -1.237762 1.816046 0.027113 0.188316 0.037924 0.981001 0.000000
1403638176445096960.000000 0.350687 -1.236346 1.815855 0.027024 0.189100 0.036791 0.980896 0.003479
1403638176495097088.000000 0.371753 -1.233651 1.815971 0.027748 0.189739 0.036259 0.980772 0.000000
1403638176545096960.000000 0.392709 -1.233356 1.815869 0.026698 0.190293 0.036128 0.980699 0.000000
1403638176595097088.000000 0.413188 -1.232393 1.815488 0.025123 0.190373 0.036326 0.980718 0.003331
1403638176645096960.000000 0.432830 -1.231206 1.815675 0.024113 0.190979 0.035620 0.980651 0.000000
1403638176695097088.000000 0.452183 -1.231833 1.816017 0.023761 0.190979 0.035656 0.980658 0.000000
1403638176745096960.000000 0.467932 -1.234625 1.815821 0.023424 0.191283 0.035709 0.980605 0.052694
1403638176795097088.000000 0.483602 -1.237870 1.815418 0.022876 0.190840 0.037197 0.980649 0.000000
1403638176845096960.000000 0.499323 -1.241976 1.815748 0.023465 0.189760 0.039983 0.980735 0.000000
1403638176895097088.000000 0.514105 -1.246061 1.816397 0.022641 0.188988 0.042706 0.980789 0.003390
1403638176945096960.000000 0.528040 -1.250620 1.817360 0.022488 0.189098 0.042881 0.980764 0.000000
1403638176995097088.000000 0.542568 -1.251665 1.818103 0.021971 0.189311 0.041768 0.980783 0.000000
1403638177045096960.000000 0.556419 -1.254518 1.819541 0.020379 0.189706 0.040900 0.980777 0.003304
1403638177095097088.000000 0.569272 -1.258277 1.821673 0.019373 0.190591 0.039031 0.980702 0.000000
1403638177145096960.000000 0.581188 -1.259490 1.824930 0.018877 0.191638 0.037407 0.980571 0.000000
1403638177195097088.000000 0.592645 -1.259394 1.828543 0.018389 0.192332 0.035738 0.980507 0.003293
1403638177245096960.000000 0.603671 -1.260154 1.833447 0.018353 0.192982 0.034640 0.980419 0.000000
1403638177295097088.000000 0.614423 -1.259990 1.838706 0.018137 0.193271 0.034233 0.980380 0.000000
1403638177345096960.000000 0.623763 -1.260921 1.843373 0.018283 0.193566 0.033795 0.980335 0.003294
1403638177395097088.000000 0.633917 -1.259086 1.848718 0.018399 0.193510 0.033959 0.980338 0.000000
1403638177445096960.000000 0.641979 -1.258982 1.855131 0.017360 0.193717 0.035093 0.980276 0.000000
1403638177495097088.000000 0.650003 -1.258084 1.861920 0.018297 0.192492 0.039305 0.980340 0.003304
1403638177545096960.000000 0.657141 -1.257215 1.869406 0.019859 0.190455 0.045915 0.980421 0.000000
1403638177595097088.000000 0.664492 -1.256969 1.876238 0.021312 0.187181 0.055140 0.980545 0.000000
1403638177645096960.000000 0.670552 -1.255002 1.884680 0.022635 0.185831 0.060173 0.980476 0.003300
1403638177695097088.000000 0.677106 -1.253300 1.893442 0.023630 0.184153 0.067031 0.980325 0.000000
1403638177745096960.000000 0.683879 -1.250854 1.902215 0.026049 0.183479 0.073210 0.979948 0.000000
1403638177795097088.000000 0.691015 -1.249832 1.911111 0.030425 0.183219 0.078742 0.979441 0.037282
1403638177845096960.000000 0.697493 -1.246742 1.919909 0.036895 0.183259 0.082611 0.978892 0.000000
1403638177895097088.000000 0.705350 -1.244034 1.928873 0.043318 0.183670 0.084946 0.978352 0.000000
1403638177945096960.000000 0.712498 -1.242322 1.936616 0.048411 0.184711 0.086179 0.977809 0.003496
1403638177995097088.000000 0.720128 -1.240126 1.944408 0.052574 0.185981 0.086314 0.977342 0.000000
1403638178045096960.000000 0.727304 -1.239668 1.951274 0.055564 0.189160 0.084071 0.976762 0.000000
1403638178095097088.000000 0.736396 -1.238939 1.956215 0.056828 0.193645 0.082225 0.975967 0.051358
1403638178145096960.000000 0.745156 -1.239132 1.961758 0.057675 0.199299 0.082042 0.974794 0.000000
1403638178195097088.000000 0.754623 -1.239029 1.965391 0.059292 0.205379 0.083782 0.973285 0.000000
1403638178245096960.000000 0.763421 -1.238790 1.968963 0.061885 0.212664 0.086776 0.971295 0.003417
1403638178295097088.000000 0.772070 -1.241547 1.970276 0.062735 0.221128 0.089924 0.969062 0.000000
1403638178345096960.000000 0.780583 -1.243926 1.972539 0.064342 0.230175 0.094251 0.966435 0.000000
1403638178395097088.000000 0.789661 -1.247089 1.972646 0.064593 0.240457 0.098110 0.963526 0.038285
1403638178445096960.000000 0.798926 -1.248297 1.973609 0.063781 0.250657 0.104719 0.960280 0.000000
1403638178495097088.000000 0.808270 -1.248344 1.972753 0.061068 0.261643 0.110868 0.956829 0.000000
1403638178545096960.000000 0.817088 -1.247815 1.972769 0.057305 0.272617 0.117951 0.953144 0.038452
1403638178595097088.000000 0.828044 -1.246992 1.972477 0.053040 0.283017 0.125685 0.949364 0.000000
1403638178645096960.000000 0.838012 -1.245237 1.969010 0.050506 0.292993 0.133187 0.945445 0.000000
1403638178695097088.000000 0.848029 -1.243017 1.967682 0.048695 0.303587 0.139386 0.941295 0.052813
1403638178745096960.000000 0.858915 -1.239725 1.965625 0.048535 0.313926 0.145111 0.937037 0.000000
1403638178795097088.000000 0.868764 -1.236578 1.962309 0.047289 0.324673 0.149333 0.932765 0.000000
1403638178845096960.000000 0.879472 -1.233284 1.958896 0.043934 0.334416 0.153620 0.928783 0.039871
1403638178895097088.000000 0.890207 -1.228873 1.956628 0.040335 0.342677 0.157175 0.925333 0.000000
1403638178945096960.000000 0.900548 -1.223461 1.954276 0.036301 0.349756 0.160377 0.922297 0.000000
1403638178995097088.000000 0.911912 -1.218409 1.949411 0.030939 0.354959 0.163557 0.919943 0.040236
1403638179045096960.000000 0.923000 -1.212462 1.946676 0.025674 0.360052 0.165062 0.917855 0.000000
1403638179095097088.000000 0.934706 -1.205675 1.943626 0.021222 0.364501 0.165370 0.916156 0.000000
1403638179145096960.000000 0.947365 -1.199497 1.941173 0.016798 0.369188 0.165907 0.914272 0.003397
1403638179195097088.000000 0.960430 -1.192895 1.939010 0.012968 0.374394 0.165601 0.912270 0.000000
1403638179245096960.000000 0.973386 -1.185731 1.936325 0.008923 0.379785 0.164987 0.910200 0.000000
1403638179295097088.000000 0.987060 -1.177288 1.934619 0.005149 0.385347 0.165822 0.907736 0.038459
1403638179345096960.000000 1.001642 -1.169551 1.931935 0.002858 0.391810 0.166368 0.904875 0.000000
1403638179395097088.000000 1.016306 -1.162578 1.929420 0.004217 0.399062 0.167938 0.901404 0.000000
1403638179445096960.000000 1.031583 -1.155270 1.928924 0.009973 0.406947 0.170742 0.897297 0.054044
1403638179495097088.000000 1.047316 -1.148557 1.927257 0.017041 0.415536 0.173534 0.892707 0.000000
1403638179545096960.000000 1.063726 -1.140864 1.927589 0.022841 0.424942 0.176479 0.887557 0.000000
1403638179595097088.000000 1.079958 -1.133278 1.926247 0.026713 0.434813 0.179532 0.882039 0.039009
1403638179645096960.000000 1.096255 -1.125306 1.926440 0.029422 0.444402 0.183866 0.876262 0.000000
1403638179695097088.000000 1.113030 -1.119461 1.925656 0.031769 0.454822 0.186670 0.870220 0.000000
1403638179745096960.000000 1.130402 -1.113003 1.924192 0.032599 0.465058 0.190323 0.863965 0.037330
1403638179795097088.000000 1.146798 -1.107571 1.922135 0.033001 0.475085 0.193970 0.857660 0.000000
1403638179845096960.000000 1.164237 -1.101949 1.919975 0.034007 0.485468 0.196708 0.851158 0.000000
1403638179895097088.000000 1.180192 -1.097478 1.916048 0.032877 0.494630 0.201388 0.844810 0.047758
1403638179945096960.000000 1.196939 -1.093807 1.912411 0.030095 0.502239 0.206179 0.839250 0.000000
1403638179995097088.000000 1.213145 -1.090247 1.908681 0.025743 0.508516 0.211318 0.834322 0.000000
1403638180045096960.000000 1.230025 -1.086314 1.904897 0.021866 0.513130 0.216740 0.830207 0.038543
1403638180095097088.000000 1.247157 -1.082870 1.901770 0.020815 0.517514 0.220779 0.826439 0.000000
1403638180145096960.000000 1.263078 -1.080104 1.897145 0.020011 0.521015 0.223983 0.823392 0.000000
1403638180195097088.000000 1.280497 -1.076572 1.893277 0.019618 0.524596 0.224121 0.821087 0.003387
1403638180245096960.000000 1.297485 -1.073711 1.888384 0.019010 0.526994 0.225300 0.819241 0.000000
1403638180295097088.000000 1.315473 -1.069441 1.884122 0.017692 0.528327 0.226928 0.817962 0.000000
1403638180345096960.000000 1.333311 -1.065383 1.880533 0.017408 0.528992 0.228672 0.817052 0.039084
1403638180395097088.000000 1.350561 -1.061384 1.877904 0.015933 0.530304 0.227979 0.816425 0.000000
1403638180445096960.000000 1.369249 -1.055277 1.874142 0.013509 0.530913 0.227078 0.816324 0.000000
1403638180495097088.000000 1.387491 -1.049333 1.871008 0.013139 0.532009 0.224746 0.816261 0.003384
1403638180545096960.000000 1.405221 -1.044026 1.867214 0.011941 0.532579 0.222463 0.816534 0.000000
1403638180595097088.000000 1.425087 -1.037530 1.864135 0.010622 0.532581 0.221219 0.816889 0.000000
1403638180645096960.000000 1.443916 -1.032045 1.861218 0.007498 0.532362 0.219863 0.817432 0.003313
1403638180695097088.000000 1.463748 -1.026626 1.857778 0.005267 0.531294 0.219839 0.818150 0.000000
1403638180745096960.000000 1.483780 -1.022078 1.854913 0.000926 0.529806 0.220517 0.818949 0.000000
1403638180795097088.000000 1.505010 -1.018633 1.851772 -0.000488 0.527931 0.221894 0.819788 0.047834
1403638180845096960.000000 1.525181 -1.016674 1.847965 -0.001609 0.526246 0.222364 0.820742 0.000000
1403638180895097088.000000 1.546767 -1.015072 1.844488 -0.000851 0.524529 0.222866 0.821705 0.000000
1403638180945096960.000000 1.568696 -1.013437 1.841389 0.000036 0.523058 0.223015 0.822602 0.003482
1403638180995097088.000000 1.591186 -1.011481 1.838517 0.002335 0.521610 0.223425 0.823407 0.000000
1403638181045096960.000000 1.613830 -1.009357 1.836513 0.004802 0.520265 0.223290 0.824283 0.000000
1403638181095097088.000000 1.636583 -1.006381 1.834299 0.005998 0.518914 0.223525 0.825063 0.003331
1403638181145096960.000000 1.660678 -1.002368 1.832669 0.008615 0.517437 0.225095 0.825541 0.000000
1403638181195097088.000000 1.684252 -0.999495 1.830677 0.012212 0.516798 0.224272 0.826119 0.000000
1403638181245096960.000000 1.709385 -0.995050 1.829786 0.017714 0.516742 0.224266 0.826056 0.039212
1403638181295097088.000000 1.734622 -0.990762 1.828699 0.025012 0.518064 0.225197 0.824785 0.000000
1403638181345096960.000000 1.759422 -0.985560 1.826991 0.030641 0.521140 0.226011 0.822431 0.000000
1403638181395097088.000000 1.785704 -0.979730 1.825016 0.036535 0.524988 0.229006 0.818907 0.003393
1403638181445096960.000000 1.810745 -0.974410 1.823174 0.041542 0.529786 0.233692 0.814242 0.000000
1403638181495097088.000000 1.836901 -0.967407 1.820747 0.048034 0.536733 0.236944 0.808374 0.000000
1403638181545096960.000000 1.862819 -0.960474 1.817835 0.058045 0.545192 0.238978 0.801427 0.039309
1403638181595097088.000000 1.888872 -0.953177 1.813447 0.064862 0.555293 0.238444 0.794095 0.000000
1403638181645096960.000000 1.914206 -0.944887 1.808733 0.066944 0.565363 0.238832 0.786665 0.000000
1403638181695097088.000000 1.939922 -0.936666 1.802065 0.064305 0.575570 0.239090 0.779372 0.047814
1403638181745096960.000000 1.964993 -0.929293 1.795399 0.060325 0.585095 0.240854 0.772020 0.000000
1403638181795097088.000000 1.988771 -0.922338 1.787088 0.055670 0.595250 0.241427 0.764390 0.000000
1403638181845096960.000000 2.011835 -0.916792 1.777529 0.049278 0.604712 0.243066 0.756845 0.038485
1403638181895097088.000000 2.035491 -0.910883 1.767305 0.042105 0.613908 0.244386 0.749413 0.000000
1403638181945096960.000000 2.058241 -0.905580 1.756718 0.037412 0.621223 0.247968 0.742424 0.000000
1403638181995097088.000000 2.080838 -0.901128 1.745677 0.032979 0.626808 0.251868 0.736605 0.052451
1403638182045096960.000000 2.102042 -0.898107 1.734126 0.028249 0.630697 0.257165 0.731635 0.000000
1403638182095097088.000000 2.123207 -0.895992 1.722443 0.024944 0.634314 0.261376 0.727122 0.000000
1403638182145096960.000000 2.145400 -0.893760 1.710081 0.021725 0.637014 0.265348 0.723417 0.042357
1403638182195097088.000000 2.167264 -0.891267 1.698140 0.019805 0.639331 0.268515 0.720253 0.000000
1403638182245096960.000000 2.189034 -0.888445 1.685500 0.019604 0.639729 0.274328 0.717709 0.000000
1403638182295097088.000000 2.210994 -0.886121 1.673331 0.019442 0.639714 0.279340 0.715792 0.003379
1403638182345096960.000000 2.233022 -0.882657 1.661503 0.020444 0.639646 0.283047 0.714366 0.000000
1403638182395097088.000000 2.255346 -0.879276 1.649202 0.019808 0.638687 0.286948 0.713686 0.000000
1403638182445096960.000000 2.278528 -0.874951 1.636498 0.016311 0.639661 0.285780 0.713370 0.038454
1403638182495097088.000000 2.301424 -0.872034 1.622742 0.011562 0.640086 0.284307 0.713671 0.000000
1403638182545096960.000000 2.324961 -0.870001 1.609074 0.005729 0.641246 0.280575 0.714177 0.000000
1403638182595097088.000000 2.348852 -0.868381 1.594679 0.000556 0.642052 0.276888 0.714915 0.003405
1403638182645096960.000000 2.373855 -0.867622 1.579834 -0.002307 0.641761 0.275200 0.715823 0.000000
1403638182695097088.000000 2.399013 -0.867851 1.564895 -0.003953 0.641147 0.273796 0.716903 0.000000
1403638182745096960.000000 2.425105 -0.868040 1.549690 -0.003206 0.640010 0.273790 0.717925 0.047960
1403638182795097088.000000 2.451535 -0.868553 1.534891 -0.002488 0.639359 0.272904 0.718844 0.000000
1403638182845096960.000000 2.478040 -0.868814 1.520965 -0.001245 0.638863 0.271901 0.719668 0.000000
1403638182895097088.000000 2.505276 -0.868254 1.506773 0.001488 0.638588 0.270339 0.720500 0.003390
1403638182945096960.000000 2.532279 -0.867474 1.493110 0.004841 0.638375 0.268718 0.721280 0.000000
1403638182995097088.000000 2.560472 -0.866298 1.479739 0.009016 0.638970 0.265390 0.721945 0.000000
1403638183045096960.000000 2.588174 -0.864700 1.466534 0.012891 0.639401 0.262238 0.722656 0.038312
1403638183095097088.000000 2.616635 -0.862858 1.454139 0.014832 0.640347 0.257822 0.723370 0.000000
1403638183145096960.000000 2.645183 -0.859829 1.442135 0.014982 0.641746 0.252936 0.723852 0.000000
1403638183195097088.000000 2.673327 -0.856442 1.429924 0.015353 0.641974 0.250763 0.724397 0.054136
1403638183245096960.000000 2.701646 -0.852044 1.418772 0.011454 0.641884 0.249427 0.725011 0.000000
1403638183295097088.000000 2.729189 -0.847733 1.406929 0.008120 0.641060 0.250367 0.725461 0.000000
1403638183345096960.000000 2.756445 -0.843259 1.396149 0.004582 0.639362 0.253742 0.725817 0.003376
1403638183395097088.000000 2.784131 -0.838349 1.386314 0.000827 0.637835 0.256786 0.726104 0.000000
1403638183445096960.000000 2.813133 -0.832884 1.376649 -0.003884 0.636684 0.259092 0.726285 0.000000
1403638183495097088.000000 2.840864 -0.827911 1.367205 -0.007743 0.636192 0.260164 0.726302 0.042288
1403638183545096960.000000 2.869722 -0.822521 1.358550 -0.011348 0.635717 0.260527 0.726540 0.000000
1403638183595097088.000000 2.899027 -0.817079 1.350071 -0.011985 0.635365 0.261520 0.726481 0.000000
1403638183645096960.000000 2.928861 -0.812354 1.341982 -0.009433 0.635912 0.260442 0.726428 0.003932
1403638183695097088.000000 2.958550 -0.808174 1.333771 -0.007119 0.638039 0.255002 0.726519 0.000000
1403638183745096960.000000 2.989246 -0.804943 1.326053 -0.000866 0.639679 0.251249 0.726418 0.000000
1403638183795097088.000000 3.019816 -0.801996 1.318291 0.002085 0.641873 0.245768 0.726356 0.060438
1403638183845096960.000000 3.050399 -0.800655 1.310107 0.006281 0.644055 0.240221 0.726256 0.000000
1403638183895097088.000000 3.080448 -0.800518 1.302199 0.009683 0.645367 0.237416 0.725976 0.000000
1403638183945096960.000000 3.109915 -0.801124 1.294323 0.010971 0.645840 0.236355 0.725883 0.038411
1403638183995097088.000000 3.140649 -0.801760 1.287679 0.010643 0.646026 0.236756 0.725592 0.000000
1403638184045096960.000000 3.169821 -0.804643 1.280754 0.010097 0.645447 0.238847 0.725430 0.000000
1403638184095097088.000000 3.198428 -0.807220 1.273611 0.007019 0.644313 0.242315 0.725324 0.003397
1403638184145096960.000000 3.227668 -0.809454 1.267700 0.002372 0.643327 0.245292 0.725229 0.000000
1403638184195097088.000000 3.257442 -0.811473 1.262061 -0.000399 0.641735 0.250306 0.724929 0.000000
1403638184245096960.000000 3.285955 -0.813415 1.256276 -0.003192 0.640761 0.253143 0.724799 0.052898
1403638184295097088.000000 3.315122 -0.815068 1.251154 -0.003877 0.640583 0.254605 0.724441 0.000000
1403638184345096960.000000 3.344371 -0.816216 1.246449 -0.003531 0.641325 0.253231 0.724267 0.000000
1403638184395097088.000000 3.374980 -0.817410 1.242790 -0.000493 0.642177 0.251606 0.724088 0.003469
1403638184445096960.000000 3.404381 -0.818007 1.239535 0.001429 0.643162 0.249560 0.723920 0.000000
1403638184495097088.000000 3.434504 -0.818699 1.236868 0.002650 0.644546 0.246711 0.723663 0.000000
1403638184545096960.000000 3.464453 -0.819606 1.234495 0.004223 0.644999 0.246081 0.723466 0.037552
1403638184595097088.000000 3.495056 -0.820386 1.232546 0.005461 0.645659 0.245154 0.723183 0.000000
1403638184645096960.000000 3.524854 -0.822050 1.230839 0.007226 0.645891 0.244828 0.723071 0.000000
1403638184695097088.000000 3.554412 -0.823633 1.229037 0.006319 0.646084 0.244679 0.722958 0.003410
1403638184745096960.000000 3.584126 -0.824833 1.227260 0.007962 0.645828 0.245823 0.722782 0.000000
1403638184795097088.000000 3.614283 -0.826804 1.226400 0.008536 0.645898 0.245576 0.722797 0.000000
1403638184845096960.000000 3.643862 -0.828184 1.226107 0.007823 0.646045 0.246347 0.722412 0.051550
1403638184895097088.000000 3.673387 -0.829684 1.225577 0.006918 0.646816 0.244781 0.722263 0.000000
1403638184945096960.000000 3.702579 -0.832265 1.225281 0.008530 0.647591 0.243187 0.722090 0.000000
1403638184995097088.000000 3.731852 -0.834881 1.224964 0.009077 0.647470 0.243746 0.722003 0.003397
1403638185045096960.000000 3.760374 -0.838402 1.224871 0.009767 0.647163 0.244588 0.721985 0.000000
1403638185095097088.000000 3.789857 -0.841354 1.225397 0.007703 0.647427 0.243996 0.721973 0.000000
1403638185145096960.000000 3.818150 -0.844452 1.226552 0.006644 0.647215 0.244110 0.722135 0.037382
1403638185195097088.000000 3.846507 -0.848368 1.226994 0.005767 0.647581 0.242945 0.722208 0.000000
1403638185245096960.000000 3.874508 -0.852396 1.228899 0.002573 0.648183 0.240757 0.722418 0.000000
1403638185295097088.000000 3.901948 -0.856531 1.229739 0.001973 0.648628 0.239174 0.722547 0.003494
1403638185345096960.000000 3.931447 -0.859493 1.232713 0.000683 0.649350 0.237081 0.722590 0.000000
1403638185395097088.000000 3.958210 -0.864605 1.234830 0.001070 0.649555 0.233513 0.723567 0.000000
1403638185445096960.000000 3.986607 -0.868734 1.238561 0.002017 0.648771 0.229313 0.725608 0.051575
1403638185495097088.000000 4.013450 -0.874306 1.242584 0.002907 0.646957 0.223987 0.728881 0.000000
1403638185545096960.000000 4.041586 -0.878778 1.246794 0.003433 0.643741 0.219155 0.733182 0.000000
1403638185595097088.000000 4.067462 -0.884927 1.251407 0.004958 0.639478 0.215294 0.738033 0.037588
1403638185645096960.000000 4.093275 -0.891529 1.257169 0.005393 0.635612 0.211154 0.742551 0.000000
1403638185695097088.000000 4.119939 -0.897247 1.263111 0.008733 0.631122 0.209569 0.746786 0.000000
1403638185745096960.000000 4.144423 -0.903701 1.269692 0.013096 0.626297 0.210127 0.750618 0.037667
1403638185795097088.000000 4.170611 -0.909318 1.277652 0.017173 0.620561 0.214875 0.753949 0.000000
1403638185845096960.000000 4.194670 -0.917048 1.285127 0.022866 0.613395 0.224911 0.756729 0.000000
1403638185895097088.000000 4.217838 -0.924547 1.292396 0.026953 0.607009 0.233902 0.759015 0.052795
1403638185945096960.000000 4.242095 -0.929849 1.300573 0.030535 0.601058 0.242598 0.760883 0.000000
1403638185995097088.000000 4.265211 -0.935807 1.308113 0.032087 0.597785 0.246306 0.762205 0.000000
1403638186045096960.000000 4.289624 -0.939422 1.314953 0.029632 0.596531 0.246154 0.763335 0.003381
1403638186095097088.000000 4.314222 -0.942402 1.322784 0.025881 0.596149 0.244459 0.764314 0.000000
1403638186145096960.000000 4.336722 -0.946258 1.330244 0.022878 0.596888 0.241434 0.764794 0.000000
1403638186195097088.000000 4.361291 -0.948357 1.337589 0.019394 0.597676 0.238309 0.765256 0.003348
1403638186245096960.000000 4.384714 -0.951856 1.344961 0.017831 0.597985 0.237160 0.765409 0.000000
1403638186295097088.000000 4.408483 -0.955669 1.351112 0.016008 0.598647 0.235003 0.765597 0.000000
1403638186345096960.000000 4.431982 -0.960225 1.357562 0.014206 0.599324 0.233378 0.765600 0.038224
1403638186395097088.000000 4.455715 -0.965067 1.363936 0.013282 0.599626 0.232972 0.765504 0.000000
1403638186445096960.000000 4.479660 -0.971812 1.369773 0.013301 0.599934 0.232430 0.765427 0.000000
1403638186495097088.000000 4.503320 -0.978235 1.375235 0.014015 0.600831 0.231242 0.765070 0.003403
1403638186545096960.000000 4.526217 -0.984937 1.380415 0.011973 0.601649 0.230061 0.764818 0.000000
1403638186595097088.000000 4.550079 -0.991500 1.386467 0.010904 0.602526 0.228862 0.764504 0.000000
1403638186645096960.000000 4.572810 -0.997689 1.392534 0.008914 0.603295 0.227937 0.764199 0.037767
1403638186695097088.000000 4.596278 -1.003315 1.398759 0.006914 0.604761 0.225107 0.763901 0.000000
1403638186745096960.000000 4.620299 -1.007430 1.406669 0.004676 0.605535 0.221190 0.764448 0.000000
1403638186795097088.000000 4.643993 -1.012748 1.414899 0.002148 0.605294 0.216785 0.765911 0.003376
1403638186845096960.000000 4.666608 -1.016395 1.422668 0.000411 0.603827 0.212198 0.768352 0.000000
1403638186895097088.000000 4.689351 -1.020432 1.432184 -0.002546 0.600702 0.209000 0.771667 0.000000
1403638186945096960.000000 4.710710 -1.026394 1.442557 -0.003047 0.595696 0.206596 0.776180 0.048011
1403638186995097088.000000 4.732283 -1.032028 1.451478 -0.003457 0.588858 0.204377 0.781962 0.000000
1403638187045096960.000000 4.752742 -1.039365 1.461648 0.001393 0.579953 0.203480 0.788827 0.000000
1403638187095097088.000000 4.775725 -1.045574 1.474805 0.006785 0.570122 0.200988 0.796567 0.039838
1403638187145096960.000000 4.796111 -1.054191 1.486740 0.013415 0.559569 0.197080 0.804898 0.000000
1403638187195097088.000000 4.817414 -1.063504 1.496470 0.019884 0.547982 0.193873 0.813470 0.000000
1403638187245096960.000000 4.839817 -1.072536 1.510243 0.026933 0.536334 0.189199 0.822085 0.039777
1403638187295097088.000000 4.859143 -1.084428 1.519528 0.032705 0.525435 0.182850 0.830310 0.000000
1403638187345096960.000000 4.878663 -1.095390 1.529811 0.036999 0.514950 0.177353 0.837856 0.000000
1403638187395097088.000000 4.896777 -1.109404 1.539165 0.041947 0.506120 0.171807 0.844136 0.048159
1403638187445096960.000000 4.917114 -1.118542 1.549879 0.045348 0.498435 0.166304 0.849617 0.000000
1403638187495097088.000000 4.935235 -1.131800 1.561194 0.046486 0.491632 0.163702 0.854014 0.000000
1403638187545096960.000000 4.953671 -1.143509 1.571822 0.045370 0.485661 0.161959 0.857814 0.039752
1403638187595097088.000000 4.970506 -1.156243 1.580939 0.041936 0.480308 0.162404 0.860913 0.000000
1403638187645096960.000000 4.988712 -1.165384 1.590604 0.038299 0.475890 0.163781 0.863272 0.000000
1403638187695097088.000000 5.001482 -1.177401 1.597656 0.034723 0.472921 0.163605 0.865086 0.003412
1403638187745096960.000000 5.018898 -1.186693 1.608075 0.031735 0.471524 0.162284 0.866211 0.000000
1403638187795097088.000000 5.033555 -1.197835 1.617960 0.028988 0.470770 0.160849 0.866985 0.000000
1403638187845096960.000000 5.050066 -1.207493 1.626581 0.027928 0.471054 0.158191 0.867354 0.039593
1403638187895097088.000000 5.063852 -1.214767 1.635066 0.025694 0.472377 0.153951 0.867467 0.000000
1403638187945096960.000000 5.078975 -1.225974 1.647790 0.025895 0.473996 0.150639 0.867159 0.000000
1403638187995097088.000000 5.089272 -1.234998 1.656414 0.026835 0.476524 0.146051 0.866530 0.003397
1403638188045096960.000000 5.104146 -1.242223 1.670119 0.028202 0.478974 0.142018 0.865806 0.000000
1403638188095097088.000000 5.115263 -1.252845 1.680186 0.027972 0.481567 0.137623 0.865084 0.000000
1403638188145096960.000000 5.127957 -1.259618 1.693513 0.028322 0.484327 0.133090 0.864241 0.048065
1403638188195097088.000000 5.137979 -1.268462 1.706592 0.031378 0.486223 0.130949 0.863397 0.000000
1403638188245096960.000000 5.149157 -1.275182 1.721462 0.037605 0.487567 0.130393 0.862475 0.000000
1403638188295097088.000000 5.157755 -1.281765 1.732213 0.048660 0.487394 0.131706 0.861819 0.039550
1403638188345096960.000000 5.163662 -1.290208 1.744596 0.059530 0.487443 0.132873 0.860930 0.000000
1403638188395097088.000000 5.170297 -1.296406 1.758077 0.069516 0.488122 0.132542 0.859847 0.000000
1403638188445096960.000000 5.177649 -1.301055 1.772687 0.078071 0.488236 0.132916 0.858990 0.039476
1403638188495097088.000000 5.177279 -1.307213 1.782709 0.085029 0.488224 0.134247 0.858129 0.000000
1403638188545096960.000000 5.181688 -1.310194 1.796664 0.091547 0.488496 0.133991 0.857343 0.000000
1403638188595097088.000000 5.184948 -1.314652 1.808388 0.094083 0.487233 0.134921 0.857641 0.003375
1403638188645096960.000000 5.181901 -1.319979 1.819892 0.093020 0.485766 0.134853 0.858600 0.000000
1403638188695097088.000000 5.182148 -1.323399 1.831754 0.091285 0.482523 0.135677 0.860483 0.000000
1403638188745096960.000000 5.176280 -1.330093 1.839525 0.087041 0.478117 0.137341 0.863114 0.038705
1403638188795097088.000000 5.169252 -1.334809 1.847650 0.080863 0.474470 0.138291 0.865572 0.000000
1403638188845096960.000000 5.162490 -1.338554 1.853966 0.076899 0.470329 0.139719 0.867961 0.000000
1403638188895097088.000000 5.154152 -1.344644 1.861248 0.073469 0.467146 0.140504 0.869848 0.003495
1403638188945096960.000000 5.146304 -1.354677 1.866329 0.069624 0.464122 0.141674 0.871592 0.000000
1403638188995097088.000000 5.137536 -1.362245 1.872396 0.066756 0.461395 0.141742 0.873251 0.000000
1403638189045096960.000000 5.125113 -1.370043 1.872211 0.065669 0.457060 0.142438 0.875497 0.038569
1403638189095097088.000000 5.114016 -1.377395 1.874733 0.065915 0.452079 0.142200 0.878099 0.000000
1403638189145096960.000000 5.100473 -1.384865 1.878145 0.066065 0.446413 0.141004 0.881175 0.000000
1403638189195097088.000000 5.087582 -1.390406 1.881147 0.066720 0.438950 0.140662 0.884921 0.040504
1403638189245096960.000000 5.073924 -1.396872 1.883978 0.065897 0.430659 0.140091 0.889137 0.000000
1403638189295097088.000000 5.058944 -1.403374 1.885742 0.064242 0.421708 0.139071 0.893697 0.000000
1403638189345096960.000000 5.044100 -1.412061 1.888700 0.059121 0.412633 0.138148 0.898417 0.045893
1403638189395097088.000000 5.028406 -1.413428 1.889934 0.051441 0.403890 0.138221 0.902841 0.000000
1403638189445096960.000000 5.013036 -1.418082 1.890328 0.042726 0.395528 0.138987 0.906871 0.000000
1403638189495097088.000000 4.995114 -1.423137 1.891620 0.035005 0.388549 0.139310 0.910163 0.037737
1403638189545096960.000000 4.979942 -1.428914 1.891545 0.029340 0.382266 0.140221 0.912880 0.000000
1403638189595097088.000000 4.962487 -1.436299 1.892117 0.025614 0.377614 0.140286 0.914916 0.000000
1403638189645096960.000000 4.948190 -1.441001 1.892027 0.022956 0.372955 0.141175 0.916759 0.037740
1403638189695097088.000000 4.932115 -1.447531 1.893198 0.018951 0.368893 0.143689 0.918103 0.000000
1403638189745096960.000000 4.917551 -1.454833 1.891054 0.014583 0.365161 0.146964 0.919155 0.000000
1403638189795097088.000000 4.903615 -1.459205 1.894896 0.011450 0.362904 0.149143 0.919743 0.003486
1403638189845096960.000000 4.890300 -1.465139 1.895229 0.007058 0.361068 0.151080 0.920193 0.000000
1403638189895097088.000000 4.876830 -1.469800 1.895431 0.002577 0.360226 0.151484 0.920480 0.000000
1403638189945096960.000000 4.862694 -1.474660 1.899485 -0.000571 0.359801 0.152285 0.920517 0.037667
1403638189995097088.000000 4.851720 -1.479740 1.902392 -0.000241 0.360346 0.151347 0.920459 0.000000
1403638190045096960.000000 4.841518 -1.483132 1.906305 0.003675 0.361657 0.149200 0.920288 0.000000
1403638190095097088.000000 4.829939 -1.484250 1.911956 0.009541 0.363067 0.147058 0.920035 0.003390
1403638190145096960.000000 4.821541 -1.489072 1.916153 0.015623 0.365064 0.143343 0.919748 0.000000
1403638190195097088.000000 4.811477 -1.489566 1.921883 0.022088 0.367331 0.139883 0.919246 0.000000
1403638190245096960.000000 4.802591 -1.490369 1.928799 0.029157 0.370597 0.132930 0.918770 0.052452
1403638190295097088.000000 4.793587 -1.492604 1.931933 0.033340 0.373148 0.122691 0.919019 0.000000
1403638190345096960.000000 4.784006 -1.494478 1.935068 0.036270 0.374149 0.112593 0.919794 0.000000
1403638190395097088.000000 4.773712 -1.493570 1.942804 0.039345 0.374280 0.102056 0.920843 0.039685
1403638190445096960.000000 4.762771 -1.494213 1.947530 0.039236 0.373299 0.093372 0.922166 0.000000
1403638190495097088.000000 4.752674 -1.492687 1.954960 0.039289 0.370792 0.088797 0.923626 0.000000
1403638190545096960.000000 4.739075 -1.491388 1.962350 0.039186 0.367257 0.088177 0.925101 0.003477
1403638190595097088.000000 4.725752 -1.491370 1.968956 0.037723 0.363579 0.088207 0.926611 0.000000
1403638190645096960.000000 4.711955 -1.492160 1.975974 0.037436 0.360243 0.088754 0.927872 0.000000
1403638190695097088.000000 4.697330 -1.489972 1.985401 0.037887 0.357070 0.090456 0.928915 0.037774
1403638190745096960.000000 4.682595 -1.488819 1.993224 0.038668 0.354353 0.090797 0.929890 0.000000
1403638190795097088.000000 4.665933 -1.491135 1.999174 0.040294 0.350410 0.095446 0.930849 0.000000
1403638190845096960.000000 4.650537 -1.493035 2.005751 0.041058 0.346471 0.100779 0.931727 0.003361
1403638190895097088.000000 4.633674 -1.494126 2.012240 0.042057 0.343291 0.105444 0.932344 0.000000
1403638190945096960.000000 4.617091 -1.497622 2.018892 0.041270 0.341500 0.106871 0.932874 0.000000
1403638190995097088.000000 4.599150 -1.501661 2.025821 0.043178 0.339852 0.109253 0.933113 0.037782
1403638191045096960.000000 4.582272 -1.507115 2.029228 0.046430 0.338880 0.109124 0.933325 0.000000
1403638191095097088.000000 4.564312 -1.511503 2.033537 0.048804 0.338461 0.109095 0.933360 0.000000
1403638191145096960.000000 4.546693 -1.517808 2.038126 0.046915 0.337892 0.110107 0.933544 0.003402
1403638191195097088.000000 4.528966 -1.521945 2.041712 0.042719 0.336942 0.111819 0.933885 0.000000
1403638191245096960.000000 4.509387 -1.528353 2.044071 0.036460 0.336143 0.114258 0.934143 0.000000
1403638191295097088.000000 4.491444 -1.535528 2.047626 0.030145 0.334922 0.117958 0.934347 0.003339
1403638191345096960.000000 4.473575 -1.542758 2.050048 0.025248 0.334722 0.118195 0.934534 0.000000
1403638191395097088.000000 4.455460 -1.550042 2.053456 0.021514 0.335197 0.118663 0.934398 0.000000
1403638191445096960.000000 4.436877 -1.557061 2.056918 0.019371 0.335353 0.119401 0.934295 0.052532
1403638191495097088.000000 4.419163 -1.561849 2.060724 0.018980 0.335351 0.120656 0.934142 0.000000
1403638191545096960.000000 4.401485 -1.567540 2.063488 0.018633 0.336014 0.120228 0.933966 0.000000
1403638191595097088.000000 4.383768 -1.573868 2.068842 0.018275 0.337003 0.119104 0.933761 0.003497
1403638191645096960.000000 4.365805 -1.579072 2.073222 0.017900 0.337830 0.118274 0.933575 0.000000
1403638191695097088.000000 4.348814 -1.581860 2.080625 0.016293 0.339280 0.115544 0.933420 0.000000
1403638191745096960.000000 4.331305 -1.585942 2.087975 0.014613 0.340990 0.112634 0.933181 0.003338
1403638191795097088.000000 4.315200 -1.587505 2.094310 0.013716 0.342137 0.109673 0.933127 0.000000
1403638191845096960.000000 4.297902 -1.590998 2.101604 0.011956 0.342983 0.108086 0.933026 0.000000
1403638191895097088.000000 4.281106 -1.593424 2.109938 0.012433 0.343468 0.107540 0.932904 0.003295
1403638191945096960.000000 4.263094 -1.596847 2.116548 0.012275 0.343382 0.108133 0.932869 0.000000
1403638191995097088.000000 4.246999 -1.601709 2.124761 0.012146 0.343070 0.108570 0.932935 0.000000
1403638192045096960.000000 4.229514 -1.605884 2.134107 0.012398 0.343783 0.106931 0.932859 0.039546
1403638192095097088.000000 4.213003 -1.611406 2.142697 0.012135 0.343834 0.106773 0.932862 0.000000
1403638192145096960.000000 4.195602 -1.617736 2.151400 0.013451 0.343174 0.108083 0.932936 0.000000
1403638192195097088.000000 4.178884 -1.624132 2.161029 0.015588 0.342638 0.109186 0.932971 0.003396
1403638192245096960.000000 4.160537 -1.634392 2.168691 0.018329 0.342470 0.109293 0.932970 0.000000
1403638192295097088.000000 4.143399 -1.641907 2.178527 0.024280 0.342034 0.110321 0.932873 0.000000
1403638192345096960.000000 4.125515 -1.652133 2.186518 0.029228 0.341678 0.110210 0.932875 0.051825
1403638192395097088.000000 4.107903 -1.663166 2.195642 0.032060 0.341576 0.110276 0.932812 0.000000
1403638192445096960.000000 4.090323 -1.674396 2.202680 0.033619 0.341245 0.110657 0.932833 0.000000
1403638192495097088.000000 4.072034 -1.686002 2.210532 0.036220 0.341084 0.110851 0.932771 0.003477
1403638192545096960.000000 4.055063 -1.698950 2.219788 0.038732 0.341532 0.110052 0.932601 0.000000
1403638192595097088.000000 4.035803 -1.712817 2.227293 0.042024 0.342152 0.108762 0.932382 0.000000
1403638192645096960.000000 4.018657 -1.725852 2.231972 0.048412 0.343045 0.106434 0.932013 0.042304
1403638192695097088.000000 3.998839 -1.739328 2.242757 0.054046 0.343277 0.107452 0.931501 0.000000
1403638192745096960.000000 3.980618 -1.750438 2.248167 0.059658 0.343936 0.105886 0.931095 0.000000
1403638192795097088.000000 3.961181 -1.762444 2.253954 0.065638 0.343814 0.106381 0.930681 0.003715
1403638192845096960.000000 3.940712 -1.771440 2.260324 0.071131 0.343501 0.107116 0.930308 0.000000
1403638192895097088.000000 3.921306 -1.780147 2.266037 0.080129 0.342501 0.108942 0.929733 0.000000
1403638192945096960.000000 3.900794 -1.789268 2.271519 0.091810 0.340506 0.112642 0.928945 0.053417
1403638192995097088.000000 3.877783 -1.797586 2.276077 0.101091 0.338741 0.115671 0.928254 0.000000
1403638193045096960.000000 3.856962 -1.803903 2.277815 0.107448 0.334658 0.119409 0.928548 0.000000
1403638193095097088.000000 3.835184 -1.810243 2.279047 0.107785 0.330791 0.120190 0.929793 0.003418
1403638193145096960.000000 3.812485 -1.818085 2.278597 0.102399 0.326555 0.119279 0.932013 0.000000
1403638193195097088.000000 3.789505 -1.825504 2.277154 0.095364 0.322969 0.117752 0.934201 0.000000
1403638193245096960.000000 3.766172 -1.832082 2.273217 0.089124 0.319834 0.114824 0.936258 0.038287
1403638193295097088.000000 3.742851 -1.841476 2.269218 0.083535 0.316892 0.112578 0.938045 0.000000
1403638193345096960.000000 3.719319 -1.847524 2.262621 0.078548 0.315404 0.108020 0.939512 0.000000
1403638193395097088.000000 3.695479 -1.854481 2.255523 0.076326 0.314241 0.103090 0.940638 0.003429
1403638193445096960.000000 3.670940 -1.864177 2.247221 0.074790 0.313692 0.098876 0.941397 0.000000
1403638193495097088.000000 3.646407 -1.874009 2.239551 0.075335 0.312627 0.096639 0.941940 0.000000
1403638193545096960.000000 3.620671 -1.878331 2.228143 0.075960 0.311290 0.094938 0.942505 0.003357
1403638193595097088.000000 3.594259 -1.882905 2.219814 0.074171 0.310133 0.095026 0.943020 0.000000
1403638193645096960.000000 3.569366 -1.888703 2.211624 0.069054 0.308925 0.095644 0.943742 0.000000
1403638193695097088.000000 3.544363 -1.891077 2.199188 0.062306 0.307085 0.097668 0.944604 0.051805
1403638193745096960.000000 3.518141 -1.893300 2.187323 0.056443 0.304729 0.101532 0.945328 0.000000
1403638193795097088.000000 3.490910 -1.894268 2.179619 0.050999 0.303985 0.103306 0.945685 0.000000
1403638193845096960.000000 3.465951 -1.896695 2.168404 0.046945 0.303597 0.104041 0.945939 0.003393
1403638193895097088.000000 3.439158 -1.899198 2.158944 0.043584 0.303268 0.105558 0.946038 0.000000
1403638193945096960.000000 3.413284 -1.899317 2.149345 0.040545 0.303251 0.105989 0.946130 0.000000
1403638193995097088.000000 3.388056 -1.898870 2.140727 0.039841 0.302658 0.107818 0.946143 0.038232
1403638194045096960.000000 3.361528 -1.897589 2.130963 0.039699 0.302972 0.107662 0.946066 0.000000
1403638194095097088.000000 3.336225 -1.898269 2.121076 0.042730 0.304342 0.105709 0.945714 0.000000
1403638194145096960.000000 3.310461 -1.897400 2.110837 0.047205 0.305162 0.104826 0.945336 0.003400
1403638194195097088.000000 3.284507 -1.893305 2.102884 0.051767 0.306449 0.102809 0.944902 0.000000
1403638194245096960.000000 3.258648 -1.890017 2.095179 0.056079 0.307317 0.102226 0.944437 0.000000
1403638194295097088.000000 3.233399 -1.886910 2.084822 0.057095 0.307571 0.101944 0.944324 0.003333
1403638194345096960.000000 3.209370 -1.882525 2.072397 0.053879 0.306493 0.103895 0.944651 0.000000
1403638194395097088.000000 3.182749 -1.879117 2.062149 0.050593 0.306289 0.105484 0.944722 0.000000
1403638194445096960.000000 3.156938 -1.877081 2.051565 0.047268 0.305635 0.107917 0.944832 0.003293
1403638194495097088.000000 3.132682 -1.874072 2.041149 0.043869 0.305090 0.110072 0.944923 0.000000
1403638194545096960.000000 3.106311 -1.872382 2.029846 0.040336 0.305480 0.110396 0.944917 0.000000
1403638194595097088.000000 3.080585 -1.870251 2.017328 0.037271 0.305154 0.111774 0.944986 0.051736
1403638194645096960.000000 3.055703 -1.867766 2.006164 0.032906 0.305022 0.112848 0.945063 0.000000
1403638194695097088.000000 3.031127 -1.867545 1.994173 0.027673 0.304557 0.114762 0.945150 0.000000
1403638194745096960.000000 3.006727 -1.867095 1.981322 0.023553 0.304637 0.115561 0.945139 0.003449
1403638194795097088.000000 2.982615 -1.863016 1.970189 0.020304 0.305023 0.115759 0.945065 0.000000
1403638194845096960.000000 2.958863 -1.861464 1.960896 0.016896 0.305064 0.116876 0.944982 0.000000
1403638194895097088.000000 2.936687 -1.857725 1.949106 0.014477 0.305462 0.116428 0.944948 0.038116
1403638194945096960.000000 2.914378 -1.857436 1.940472 0.012349 0.305795 0.115996 0.944924 0.000000
1403638194995097088.000000 2.891397 -1.852465 1.932280 0.011362 0.305630 0.116853 0.944884 0.000000
1403638195045096960.000000 2.869789 -1.848266 1.923824 0.010124 0.305833 0.116672 0.944855 0.003391
1403638195095097088.000000 2.848182 -1.844422 1.916348 0.009388 0.305638 0.116550 0.944941 0.000000
1403638195145096960.000000 2.827264 -1.839265 1.910528 0.007370 0.305633 0.116774 0.944933 0.000000
1403638195195097088.000000 2.806935 -1.835095 1.904020 0.003390 0.304524 0.119714 0.944946 0.003338
1403638195245096960.000000 2.785950 -1.829091 1.898900 -0.003780 0.303344 0.122429 0.944976 0.000000
1403638195295097088.000000 2.766849 -1.824956 1.894757 -0.011213 0.301879 0.125731 0.944952 0.000000
1403638195345096960.000000 2.747549 -1.820032 1.891195 -0.015860 0.301144 0.127790 0.944844 0.051705
1403638195395097088.000000 2.729385 -1.813947 1.889094 -0.015417 0.301294 0.127344 0.944864 0.000000
1403638195445096960.000000 2.712740 -1.809394 1.886176 -0.009602 0.301994 0.126000 0.944898 0.000000
1403638195495097088.000000 2.696604 -1.804197 1.885783 0.000730 0.303241 0.123013 0.944940 0.003460
1403638195545096960.000000 2.680769 -1.801664 1.885404 0.009294 0.303942 0.121331 0.944887 0.000000
1403638195595097088.000000 2.665257 -1.797813 1.885833 0.017367 0.305440 0.117969 0.944716 0.000000
1403638195645096960.000000 2.650677 -1.792606 1.885850 0.021801 0.305613 0.116942 0.944696 0.039172
1403638195695097088.000000 2.636290 -1.787907 1.885813 0.022060 0.305562 0.116247 0.944792 0.000000
1403638195745096960.000000 2.621263 -1.785577 1.886943 0.021159 0.305111 0.117307 0.944827 0.000000
1403638195795097088.000000 2.607113 -1.782122 1.886580 0.018796 0.304442 0.118045 0.945001 0.003527
1403638195845096960.000000 2.593636 -1.778027 1.886576 0.015539 0.303844 0.119104 0.945120 0.000000
1403638195895097088.000000 2.580275 -1.778221 1.887399 0.010179 0.303315 0.119645 0.945294 0.000000
1403638195945096960.000000 2.566810 -1.775658 1.887657 0.006358 0.302500 0.120988 0.945418 0.003332
1403638195995097088.000000 2.554222 -1.775285 1.888873 0.002860 0.302033 0.122048 0.945448 0.000000
1403638196045096960.000000 2.542476 -1.777944 1.890017 0.001641 0.301777 0.122327 0.945497 0.000000
1403638196095097088.000000 2.531611 -1.778786 1.889948 0.002653 0.301955 0.121518 0.945542 0.038651
1403638196145096960.000000 2.521916 -1.782121 1.891487 0.005400 0.302563 0.119879 0.945545 0.000000
1403638196195097088.000000 2.512114 -1.788506 1.891813 0.010571 0.302937 0.118155 0.945599 0.000000
1403638196245096960.000000 2.502135 -1.792933 1.894078 0.015962 0.303860 0.116237 0.945465 0.003369
1403638196295097088.000000 2.493354 -1.797348 1.895819 0.019712 0.304120 0.115265 0.945429 0.000000
1403638196345096960.000000 2.484618 -1.803303 1.897109 0.022477 0.305020 0.112985 0.945353 0.000000
1403638196395097088.000000 2.476322 -1.806776 1.899049 0.022703 0.304171 0.114805 0.945402 0.003330
1403638196445096960.000000 2.467644 -1.810386 1.902096 0.022587 0.304238 0.115043 0.945354 0.000000
1403638196495097088.000000 2.459389 -1.813948 1.904650 0.021766 0.304078 0.115855 0.945326 0.000000
1403638196545096960.000000 2.451556 -1.816085 1.908212 0.020355 0.303631 0.117995 0.945236 0.003310
1403638196595097088.000000 2.443096 -1.818298 1.912829 0.016306 0.303225 0.119756 0.945223 0.000000
1403638196645096960.000000 2.436027 -1.819866 1.917551 0.010066 0.302696 0.121636 0.945240 0.000000
1403638196695097088.000000 2.428718 -1.820488 1.922337 0.005231 0.301706 0.124815 0.945181 0.003296
1403638196745096960.000000 2.421709 -1.822191 1.928402 0.001979 0.301625 0.125923 0.945072 0.000000
1403638196795097088.000000 2.416094 -1.822080 1.934085 0.000773 0.301897 0.125659 0.945023 0.000000
1403638196845096960.000000 2.410887 -1.822151 1.941317 0.001015 0.301656 0.126496 0.944987 0.003434
1403638196895097088.000000 2.405800 -1.823780 1.948579 0.004984 0.302902 0.124380 0.944857 0.000000
1403638196945096960.000000 2.402136 -1.823718 1.956700 0.009216 0.303177 0.123088 0.944907 0.000000
1403638196995097088.000000 2.397676 -1.826318 1.965628 0.014305 0.304151 0.121215 0.944772 0.003462
1403638197045096960.000000 2.394502 -1.828340 1.974686 0.018316 0.304705 0.120320 0.944639 0.000000
1403638197095097088.000000 2.392175 -1.831159 1.981004 0.020765 0.305129 0.119233 0.944589 0.000000
1403638197145096960.000000 2.389499 -1.836077 1.987280 0.022297 0.305667 0.117846 0.944554 0.053008
1403638197195097088.000000 2.386670 -1.840549 1.996217 0.022679 0.306715 0.115614 0.944481 0.000000
1403638197245096960.000000 2.384877 -1.844707 2.002381 0.024123 0.307413 0.112962 0.944540 0.000000
1403638197295097088.000000 2.382457 -1.851611 2.010060 0.026324 0.310008 0.106676 0.944363 0.003433
1403638197345096960.000000 2.379884 -1.858439 2.017959 0.028305 0.312492 0.100719 0.944142 0.000000
1403638197395097088.000000 2.376951 -1.864964 2.024987 0.029946 0.314276 0.096340 0.943956 0.000000
1403638197445096960.000000 2.374454 -1.873684 2.031654 0.031760 0.315743 0.093179 0.943724 0.003359
1403638197495097088.000000 2.372237 -1.880399 2.037513 0.033685 0.315730 0.092139 0.943764 0.000000
1403638197545096960.000000 2.368851 -1.890368 2.042434 0.035485 0.315054 0.093404 0.943800 0.000000
1403638197595097088.000000 2.364881 -1.899901 2.048018 0.036016 0.315066 0.092931 0.943822 0.040164
1403638197645096960.000000 2.360709 -1.909791 2.053758 0.036748 0.315211 0.092358 0.943802 0.000000
1403638197695097088.000000 2.355778 -1.920485 2.059419 0.036404 0.315007 0.092538 0.943865 0.000000
1403638197745096960.000000 2.350559 -1.931579 2.065909 0.035560 0.314892 0.092232 0.943966 0.003410
1403638197795097088.000000 2.345475 -1.941043 2.069965 0.036547 0.314405 0.092877 0.944028 0.000000
1403638197845096960.000000 2.339158 -1.948874 2.077725 0.039558 0.313536 0.094647 0.944019 0.000000
1403638197895097088.000000 2.332935 -1.961784 2.083002 0.042748 0.312532 0.096628 0.944012 0.003296
1403638197945096960.000000 2.327482 -1.968160 2.089745 0.050855 0.311843 0.096784 0.943822 0.000000
1403638197995097088.000000 2.320719 -1.974971 2.097142 0.058997 0.311893 0.096500 0.943361 0.000000
1403638198045096960.000000 2.314544 -1.980768 2.103744 0.063952 0.311561 0.096583 0.943139 0.043370
1403638198095097088.000000 2.306446 -1.983381 2.112328 0.063266 0.311364 0.097351 0.943172 0.000000
1403638198145096960.000000 2.298744 -1.983224 2.121827 0.061541 0.310546 0.099671 0.943313 0.000000
1403638198195097088.000000 2.291364 -1.981403 2.129112 0.058756 0.309807 0.101332 0.943557 0.003416
1403638198245096960.000000 2.283920 -1.978261 2.136949 0.055599 0.309561 0.102050 0.943752 0.000000
1403638198295097088.000000 2.275424 -1.975435 2.145850 0.053100 0.309533 0.101983 0.943912 0.000000
1403638198345096960.000000 2.266002 -1.970462 2.155101 0.051425 0.309723 0.101529 0.943991 0.003325
1403638198395097088.000000 2.257626 -1.966193 2.163174 0.046462 0.309913 0.100583 0.944287 0.000000
1403638198445096960.000000 2.248683 -1.960726 2.171293 0.042470 0.310848 0.097820 0.944458 0.000000
1403638198495097088.000000 2.239093 -1.954363 2.179961 0.040548 0.312202 0.094538 0.944430 0.054862
1403638198545096960.000000 2.229704 -1.949366 2.188443 0.036840 0.313855 0.088962 0.944576 0.000000
1403638198595097088.000000 2.220135 -1.942995 2.197877 0.035207 0.317588 0.079584 0.944227 0.000000
1403638198645096960.000000 2.209796 -1.935798 2.207329 0.034801 0.321458 0.069276 0.943745 0.003377
1403638198695097088.000000 2.199155 -1.929300 2.215315 0.034378 0.324752 0.059647 0.943290 0.000000
1403638198745096960.000000 2.187105 -1.924137 2.223654 0.034220 0.327842 0.050374 0.942768 0.000000
1403638198795097088.000000 2.173713 -1.918954 2.232432 0.035981 0.329878 0.044470 0.942289 0.003346
1403638198845096960.000000 2.158609 -1.915673 2.241101 0.036535 0.330576 0.041260 0.942169 0.000000
1403638198895097088.000000 2.142434 -1.913545 2.250632 0.036578 0.330710 0.040611 0.942148 0.000000
1403638198945096960.000000 2.124694 -1.913275 2.259266 0.035477 0.330325 0.041417 0.942290 0.003306
1403638198995097088.000000 2.105352 -1.911819 2.267565 0.034933 0.329626 0.043682 0.942454 0.000000
1403638199045096960.000000 2.084835 -1.912491 2.276646 0.034699 0.329028 0.045406 0.942590 0.000000
1403638199095097088.000000 2.063573 -1.915315 2.285878 0.034050 0.328212 0.047909 0.942774 0.043367
1403638199145096960.000000 2.040732 -1.917255 2.293727 0.034881 0.328133 0.048985 0.942715 0.000000
1403638199195097088.000000 2.016028 -1.920817 2.302384 0.036489 0.327576 0.051199 0.942731 0.000000
1403638199245096960.000000 1.990668 -1.926589 2.311303 0.039407 0.326933 0.052930 0.942741 0.003386
1403638199295097088.000000 1.964065 -1.933679 2.319646 0.042476 0.327100 0.052595 0.942568 0.000000
1403638199345096960.000000 1.936921 -1.940582 2.327909 0.044301 0.327033 0.053202 0.942474 0.000000
1403638199395097088.000000 1.908065 -1.948370 2.334968 0.043806 0.328427 0.050292 0.942172 0.043402
1403638199445096960.000000 1.877627 -1.956944 2.343475 0.041956 0.329560 0.048539 0.941952 0.000000
1403638199495097088.000000 1.846468 -1.965758 2.349976 0.038720 0.330741 0.046901 0.941760 0.000000
1403638199545096960.000000 1.813954 -1.975320 2.357482 0.034342 0.330901 0.044617 0.941984 0.003376
1403638199595097088.000000 1.780313 -1.985604 2.365157 0.032554 0.328873 0.044136 0.942781 0.000000
1403638199645096960.000000 1.744711 -1.997634 2.371683 0.031412 0.325015 0.043619 0.944180 0.000000
1403638199695097088.000000 1.707909 -2.009157 2.378583 0.032845 0.319071 0.045851 0.946051 0.053215
1403638199745096960.000000 1.670585 -2.020533 2.386595 0.033963 0.312227 0.050728 0.948044 0.000000
1403638199795097088.000000 1.631708 -2.034258 2.393294 0.033797 0.304908 0.059018 0.949950 0.000000
1403638199845096960.000000 1.592773 -2.046836 2.400450 0.033707 0.298840 0.064707 0.951510 0.041269
1403638199895097088.000000 1.553217 -2.059015 2.409197 0.033697 0.293462 0.069774 0.952826 0.000000
1403638199945096960.000000 1.514557 -2.069174 2.417987 0.033765 0.289001 0.072998 0.953944 0.000000
1403638199995097088.000000 1.474521 -2.079547 2.428005 0.034274 0.285133 0.074011 0.955011 0.054749
1403638200045096960.000000 1.434083 -2.089626 2.436798 0.034776 0.280382 0.074160 0.956387 0.000000
1403638200095097088.000000 1.394085 -2.099125 2.447292 0.033711 0.276393 0.069620 0.957927 0.000000
1403638200145096960.000000 1.354933 -2.107903 2.457803 0.034794 0.271571 0.063525 0.959689 0.044215
1403638200195097088.000000 1.314260 -2.117047 2.465870 0.037993 0.266561 0.055934 0.961443 0.000000
1403638200245096960.000000 1.272460 -2.127771 2.475241 0.043455 0.259640 0.051183 0.963369 0.000000
1403638200295097088.000000 1.230962 -2.137100 2.484163 0.047976 0.252369 0.045594 0.965365 0.054973
1403638200345096960.000000 1.189637 -2.147293 2.491340 0.052647 0.243758 0.041721 0.967507 0.000000
1403638200395097088.000000 1.145876 -2.159934 2.498323 0.055409 0.236904 0.035796 0.969291 0.000000
1403638200445096960.000000 1.103465 -2.172180 2.505243 0.054194 0.230792 0.029042 0.971058 0.039149
1403638200495097088.000000 1.059712 -2.183550 2.511882 0.053634 0.226409 0.022076 0.972304 0.000000
1403638200545096960.000000 1.015110 -2.195552 2.516823 0.052388 0.221550 0.015730 0.973614 0.000000
1403638200595097088.000000 0.971544 -2.206460 2.522483 0.051072 0.215409 0.010704 0.975129 0.053463
1403638200645096960.000000 0.926530 -2.218824 2.527724 0.050493 0.209703 0.003280 0.976455 0.000000
1403638200695097088.000000 0.879991 -2.232942 2.531902 0.048920 0.204273 -0.004560 0.977680 0.000000
1403638200745096960.000000 0.831574 -2.247561 2.535490 0.046210 0.198543 -0.008615 0.978964 0.038024
1403638200795097088.000000 0.782767 -2.260800 2.539082 0.043604 0.193287 -0.011217 0.980109 0.000000
1403638200845096960.000000 0.732144 -2.273762 2.543757 0.041514 0.188876 -0.012342 0.981045 0.000000
1403638200895097088.000000 0.680929 -2.285640 2.549388 0.039790 0.184465 -0.010523 0.981977 0.052145
1403638200945096960.000000 0.630136 -2.298165 2.554389 0.040456 0.178564 -0.003789 0.983089 0.000000
1403638200995097088.000000 0.579395 -2.309608 2.558717 0.041767 0.173396 0.002544 0.983963 0.000000
1403638201045096960.000000 0.524822 -2.322042 2.566168 0.043226 0.169246 0.009700 0.984578 0.038246
1403638201095097088.000000 0.471479 -2.332882 2.571829 0.044399 0.166710 0.013588 0.984912 0.000000
1403638201145096960.000000 0.417900 -2.342185 2.578683 0.044012 0.165025 0.016857 0.985163 0.000000
1403638201195097088.000000 0.365987 -2.350904 2.585128 0.045841 0.163950 0.019898 0.985202 0.052204
1403638201245096960.000000 0.314920 -2.357549 2.591585 0.047915 0.162982 0.022860 0.985200 0.000000
1403638201295097088.000000 0.261042 -2.364165 2.598889 0.046960 0.163682 0.023357 0.985118 0.000000
1403638201345096960.000000 0.207093 -2.370454 2.606186 0.046127 0.164396 0.023545 0.985034 0.003397
1403638201395097088.000000 0.153713 -2.376433 2.613174 0.045916 0.165776 0.021984 0.984849 0.000000
1403638201445096960.000000 0.099883 -2.380550 2.621450 0.046910 0.166667 0.022764 0.984634 0.000000
1403638201495097088.000000 0.047346 -2.384044 2.629093 0.047999 0.167379 0.023319 0.984447 0.038083
1403638201545096960.000000 -0.005091 -2.387164 2.636218 0.048965 0.168494 0.022517 0.984228 0.000000
1403638201595097088.000000 -0.060073 -2.389089 2.644713 0.049970 0.170242 0.021429 0.983901 0.000000
1403638201645096960.000000 -0.115763 -2.390526 2.653667 0.051613 0.170898 0.022108 0.983688 0.003419
1403638201695097088.000000 -0.169892 -2.390710 2.662265 0.052348 0.171363 0.023197 0.983543 0.000000
1403638201745096960.000000 -0.223579 -2.389529 2.671405 0.052526 0.171872 0.023882 0.983428 0.000000
1403638201795097088.000000 -0.276612 -2.389325 2.678302 0.052200 0.172957 0.022823 0.983280 0.053135
1403638201845096960.000000 -0.331465 -2.389455 2.686363 0.053658 0.172044 0.025896 0.983286 0.000000
1403638201895097088.000000 -0.384919 -2.384689 2.695408 0.052553 0.172082 0.025167 0.983358 0.000000
1403638201945096960.000000 -0.440929 -2.382944 2.703077 0.052101 0.170251 0.024933 0.983707 0.003576
1403638201995097088.000000 -0.494194 -2.380285 2.710266 0.051888 0.166255 0.023724 0.984431 0.000000
1403638202045096960.000000 -0.548068 -2.379344 2.716056 0.051889 0.161422 0.024141 0.985225 0.000000
1403638202095097088.000000 -0.602162 -2.378361 2.721360 0.050903 0.155712 0.027578 0.986105 0.052674
1403638202145096960.000000 -0.656771 -2.378644 2.726506 0.047897 0.150363 0.030725 0.986992 0.000000
1403638202195097088.000000 -0.711670 -2.378249 2.731157 0.045974 0.145578 0.034508 0.987675 0.000000
1403638202245096960.000000 -0.766622 -2.378598 2.735842 0.042592 0.141457 0.037496 0.988317 0.056442
1403638202295097088.000000 -0.821128 -2.380119 2.740432 0.038161 0.138461 0.038352 0.988889 0.000000
1403638202345096960.000000 -0.874659 -2.381416 2.745445 0.038165 0.135375 0.040552 0.989228 0.000000
1403638202395097088.000000 -0.927193 -2.382706 2.749186 0.036061 0.134337 0.039097 0.989507 0.060428
1403638202445096960.000000 -0.978380 -2.382834 2.753331 0.035816 0.132278 0.039941 0.989760 0.000000
1403638202495097088.000000 -1.030956 -2.383724 2.758250 0.035115 0.131425 0.039546 0.989914 0.000000
1403638202545096960.000000 -1.082413 -2.383600 2.763256 0.034413 0.129807 0.041751 0.990062 0.045823
1403638202595097088.000000 -1.133517 -2.380428 2.770267 0.034408 0.128719 0.043464 0.990131 0.000000
1403638202645096960.000000 -1.183745 -2.380646 2.776344 0.032233 0.128305 0.044173 0.990226 0.000000
1403638202695097088.000000 -1.232799 -2.376474 2.782814 0.032453 0.128072 0.044606 0.990230 0.054806
1403638202745096960.000000 -1.281552 -2.373475 2.789477 0.032534 0.128291 0.044209 0.990216 0.000000
1403638202795097088.000000 -1.329310 -2.371691 2.796257 0.032869 0.128766 0.043412 0.990179 0.000000
1403638202845096960.000000 -1.376053 -2.368138 2.802698 0.033932 0.129044 0.042810 0.990133 0.040514
1403638202895097088.000000 -1.424150 -2.363248 2.810264 0.035116 0.129709 0.041783 0.990049 0.000000
1403638202945096960.000000 -1.471223 -2.359703 2.817323 0.035333 0.129723 0.043062 0.989985 0.000000
1403638202995097088.000000 -1.517353 -2.356310 2.823645 0.036482 0.129640 0.043660 0.989928 0.060097
1403638203045096960.000000 -1.562981 -2.353590 2.829855 0.037689 0.129411 0.044515 0.989874 0.000000
1403638203095097088.000000 -1.608178 -2.351111 2.836805 0.037818 0.129504 0.044273 0.989868 0.000000
1403638203145096960.000000 -1.652398 -2.349322 2.842840 0.039404 0.130282 0.042928 0.989763 0.004048
1403638203195097088.000000 -1.696148 -2.347874 2.848690 0.042596 0.131245 0.040637 0.989600 0.000000
1403638203245096960.000000 -1.739765 -2.348081 2.853821 0.045051 0.132114 0.038509 0.989461 0.000000
1403638203295097088.000000 -1.782587 -2.348763 2.856454 0.047647 0.131513 0.039426 0.989384 0.040075
1403638203345096960.000000 -1.825802 -2.349669 2.860405 0.048027 0.131192 0.040225 0.989376 0.000000
1403638203395097088.000000 -1.868661 -2.350420 2.864253 0.049826 0.130654 0.040767 0.989336 0.000000
1403638203445096960.000000 -1.910439 -2.349896 2.868207 0.050896 0.129975 0.042070 0.989316 0.054111
1403638203495097088.000000 -1.952339 -2.348507 2.872096 0.049979 0.129726 0.042882 0.989361 0.000000
1403638203545096960.000000 -1.994032 -2.346961 2.875951 0.049846 0.129168 0.044157 0.989384 0.000000
1403638203595097088.000000 -2.034491 -2.345458 2.878786 0.049492 0.128216 0.046506 0.989418 0.052514
1403638203645096960.000000 -2.075617 -2.343163 2.882399 0.047110 0.128368 0.045882 0.989544 0.000000
1403638203695097088.000000 -2.115363 -2.342000 2.884189 0.047550 0.127867 0.046847 0.989543 0.000000
1403638203745096960.000000 -2.154498 -2.341074 2.886575 0.048123 0.127764 0.046757 0.989532 0.044029
1403638203795097088.000000 -2.193790 -2.340214 2.888459 0.047906 0.128437 0.044947 0.989540 0.000000
1403638203845096960.000000 -2.232368 -2.340773 2.888645 0.048241 0.128033 0.045124 0.989568 0.000000
1403638203895097088.000000 -2.270278 -2.341927 2.888460 0.048629 0.128096 0.043977 0.989592 0.003389
1403638203945096960.000000 -2.307210 -2.342932 2.888893 0.047903 0.127247 0.044341 0.989721 0.000000
1403638203995097088.000000 -2.344649 -2.345530 2.887007 0.047853 0.126537 0.044781 0.989794 0.000000
1403638204045096960.000000 -2.380845 -2.347791 2.886491 0.045954 0.125311 0.045799 0.989994 0.055191
1403638204095097088.000000 -2.416711 -2.350960 2.884818 0.044281 0.124670 0.045783 0.990152 0.000000
1403638204145096960.000000 -2.452919 -2.354504 2.882400 0.042016 0.123110 0.048201 0.990331 0.000000
1403638204195097088.000000 -2.487679 -2.358561 2.880369 0.040121 0.121448 0.051325 0.990458 0.003519
1403638204245096960.000000 -2.521791 -2.363169 2.877819 0.037599 0.119617 0.055446 0.990557 0.000000
1403638204295097088.000000 -2.555931 -2.369125 2.874069 0.034196 0.117034 0.062030 0.990599 0.000000
1403638204345096960.000000 -2.588583 -2.373724 2.871739 0.030919 0.114286 0.069509 0.990531 0.060151
1403638204395097088.000000 -2.620718 -2.378797 2.868661 0.026834 0.112368 0.075134 0.990459 0.000000
1403638204445096960.000000 -2.651777 -2.384411 2.865523 0.025032 0.111467 0.079389 0.990276 0.000000
1403638204495097088.000000 -2.680849 -2.389199 2.863074 0.024338 0.111113 0.081580 0.990155 0.003360
1403638204545096960.000000 -2.709466 -2.393281 2.860773 0.025071 0.111121 0.082670 0.990045 0.000000
1403638204595097088.000000 -2.736647 -2.397429 2.858896 0.027630 0.110032 0.082798 0.990088 0.000000
1403638204645096960.000000 -2.762921 -2.400166 2.857486 0.028126 0.108177 0.081011 0.990426 0.066973
1403638204695097088.000000 -2.788205 -2.402229 2.856029 0.028450 0.105662 0.076747 0.991028 0.000000
1403638204745096960.000000 -2.812661 -2.403234 2.855252 0.028327 0.102452 0.069650 0.991892 0.000000
1403638204795097088.000000 -2.836223 -2.404042 2.854567 0.028232 0.098196 0.061064 0.992891 0.003719
1403638204845096960.000000 -2.859416 -2.404176 2.853880 0.029486 0.093414 0.049262 0.993971 0.000000
1403638204895097088.000000 -2.882397 -2.403781 2.853783 0.031659 0.086595 0.036562 0.995069 0.000000
1403638204945096960.000000 -2.904187 -2.401891 2.855320 0.032546 0.076663 0.025748 0.996193 0.071427
1403638204995097088.000000 -2.925744 -2.399998 2.856359 0.033579 0.064367 0.015464 0.997241 0.000000
1403638205045096960.000000 -2.948235 -2.398120 2.856720 0.034748 0.050229 0.004519 0.998123 0.000000
1403638205095097088.000000 -2.969717 -2.397115 2.857031 0.034841 0.033323 -0.005636 0.998821 0.077635
1403638205145096960.000000 -2.992037 -2.394999 2.857540 0.035318 0.013587 -0.013944 0.999187 0.000000
1403638205195097088.000000 -3.014703 -2.393960 2.857492 0.037363 -0.007871 -0.022580 0.999016 0.000000
1403638205245096960.000000 -3.038101 -2.393503 2.856388 0.038087 -0.029983 -0.032493 0.998296 0.049045
1403638205295097088.000000 -3.061357 -2.392540 2.856336 0.040583 -0.053296 -0.041427 0.996893 0.000000
1403638205345096960.000000 -3.085626 -2.393153 2.855540 0.043283 -0.076502 -0.049895 0.994879 0.000000
1403638205395097088.000000 -3.111193 -2.395329 2.854127 0.046569 -0.098504 -0.060440 0.992207 0.057078
1403638205445096960.000000 -3.133885 -2.397136 2.852228 0.050134 -0.118888 -0.069897 0.989175 0.000000
1403638205495097088.000000 -3.157424 -2.399146 2.849604 0.054448 -0.135126 -0.082719 0.985867 0.000000
1403638205545096960.000000 -3.178885 -2.401566 2.846190 0.057926 -0.148664 -0.094005 0.982704 0.055368
1403638205595097088.000000 -3.201273 -2.404153 2.843350 0.062735 -0.159046 -0.105485 0.979613 0.000000
1403638205645096960.000000 -3.224569 -2.408659 2.838777 0.068971 -0.166783 -0.115473 0.976777 0.000000
1403638205695097088.000000 -3.249545 -2.412608 2.834548 0.074561 -0.173294 -0.123695 0.974222 0.045682
1403638205745096960.000000 -3.272861 -2.417038 2.827948 0.078871 -0.180004 -0.130150 0.971823 0.000000
1403638205795097088.000000 -3.298367 -2.421698 2.820997 0.080556 -0.188037 -0.134547 0.969562 0.000000
1403638205845096960.000000 -3.322783 -2.425520 2.813118 0.081286 -0.197006 -0.138549 0.967153 0.056384
1403638205895097088.000000 -3.348219 -2.429990 2.802839 0.079914 -0.206886 -0.142249 0.964664 0.000000
1403638205945096960.000000 -3.374216 -2.434877 2.791080 0.079190 -0.218290 -0.144715 0.961840 0.000000
1403638205995097088.000000 -3.400539 -2.439769 2.778010 0.076948 -0.231172 -0.145354 0.958911 0.041399
1403638206045096960.000000 -3.428259 -2.445328 2.764802 0.075374 -0.243100 -0.148192 0.955647 0.000000
1403638206095097088.000000 -3.456316 -2.450202 2.750829 0.075425 -0.255248 -0.150533 0.952103 0.000000
1403638206145096960.000000 -3.483834 -2.455144 2.735350 0.076307 -0.267366 -0.152739 0.948348 0.052696
1403638206195097088.000000 -3.510218 -2.460662 2.718539 0.076695 -0.278827 -0.155557 0.944550 0.000000
1403638206245096960.000000 -3.540133 -2.464748 2.701816 0.077482 -0.289689 -0.157878 0.940825 0.000000
1403638206295097088.000000 -3.567851 -2.468865 2.685047 0.077915 -0.301116 -0.158169 0.937145 0.039343
1403638206345096960.000000 -3.595984 -2.472802 2.666061 0.076325 -0.313011 -0.154488 0.933987 0.000000
1403638206395097088.000000 -3.625056 -2.474463 2.647909 0.075363 -0.321667 -0.152443 0.931457 0.000000
1403638206445096960.000000 -3.653561 -2.475113 2.629867 0.074939 -0.329249 -0.149351 0.929340 0.053963
1403638206495097088.000000 -3.681546 -2.475538 2.611396 0.075628 -0.335086 -0.147249 0.927532 0.000000
1403638206545096960.000000 -3.708792 -2.475189 2.592630 0.075780 -0.339907 -0.145132 0.926098 0.000000
1403638206595097088.000000 -3.736255 -2.473258 2.574317 0.076607 -0.342920 -0.144469 0.925022 0.038638
1403638206645096960.000000 -3.762900 -2.470726 2.555982 0.077676 -0.346106 -0.143477 0.923900 0.000000
1403638206695097088.000000 -3.788485 -2.467690 2.537332 0.077613 -0.350963 -0.142301 0.922254 0.000000
1403638206745096960.000000 -3.814132 -2.463414 2.518110 0.076748 -0.355014 -0.144813 0.920382 0.052438
1403638206795097088.000000 -3.839123 -2.458802 2.499154 0.075500 -0.360252 -0.144706 0.918465 0.000000
1403638206845096960.000000 -3.862715 -2.452594 2.480940 0.075421 -0.363681 -0.146984 0.916757 0.000000
1403638206895097088.000000 -3.887470 -2.444807 2.463079 0.076580 -0.367444 -0.146874 0.915177 0.038748
1403638206945096960.000000 -3.910570 -2.437773 2.443208 0.077624 -0.370484 -0.146259 0.913961 0.000000
1403638206995097088.000000 -3.933307 -2.429540 2.425247 0.079185 -0.373684 -0.144796 0.912756 0.000000
1403638207045096960.000000 -3.954803 -2.420766 2.405758 0.080330 -0.375847 -0.144182 0.911865 0.052826
1403638207095097088.000000 -3.976331 -2.410969 2.386879 0.082813 -0.376960 -0.144388 0.911150 0.000000
1403638207145096960.000000 -3.996421 -2.400516 2.367723 0.082614 -0.378392 -0.143838 0.910662 0.000000
1403638207195097088.000000 -4.016351 -2.388620 2.348769 0.083314 -0.380782 -0.142541 0.909805 0.039271
1403638207245096960.000000 -4.034947 -2.375866 2.329902 0.083878 -0.383538 -0.143658 0.908419 0.000000
1403638207295097088.000000 -4.053323 -2.362587 2.310257 0.085268 -0.387704 -0.144706 0.906353 0.000000
1403638207345096960.000000 -4.070474 -2.348303 2.290463 0.086249 -0.393644 -0.144838 0.903674 0.052658
1403638207395097088.000000 -4.086457 -2.334352 2.269680 0.088420 -0.400331 -0.146495 0.900254 0.000000
1403638207445096960.000000 -4.102066 -2.319390 2.249248 0.089446 -0.408514 -0.148758 0.896095 0.000000
1403638207495097088.000000 -4.116328 -2.304566 2.226570 0.090522 -0.417399 -0.152076 0.891323 0.038986
1403638207545096960.000000 -4.129900 -2.290501 2.203199 0.087923 -0.426669 -0.154648 0.886739 0.000000
1403638207595097088.000000 -4.141912 -2.276643 2.178936 0.084844 -0.433564 -0.160750 0.882600 0.000000
1403638207645096960.000000 -4.152837 -2.263387 2.154905 0.077754 -0.441408 -0.162585 0.879022 0.052680
1403638207695097088.000000 -4.162924 -2.250760 2.130361 0.070506 -0.446926 -0.167400 0.875936 0.000000
1403638207745096960.000000 -4.173209 -2.238762 2.105793 0.064730 -0.452463 -0.168443 0.873335 0.000000
1403638207795097088.000000 -4.182070 -2.227666 2.080792 0.060030 -0.456618 -0.170537 0.871099 0.038827
1403638207845096960.000000 -4.190588 -2.217098 2.055162 0.054039 -0.459642 -0.172360 0.869541 0.000000
1403638207895097088.000000 -4.197845 -2.207163 2.030203 0.048111 -0.461701 -0.174592 0.868352 0.000000
1403638207945096960.000000 -4.205360 -2.198254 2.004347 0.044095 -0.462874 -0.176445 0.867566 0.052786
1403638207995097088.000000 -4.212600 -2.190204 1.979055 0.042711 -0.463285 -0.177989 0.867100 0.000000
1403638208045096960.000000 -4.218989 -2.181914 1.954611 0.041272 -0.463842 -0.178394 0.866789 0.000000
1403638208095097088.000000 -4.225079 -2.173700 1.930185 0.044300 -0.464291 -0.177638 0.866554 0.003345
1403638208145096960.000000 -4.231007 -2.165380 1.905898 0.045488 -0.465447 -0.174222 0.866566 0.000000
1403638208195097088.000000 -4.237033 -2.155799 1.882904 0.049704 -0.466087 -0.171874 0.866459 0.000000
1403638208245096960.000000 -4.242191 -2.146049 1.859724 0.052237 -0.465420 -0.171147 0.866813 0.039583
1403638208295097088.000000 -4.246837 -2.135007 1.837758 0.053068 -0.464661 -0.170820 0.867234 0.000000
1403638208345096960.000000 -4.251107 -2.123782 1.815294 0.050840 -0.463223 -0.172447 0.867815 0.000000
1403638208395097088.000000 -4.254883 -2.111158 1.794994 0.048742 -0.462218 -0.173595 0.868242 0.003377
1403638208445096960.000000 -4.257624 -2.099073 1.773704 0.046833 -0.461679 -0.175638 0.868222 0.000000
1403638208495097088.000000 -4.260343 -2.087130 1.752354 0.044885 -0.462857 -0.176899 0.867442 0.000000
1403638208545096960.000000 -4.262987 -2.075830 1.731918 0.042897 -0.465824 -0.178317 0.865662 0.053567
1403638208595097088.000000 -4.265155 -2.065027 1.710899 0.041731 -0.469865 -0.181859 0.862793 0.000000
1403638208645096960.000000 -4.266711 -2.055252 1.688768 0.041966 -0.475169 -0.183695 0.859482 0.000000
1403638208695097088.000000 -4.268223 -2.045757 1.667932 0.041580 -0.480273 -0.184784 0.856425 0.039951
1403638208745096960.000000 -4.269362 -2.037132 1.647500 0.040707 -0.485568 -0.184974 0.853435 0.000000
1403638208795097088.000000 -4.270240 -2.029484 1.626223 0.040711 -0.489988 -0.185914 0.850700 0.000000
1403638208845096960.000000 -4.270215 -2.022141 1.605301 0.041749 -0.493921 -0.186314 0.848284 0.052819
1403638208895097088.000000 -4.270060 -2.014132 1.584877 0.043221 -0.496669 -0.188651 0.846087 0.000000
1403638208945096960.000000 -4.270469 -2.005853 1.564769 0.044406 -0.499422 -0.189747 0.844157 0.000000
1403638208995097088.000000 -4.270249 -1.997477 1.545117 0.044932 -0.501354 -0.190821 0.842741 0.003397
1403638209045096960.000000 -4.268786 -1.988358 1.527502 0.045084 -0.503461 -0.191226 0.841384 0.000000
1403638209095097088.000000 -4.268755 -1.978714 1.508474 0.044298 -0.505211 -0.191054 0.840415 0.000000
1403638209145096960.000000 -4.267642 -1.968048 1.491155 0.044582 -0.506125 -0.191930 0.839651 0.038664
1403638209195097088.000000 -4.266299 -1.957277 1.474936 0.044034 -0.507066 -0.192290 0.839029 0.000000
1403638209245096960.000000 -4.265522 -1.945725 1.457162 0.043898 -0.507584 -0.192074 0.838772 0.000000
1403638209295097088.000000 -4.263009 -1.934205 1.439104 0.042862 -0.508424 -0.191143 0.838530 0.003549
1403638209345096960.000000 -4.261258 -1.921980 1.423071 0.041744 -0.508589 -0.191413 0.838425 0.000000
1403638209395097088.000000 -4.258551 -1.909030 1.408814 0.041684 -0.509484 -0.190253 0.838148 0.000000
1403638209445096960.000000 -4.255688 -1.896664 1.394901 0.040879 -0.509924 -0.190272 0.837916 0.003401
1403638209495097088.000000 -4.252948 -1.882144 1.380123 0.042654 -0.510424 -0.188354 0.837956 0.000000
1403638209545096960.000000 -4.249818 -1.867527 1.367236 0.044663 -0.510763 -0.187404 0.837858 0.000000
1403638209595097088.000000 -4.246666 -1.851961 1.353527 0.045355 -0.510756 -0.186199 0.838094 0.038775
1403638209645096960.000000 -4.242662 -1.833224 1.340995 0.044774 -0.510548 -0.185292 0.838453 0.000000
1403638209695097088.000000 -4.238602 -1.813859 1.330589 0.043503 -0.509864 -0.185670 0.838852 0.000000
1403638209745096960.000000 -4.233964 -1.792880 1.322067 0.043429 -0.509328 -0.186250 0.839053 0.003368
1403638209795097088.000000 -4.229283 -1.769956 1.313711 0.045840 -0.508237 -0.188489 0.839086 0.000000
1403638209845096960.000000 -4.224446 -1.745664 1.305262 0.047197 -0.507397 -0.189516 0.839288 0.000000
1403638209895097088.000000 -4.218682 -1.720232 1.297812 0.050009 -0.506849 -0.189970 0.839354 0.003328
1403638209945096960.000000 -4.213612 -1.694521 1.291056 0.053180 -0.506806 -0.189053 0.839391 0.000000
1403638209995097088.000000 -4.207654 -1.668682 1.284022 0.056844 -0.506945 -0.188040 0.839295 0.000000
1403638210045096960.000000 -4.201517 -1.643618 1.279052 0.060730 -0.507560 -0.186582 0.838977 0.049329
1403638210095097088.000000 -4.195446 -1.618460 1.272263 0.064129 -0.508260 -0.184221 0.838822 0.000000
1403638210145096960.000000 -4.187599 -1.593054 1.265006 0.066308 -0.509101 -0.181587 0.838717 0.000000
1403638210195097088.000000 -4.178733 -1.569147 1.258263 0.069867 -0.509830 -0.179806 0.838369 0.003662
1403638210245096960.000000 -4.169883 -1.544381 1.248972 0.069403 -0.510052 -0.178498 0.838552 0.000000
1403638210295097088.000000 -4.159703 -1.521375 1.241052 0.069415 -0.509858 -0.178860 0.838592 0.000000
1403638210345096960.000000 -4.148471 -1.499033 1.232903 0.069975 -0.509281 -0.180035 0.838644 0.003475
1403638210395097088.000000 -4.137105 -1.475854 1.223860 0.068283 -0.509313 -0.179614 0.838854 0.000000
1403638210445096960.000000 -4.125268 -1.452171 1.214442 0.068106 -0.508870 -0.180107 0.839032 0.000000
1403638210495097088.000000 -4.112487 -1.429524 1.207279 0.067832 -0.509559 -0.178439 0.838992 0.038750
1403638210545096960.000000 -4.098814 -1.406356 1.200606 0.068300 -0.509497 -0.178559 0.838967 0.000000
1403638210595097088.000000 -4.085146 -1.380695 1.191457 0.069025 -0.509129 -0.178157 0.839216 0.000000
1403638210645096960.000000 -4.070449 -1.355113 1.182843 0.069797 -0.509329 -0.176710 0.839337 0.003365
1403638210695097088.000000 -4.054288 -1.329860 1.174933 0.068761 -0.509811 -0.174776 0.839534 0.000000
1403638210745096960.000000 -4.038484 -1.304523 1.167715 0.069177 -0.509672 -0.174774 0.839585 0.000000
1403638210795097088.000000 -4.021790 -1.279464 1.157774 0.068984 -0.509291 -0.174614 0.839865 0.003323
1403638210845096960.000000 -4.004547 -1.255239 1.148080 0.067216 -0.508938 -0.174897 0.840164 0.000000
1403638210895097088.000000 -3.984656 -1.233131 1.140517 0.063562 -0.509456 -0.174876 0.840139 0.000000
1403638210945096960.000000 -3.965780 -1.209373 1.130617 0.060885 -0.508443 -0.177038 0.840497 0.053562
1403638210995097088.000000 -3.946232 -1.187734 1.120820 0.057534 -0.508456 -0.177363 0.840657 0.000000
1403638211045096960.000000 -3.926440 -1.165071 1.109506 0.055079 -0.508105 -0.177910 0.840918 0.000000
1403638211095097088.000000 -3.904972 -1.144962 1.098951 0.052521 -0.507749 -0.179048 0.841056 0.003466
1403638211145096960.000000 -3.883998 -1.125656 1.088388 0.049913 -0.507607 -0.179865 0.841126 0.000000
1403638211195097088.000000 -3.862179 -1.107765 1.078125 0.047004 -0.507873 -0.179696 0.841169 0.000000
1403638211245096960.000000 -3.839945 -1.090952 1.066909 0.045878 -0.507549 -0.180550 0.841244 0.060049
1403638211295097088.000000 -3.816764 -1.074185 1.056673 0.045404 -0.506807 -0.180957 0.841629 0.000000
1403638211345096960.000000 -3.794081 -1.058353 1.046823 0.044686 -0.505027 -0.180617 0.842810 0.000000
1403638211395097088.000000 -3.770116 -1.041949 1.037368 0.045279 -0.501717 -0.179357 0.845022 0.003369
1403638211445096960.000000 -3.747645 -1.025643 1.027849 0.043881 -0.497228 -0.177800 0.848072 0.000000
1403638211495097088.000000 -3.724283 -1.008605 1.019555 0.044079 -0.491810 -0.175477 0.851697 0.000000
1403638211545096960.000000 -3.701265 -0.991353 1.010914 0.043273 -0.485548 -0.172452 0.855939 0.046217
1403638211595097088.000000 -3.676806 -0.972105 1.003510 0.042843 -0.478874 -0.167417 0.860707 0.000000
1403638211645096960.000000 -3.653324 -0.954578 0.996645 0.042618 -0.471271 -0.162066 0.865923 0.000000
1403638211695097088.000000 -3.628897 -0.936054 0.989889 0.042832 -0.462225 -0.156049 0.871873 0.056872
1403638211745096960.000000 -3.604003 -0.917839 0.984329 0.040987 -0.452155 -0.150753 0.878151 0.000000
1403638211795097088.000000 -3.578475 -0.899123 0.979523 0.039707 -0.441288 -0.143972 0.884850 0.000000
1403638211845096960.000000 -3.553697 -0.881442 0.971802 0.036749 -0.430224 -0.136307 0.891615 0.044420
1403638211895097088.000000 -3.528021 -0.864694 0.966004 0.035836 -0.418656 -0.129795 0.898107 0.000000
1403638211945096960.000000 -3.502328 -0.847776 0.959955 0.035520 -0.406311 -0.124189 0.904559 0.000000
1403638211995097088.000000 -3.474885 -0.833104 0.955456 0.034696 -0.394382 -0.119083 0.910538 0.039676
1403638212045096960.000000 -3.447104 -0.819472 0.951924 0.034716 -0.382863 -0.113851 0.916105 0.000000
1403638212095097088.000000 -3.419163 -0.805922 0.947869 0.035829 -0.370453 -0.110415 0.921569 0.000000
1403638212145096960.000000 -3.390762 -0.794296 0.943632 0.036754 -0.358118 -0.107446 0.926745 0.053834
1403638212195097088.000000 -3.361830 -0.783326 0.939249 0.039051 -0.345187 -0.105058 0.931817 0.000000
1403638212245096960.000000 -3.332435 -0.772748 0.934473 0.039470 -0.332748 -0.101212 0.936737 0.000000
1403638212295097088.000000 -3.302021 -0.762949 0.931366 0.040645 -0.320844 -0.097348 0.941239 0.041821
1403638212345096960.000000 -3.272648 -0.754877 0.926834 0.040108 -0.308561 -0.093936 0.945705 0.000000
1403638212395097088.000000 -3.242236 -0.746195 0.920377 0.042426 -0.295557 -0.091358 0.950000 0.000000
1403638212445096960.000000 -3.210728 -0.738795 0.916259 0.041966 -0.283463 -0.087610 0.954050 0.060186
1403638212495097088.000000 -3.180310 -0.732680 0.910066 0.043652 -0.271702 -0.082131 0.957876 0.000000
1403638212545096960.000000 -3.149440 -0.726265 0.904740 0.043060 -0.260379 -0.076163 0.961534 0.000000
1403638212595097088.000000 -3.117873 -0.720999 0.899188 0.042890 -0.247842 -0.072516 0.965130 0.045870
1403638212645096960.000000 -3.086351 -0.716915 0.892391 0.041955 -0.236251 -0.065991 0.968540 0.000000
1403638212695097088.000000 -3.054096 -0.713603 0.887994 0.041671 -0.223841 -0.061804 0.971771 0.000000
1403638212745096960.000000 -3.021814 -0.709941 0.881183 0.040518 -0.210191 -0.059372 0.975014 0.056611
1403638212795097088.000000 -2.989089 -0.707350 0.874904 0.042089 -0.197444 -0.053699 0.977937 0.000000
1403638212845096960.000000 -2.956055 -0.705776 0.869828 0.041568 -0.184218 -0.048684 0.980798 0.000000
1403638212895097088.000000 -2.922735 -0.704249 0.862609 0.040621 -0.171232 -0.041731 0.983508 0.039826
1403638212945096960.000000 -2.888352 -0.703371 0.857761 0.040850 -0.157215 -0.036709 0.986036 0.000000
1403638212995097088.000000 -2.854367 -0.702906 0.850685 0.039376 -0.142604 -0.031577 0.988492 0.000000
1403638213045096960.000000 -2.819785 -0.703664 0.844143 0.039724 -0.128104 -0.025513 0.990636 0.054434
1403638213095097088.000000 -2.785345 -0.704991 0.836980 0.038728 -0.113650 -0.018961 0.992585 0.000000
1403638213145096960.000000 -2.751233 -0.706297 0.829656 0.036804 -0.099418 -0.011011 0.994304 0.000000
1403638213195097088.000000 -2.715843 -0.706802 0.823097 0.032833 -0.085518 -0.002930 0.995791 0.038904
1403638213245096960.000000 -2.680737 -0.706838 0.816884 0.027108 -0.072141 0.006563 0.997004 0.000000
1403638213295097088.000000 -2.645661 -0.706711 0.811823 0.021561 -0.058923 0.016900 0.997887 0.000000
1403638213345096960.000000 -2.609224 -0.705089 0.807730 0.015247 -0.046255 0.027473 0.998435 0.052798
1403638213395097088.000000 -2.572972 -0.703794 0.803294 0.010627 -0.033331 0.038306 0.998654 0.000000
1403638213445096960.000000 -2.536234 -0.702589 0.799577 0.005968 -0.021012 0.049713 0.998525 0.000000
1403638213495097088.000000 -2.497380 -0.701371 0.797211 0.004601 -0.008535 0.059894 0.998158 0.052929
1403638213545096960.000000 -2.458523 -0.699302 0.795453 0.004582 0.004233 0.066604 0.997760 0.000000
1403638213595097088.000000 -2.419613 -0.696853 0.795704 0.010010 0.017777 0.067308 0.997524 0.000000
1403638213645096960.000000 -2.378260 -0.694851 0.795355 0.017859 0.030463 0.063593 0.997351 0.060173
1403638213695097088.000000 -2.337667 -0.693744 0.795225 0.025979 0.041544 0.059145 0.997046 0.000000
1403638213745096960.000000 -2.296393 -0.692528 0.795096 0.033007 0.051097 0.053288 0.996725 0.000000
1403638213795097088.000000 -2.255169 -0.692844 0.794847 0.037939 0.058979 0.048447 0.996361 0.061352
1403638213845096960.000000 -2.213761 -0.693120 0.792996 0.041007 0.065006 0.044223 0.996061 0.000000
1403638213895097088.000000 -2.172415 -0.693677 0.791168 0.042910 0.068446 0.042565 0.995822 0.000000
1403638213945096960.000000 -2.130855 -0.694855 0.787930 0.042330 0.071754 0.039204 0.995752 0.066990
1403638213995097088.000000 -2.090045 -0.697022 0.785687 0.041656 0.072141 0.040004 0.995721 0.000000
1403638214045096960.000000 -2.049257 -0.698957 0.782126 0.037554 0.072945 0.038286 0.995893 0.000000
1403638214095097088.000000 -2.008243 -0.701230 0.779336 0.031461 0.072858 0.037227 0.996151 0.046226
1403638214145096960.000000 -1.968205 -0.704756 0.776246 0.026151 0.072029 0.036847 0.996379 0.000000
1403638214195097088.000000 -1.926768 -0.707858 0.772125 0.019122 0.070493 0.035974 0.996680 0.000000
1403638214245096960.000000 -1.886615 -0.710762 0.769575 0.014478 0.069060 0.035209 0.996886 0.003396
1403638214295097088.000000 -1.847232 -0.713493 0.767758 0.009985 0.067277 0.034811 0.997077 0.000000
1403638214345096960.000000 -1.807421 -0.715868 0.766144 0.006328 0.065506 0.033937 0.997255 0.000000
1403638214395097088.000000 -1.767497 -0.717930 0.765550 0.003791 0.063899 0.032567 0.997418 0.057583
1403638214445096960.000000 -1.728211 -0.719849 0.765647 0.003653 0.062236 0.031041 0.997572 0.000000
1403638214495097088.000000 -1.688731 -0.722246 0.766455 0.007434 0.060676 0.029517 0.997693 0.000000
1403638214545096960.000000 -1.649342 -0.722785 0.768510 0.013242 0.059261 0.028100 0.997759 0.003365
1403638214595097088.000000 -1.609456 -0.723879 0.769953 0.018944 0.058065 0.026219 0.997789 0.000000
1403638214645096960.000000 -1.571054 -0.724380 0.773231 0.024879 0.056726 0.025181 0.997762 0.000000
1403638214695097088.000000 -1.532231 -0.724460 0.776133 0.030789 0.055488 0.023748 0.997702 0.055680
1403638214745096960.000000 -1.493932 -0.725314 0.779260 0.036089 0.054211 0.022557 0.997622 0.000000
1403638214795097088.000000 -1.456379 -0.724835 0.783519 0.039734 0.052883 0.021713 0.997574 0.000000
1403638214845096960.000000 -1.418338 -0.722705 0.787725 0.043168 0.051753 0.020470 0.997517 0.003464
1403638214895097088.000000 -1.380090 -0.720879 0.791679 0.045227 0.050574 0.019594 0.997503 0.000000
1403638214945096960.000000 -1.342096 -0.719539 0.795510 0.047342 0.049640 0.018835 0.997467 0.000000
1403638214995097088.000000 -1.305412 -0.716941 0.799554 0.048210 0.048943 0.018598 0.997464 0.063414
1403638215045096960.000000 -1.268930 -0.713537 0.803769 0.048752 0.048290 0.018532 0.997471 0.000000
1403638215095097088.000000 -1.232427 -0.709473 0.807972 0.048331 0.048139 0.016887 0.997528 0.000000
1403638215145096960.000000 -1.196554 -0.705485 0.812004 0.048094 0.047858 0.016652 0.997557 0.003374
1403638215195097088.000000 -1.160043 -0.700247 0.815981 0.046194 0.047729 0.015981 0.997664 0.000000
1403638215245096960.000000 -1.124682 -0.695316 0.820301 0.044609 0.048338 0.014633 0.997727 0.000000
1403638215295097088.000000 -1.090044 -0.690596 0.823962 0.042616 0.049404 0.012177 0.997795 0.067541
1403638215345096960.000000 -1.055427 -0.684997 0.827982 0.041505 0.050324 0.010296 0.997817 0.000000
1403638215395097088.000000 -1.021844 -0.680324 0.830835 0.041151 0.051614 0.007721 0.997789 0.000000
1403638215445096960.000000 -0.988736 -0.675810 0.834251 0.041854 0.052946 0.004288 0.997711 0.003571
1403638215495097088.000000 -0.955294 -0.671435 0.837142 0.041707 0.053326 0.003353 0.997700 0.000000
1403638215545096960.000000 -0.922432 -0.668077 0.840117 0.041549 0.053504 0.003165 0.997698 0.000000
1403638215595097088.000000 -0.890761 -0.666455 0.841296 0.043726 0.054187 0.001800 0.997571 0.069713
1403638215645096960.000000 -0.859244 -0.664594 0.842830 0.045112 0.053406 0.003476 0.997547 0.000000
1403638215695097088.000000 -0.828993 -0.662806 0.844758 0.045485 0.052783 0.005375 0.997555 0.000000
1403638215745096960.000000 -0.798644 -0.661318 0.844836 0.046357 0.051653 0.008192 0.997555 0.003401
1403638215795097088.000000 -0.769415 -0.660298 0.845843 0.046480 0.052712 0.010041 0.997477 0.000000
1403638215845096960.000000 -0.740131 -0.658925 0.846428 0.046189 0.054267 0.013450 0.997367 0.000000
1403638215895097088.000000 -0.711433 -0.655844 0.847880 0.046172 0.056849 0.014234 0.997213 0.046682
1403638215945096960.000000 -0.682894 -0.652396 0.848809 0.046448 0.058923 0.015897 0.997055 0.000000
1403638215995097088.000000 -0.653979 -0.648964 0.849177 0.046376 0.060603 0.017353 0.996933 0.000000
1403638216045096960.000000 -0.625995 -0.644548 0.850475 0.046311 0.062332 0.018485 0.996809 0.003479
1403638216095097088.000000 -0.598515 -0.639651 0.851270 0.046632 0.064768 0.017387 0.996659 0.000000
1403638216145096960.000000 -0.571129 -0.635638 0.851609 0.046033 0.066029 0.018109 0.996591 0.000000
1403638216195097088.000000 -0.544736 -0.632786 0.851981 0.046254 0.067710 0.017219 0.996484 0.057976
1403638216245096960.000000 -0.518256 -0.630076 0.851183 0.047898 0.069056 0.017042 0.996317 0.000000
1403638216295097088.000000 -0.492261 -0.627481 0.850617 0.048171 0.070345 0.016591 0.996221 0.000000
1403638216345096960.000000 -0.467263 -0.625656 0.848772 0.049514 0.071337 0.016176 0.996091 0.003371
1403638216395097088.000000 -0.441716 -0.624008 0.847125 0.050575 0.072164 0.015887 0.995983 0.000000
1403638216445096960.000000 -0.417647 -0.623188 0.845081 0.051368 0.073006 0.015670 0.995884 0.000000
1403638216495097088.000000 -0.394322 -0.623072 0.841664 0.051268 0.073265 0.015852 0.995868 0.041132
1403638216545096960.000000 -0.369758 -0.621558 0.839616 0.050708 0.073755 0.015569 0.995865 0.000000
1403638216595097088.000000 -0.346659 -0.620252 0.835846 0.049863 0.074538 0.014315 0.995868 0.000000
1403638216645096960.000000 -0.325234 -0.617201 0.834222 0.047952 0.075767 0.012334 0.995896 0.003460
1403638216695097088.000000 -0.302651 -0.612657 0.831910 0.046632 0.076114 0.011395 0.995943 0.000000
1403638216745096960.000000 -0.280761 -0.608828 0.829713 0.045683 0.076630 0.009627 0.995966 0.000000
1403638216795097088.000000 -0.259710 -0.604054 0.828102 0.047822 0.078223 0.008278 0.995754 0.003343
1403638216845096960.000000 -0.239075 -0.598549 0.825858 0.051389 0.080710 0.008371 0.995377 0.000000
1403638216895097088.000000 -0.219208 -0.593204 0.823732 0.053928 0.084295 0.009538 0.994935 0.000000
1403638216945096960.000000 -0.199903 -0.587115 0.821691 0.055032 0.088484 0.011967 0.994484 0.054796
1403638216995097088.000000 -0.180624 -0.580940 0.819086 0.055280 0.093056 0.016346 0.993991 0.000000
1403638217045096960.000000 -0.161403 -0.573617 0.816734 0.053821 0.098290 0.021880 0.993460 0.000000
1403638217095097088.000000 -0.144819 -0.567227 0.813581 0.051276 0.104740 0.026689 0.992818 0.040463
1403638217145096960.000000 -0.128197 -0.559492 0.812111 0.048919 0.111737 0.031647 0.992028 0.000000
1403638217195097088.000000 -0.109762 -0.551426 0.809034 0.046872 0.118012 0.035586 0.991267 0.000000
1403638217245096960.000000 -0.092844 -0.543315 0.806868 0.044687 0.124089 0.037480 0.990556 0.040596
1403638217295097088.000000 -0.076968 -0.535669 0.804126 0.043232 0.128947 0.039838 0.989907 0.000000
1403638217345096960.000000 -0.059755 -0.528683 0.799587 0.041952 0.133225 0.040828 0.989356 0.000000
1403638217395097088.000000 -0.045047 -0.523351 0.795450 0.040111 0.136913 0.042329 0.988865 0.003388
1403638217445096960.000000 -0.029460 -0.517958 0.791433 0.039557 0.139725 0.043294 0.988452 0.000000
1403638217495097088.000000 -0.015135 -0.513333 0.786985 0.038428 0.142873 0.042196 0.988094 0.000000
1403638217545096960.000000 -0.000408 -0.510527 0.781979 0.036932 0.145942 0.040076 0.987791 0.053404
1403638217595097088.000000 0.013905 -0.507617 0.776341 0.035731 0.148044 0.037940 0.987607 0.000000
1403638217645096960.000000 0.027020 -0.505905 0.771644 0.034793 0.150561 0.033814 0.987410 0.000000
1403638217695097088.000000 0.040329 -0.503634 0.766210 0.034268 0.152896 0.029946 0.987194 0.003365
1403638217745096960.000000 0.052080 -0.502526 0.759420 0.032857 0.154472 0.026213 0.987103 0.000000
1403638217795097088.000000 0.064512 -0.501888 0.753205 0.031331 0.155510 0.022846 0.987073 0.000000
1403638217845096960.000000 0.074618 -0.503269 0.748195 0.029816 0.156502 0.020139 0.987022 0.003438
1403638217895097088.000000 0.084827 -0.504833 0.741298 0.030231 0.156200 0.019368 0.987073 0.000000
1403638217945096960.000000 0.094723 -0.505477 0.736422 0.032175 0.156768 0.016206 0.986978 0.000000
1403638217995097088.000000 0.102421 -0.506611 0.730927 0.034231 0.155826 0.016371 0.987056 0.003288
1403638218045096960.000000 0.110383 -0.505994 0.726469 0.035606 0.155443 0.015030 0.987088 0.000000
1403638218095097088.000000 0.117154 -0.504896 0.722105 0.036934 0.155023 0.014317 0.987116 0.000000
1403638218145096960.000000 0.123168 -0.503851 0.718147 0.038509 0.153747 0.015545 0.987237 0.039861
1403638218195097088.000000 0.128112 -0.502409 0.714711 0.040364 0.153050 0.015161 0.987277 0.000000
1403638218245096960.000000 0.132574 -0.500885 0.711228 0.043530 0.151988 0.015000 0.987309 0.000000
1403638218295097088.000000 0.136534 -0.498625 0.708648 0.047117 0.150757 0.015203 0.987330 0.003595
1403638218345096960.000000 0.138713 -0.496277 0.705419 0.050752 0.148764 0.017735 0.987410 0.000000
1403638218395097088.000000 0.140611 -0.495052 0.700723 0.051639 0.146565 0.020207 0.987646 0.000000
1403638218445096960.000000 0.142129 -0.494043 0.695532 0.052107 0.144526 0.022597 0.987870 0.003540
1403638218495097088.000000 0.142780 -0.493256 0.691197 0.051939 0.143075 0.024648 0.988041 0.000000
1403638218545096960.000000 0.142924 -0.493386 0.685893 0.050997 0.142443 0.024642 0.988181 0.000000
1403638218595097088.000000 0.142412 -0.493866 0.680473 0.050309 0.141365 0.026274 0.988329 0.003473
1403638218645096960.000000 0.141570 -0.493944 0.674460 0.047958 0.140563 0.027209 0.988535 0.000000
1403638218695097088.000000 0.139523 -0.495073 0.667982 0.044101 0.140422 0.029369 0.988673 0.000000
1403638218745096960.000000 0.136799 -0.496315 0.662389 0.039458 0.142686 0.030426 0.988513 0.003298
1403638218795097088.000000 0.135344 -0.495978 0.656736 0.035666 0.145707 0.032811 0.988140 0.000000
1403638218845096960.000000 0.133386 -0.495335 0.651156 0.032503 0.149645 0.034363 0.987608 0.000000
1403638218895097088.000000 0.130172 -0.494305 0.647336 0.031161 0.152970 0.037354 0.987033 0.003289
1403638218945096960.000000 0.127441 -0.493041 0.641764 0.031208 0.153292 0.046108 0.986611 0.000000
1403638218995097088.000000 0.124687 -0.491883 0.637707 0.032181 0.153268 0.054987 0.986129 0.000000
1403638219045096960.000000 0.121481 -0.490143 0.633623 0.033873 0.153269 0.063127 0.985584 0.003287
1403638219095097088.000000 0.118293 -0.487778 0.629587 0.036125 0.153718 0.068982 0.985042 0.000000
1403638219145096960.000000 0.115825 -0.485549 0.625236 0.037343 0.155452 0.070754 0.984598 0.000000
1403638219195097088.000000 0.114166 -0.482678 0.621758 0.039695 0.157924 0.068658 0.984261 0.003278
1403638219245096960.000000 0.110794 -0.478488 0.617805 0.043999 0.161460 0.064121 0.983811 0.000000
1403638219295097088.000000 0.108726 -0.475155 0.614320 0.048696 0.164184 0.060566 0.983364 0.000000
1403638219345096960.000000 0.107169 -0.470601 0.610850 0.053853 0.166822 0.055945 0.982924 0.003279
1403638219395097088.000000 0.104524 -0.467713 0.606014 0.060906 0.168228 0.054100 0.982376 0.000000
1403638219445096960.000000 0.102079 -0.463997 0.601007 0.066223 0.169711 0.051358 0.981924 0.000000
1403638219495097088.000000 0.098810 -0.461082 0.594980 0.069288 0.170537 0.049767 0.981652 0.040042
1403638219545096960.000000 0.096258 -0.458256 0.588634 0.069632 0.170385 0.050343 0.981624 0.000000
1403638219595097088.000000 0.092449 -0.455687 0.581994 0.068483 0.169558 0.052351 0.981743 0.000000
1403638219645096960.000000 0.087877 -0.454881 0.572726 0.065886 0.168468 0.054697 0.981981 0.003490
1403638219695097088.000000 0.083550 -0.452846 0.564142 0.064614 0.166750 0.058715 0.982126 0.000000
1403638219745096960.000000 0.080337 -0.449621 0.554938 0.061663 0.165106 0.062098 0.982386 0.000000
1403638219795097088.000000 0.076027 -0.446204 0.546668 0.059386 0.163002 0.067040 0.982553 0.003381
1403638219845096960.000000 0.071331 -0.442041 0.538270 0.056571 0.160964 0.072028 0.982702 0.000000
1403638219895097088.000000 0.067935 -0.437406 0.528260 0.054707 0.158885 0.076866 0.982779 0.000000
1403638219945096960.000000 0.064070 -0.431374 0.519539 0.052768 0.157176 0.081384 0.982796 0.003408
1403638219995097088.000000 0.061077 -0.425478 0.510308 0.050709 0.155529 0.085105 0.982851 0.000000
1403638220045096960.000000 0.058525 -0.418073 0.500963 0.048552 0.154663 0.087304 0.982904 0.000000
1403638220095097088.000000 0.056429 -0.411670 0.490172 0.046678 0.154377 0.087811 0.982994 0.039330
1403638220145096960.000000 0.055470 -0.402793 0.481384 0.044730 0.155511 0.084918 0.983161 0.000000
1403638220195097088.000000 0.053436 -0.396775 0.469943 0.042662 0.158168 0.078888 0.983331 0.000000
1403638220245096960.000000 0.052907 -0.390857 0.459877 0.040885 0.162006 0.069472 0.983492 0.003388
1403638220295097088.000000 0.053202 -0.384695 0.449380 0.037894 0.165092 0.061882 0.983605 0.000000
1403638220345096960.000000 0.051963 -0.380006 0.438184 0.037045 0.167476 0.056185 0.983576 0.000000
1403638220395097088.000000 0.052367 -0.376338 0.425709 0.036238 0.169320 0.052394 0.983500 0.003345
1403638220445096960.000000 0.051602 -0.372416 0.414060 0.035732 0.169983 0.050853 0.983485 0.000000
1403638220495097088.000000 0.051393 -0.369841 0.402624 0.035573 0.170989 0.048790 0.983421 0.000000
1403638220545096960.000000 0.050462 -0.367963 0.390496 0.036305 0.171066 0.049468 0.983347 0.003304
1403638220595097088.000000 0.049581 -0.364939 0.379204 0.036426 0.172025 0.048650 0.983216 0.000000
1403638220645096960.000000 0.048585 -0.362532 0.367180 0.036597 0.172628 0.048882 0.983092 0.000000
1403638220695097088.000000 0.047164 -0.359081 0.356446 0.037024 0.173339 0.048788 0.982956 0.040208
1403638220745096960.000000 0.045900 -0.355425 0.345359 0.036672 0.173613 0.049937 0.982863 0.000000
1403638220795097088.000000 0.043821 -0.350941 0.335157 0.036672 0.173877 0.050760 0.982774 0.000000
1403638220845096960.000000 0.041789 -0.346204 0.324838 0.037374 0.174051 0.051894 0.982658 0.003404
1403638220895097088.000000 0.039948 -0.340185 0.315488 0.036678 0.174781 0.051828 0.982558 0.000000
1403638220945096960.000000 0.038003 -0.334120 0.305830 0.035961 0.174669 0.053711 0.982503 0.000000
1403638220995097088.000000 0.035453 -0.327917 0.296049 0.034970 0.174948 0.053881 0.982480 0.003469
1403638221045096960.000000 0.032589 -0.319921 0.287604 0.034817 0.175290 0.053933 0.982422 0.000000
1403638221095097088.000000 0.030254 -0.312664 0.278800 0.034305 0.175677 0.054537 0.982337 0.000000
1403638221145096960.000000 0.027451 -0.306374 0.271030 0.033181 0.176166 0.054517 0.982289 0.003363
1403638221195097088.000000 0.025025 -0.299007 0.262455 0.032006 0.176043 0.055280 0.982308 0.000000
1403638221245096960.000000 0.022001 -0.293210 0.253586 0.030815 0.176098 0.055792 0.982307 0.000000
1403638221295097088.000000 0.019057 -0.289463 0.244300 0.029401 0.175639 0.057450 0.982337 0.003292
1403638221345096960.000000 0.016334 -0.285792 0.235248 0.028073 0.175472 0.058639 0.982336 0.000000
1403638221395097088.000000 0.012827 -0.281723 0.226342 0.027631 0.175105 0.060709 0.982288 0.000000
1403638221445096960.000000 0.010106 -0.278274 0.217942 0.027252 0.174754 0.062208 0.982267 0.003359
1403638221495097088.000000 0.006651 -0.274640 0.209768 0.027215 0.174401 0.063596 0.982242 0.000000
1403638221545096960.000000 0.003883 -0.271000 0.201531 0.027396 0.174086 0.065047 0.982198 0.000000
1403638221595097088.000000 0.001079 -0.266337 0.193951 0.028497 0.174227 0.065940 0.982082 0.003263
1403638221645096960.000000 -0.001466 -0.261529 0.186666 0.029160 0.174354 0.065796 0.982050 0.000000
1403638221695097088.000000 -0.003082 -0.256545 0.179234 0.031478 0.173972 0.066901 0.981971 0.000000
1403638221745096960.000000 -0.005612 -0.251307 0.172425 0.033915 0.173672 0.068174 0.981856 0.003291
1403638221795097088.000000 -0.008014 -0.246417 0.165605 0.035385 0.173030 0.068992 0.981860 0.000000
1403638221845096960.000000 -0.009794 -0.242439 0.158180 0.035795 0.172997 0.068453 0.981889 0.000000
1403638221895097088.000000 -0.011993 -0.239312 0.150779 0.037224 0.173631 0.066239 0.981875 0.003292
1403638221945096960.000000 -0.014105 -0.236964 0.142403 0.037904 0.174509 0.063126 0.981899 0.000000
1403638221995097088.000000 -0.016313 -0.234639 0.134453 0.038232 0.175097 0.061090 0.981910 0.000000
1403638222045096960.000000 -0.018203 -0.233117 0.126718 0.037331 0.175972 0.059119 0.981909 0.003279
1403638222095097088.000000 -0.020160 -0.231337 0.118748 0.035137 0.176597 0.057398 0.981980 0.000000
1403638222145096960.000000 -0.021541 -0.229747 0.110105 0.031735 0.176439 0.057629 0.982111 0.000000
1403638222195097088.000000 -0.023316 -0.228479 0.101553 0.028225 0.176580 0.057521 0.982199 0.049922
1403638222245096960.000000 -0.026189 -0.225784 0.093358 0.025063 0.176452 0.058566 0.982246 0.000000
1403638222295097088.000000 -0.028340 -0.223649 0.086272 0.021979 0.176372 0.059297 0.982290 0.000000
1403638222345096960.000000 -0.029956 -0.219776 0.079938 0.019111 0.175950 0.059992 0.982384 0.003425
1403638222395097088.000000 -0.031794 -0.216146 0.073922 0.016973 0.175927 0.060742 0.982381 0.000000
1403638222445096960.000000 -0.034549 -0.213108 0.068863 0.014210 0.175779 0.061078 0.982430 0.000000
1403638222495097088.000000 -0.036079 -0.209106 0.063076 0.012724 0.175635 0.061017 0.982480 0.003344
1403638222545096960.000000 -0.037734 -0.205426 0.058773 0.014758 0.175583 0.061261 0.982446 0.000000
1403638222595097088.000000 -0.038923 -0.201344 0.055195 0.019317 0.175682 0.060418 0.982401 0.000000
1403638222645096960.000000 -0.040755 -0.196987 0.051255 0.024816 0.175578 0.060967 0.982262 0.003299
1403638222695097088.000000 -0.042243 -0.193266 0.047463 0.028768 0.175484 0.061121 0.982162 0.000000
1403638222745096960.000000 -0.043536 -0.188787 0.044583 0.031144 0.175943 0.060171 0.982066 0.000000
1403638222795097088.000000 -0.045136 -0.183895 0.042084 0.032859 0.175950 0.060101 0.982013 0.003280
1403638222845096960.000000 -0.046949 -0.179150 0.040295 0.035704 0.176377 0.059032 0.981902 0.000000
1403638222895097088.000000 -0.048114 -0.174850 0.037635 0.042475 0.176702 0.057599 0.981659 0.000000
1403638222945096960.000000 -0.050659 -0.169942 0.035095 0.048744 0.176515 0.057663 0.981398 0.003375
1403638222995097088.000000 -0.052515 -0.164561 0.031918 0.050628 0.176198 0.057770 0.981353 0.000000
1403638223045096960.000000 -0.054714 -0.159803 0.028509 0.049520 0.175974 0.057912 0.981441 0.000000
1403638223095097088.000000 -0.056856 -0.156395 0.024351 0.045772 0.176116 0.057667 0.981612 0.003288
1403638223145096960.000000 -0.059309 -0.151907 0.020409 0.039319 0.176189 0.057942 0.981863 0.000000
1403638223195097088.000000 -0.061322 -0.149140 0.016233 0.030145 0.174894 0.061493 0.982203 0.000000
1403638223245096960.000000 -0.063927 -0.145149 0.011690 0.022124 0.173245 0.066277 0.982397 0.003312
1403638223295097088.000000 -0.066210 -0.142162 0.006373 0.017022 0.172137 0.068837 0.982517 0.000000
1403638223345096960.000000 -0.069114 -0.140200 0.002481 0.018240 0.171963 0.070108 0.982436 0.000000
1403638223395097088.000000 -0.070280 -0.137412 -0.000338 0.020481 0.171195 0.072366 0.982362 0.003315
1403638223445096960.000000 -0.071627 -0.135870 -0.004767 0.024629 0.169212 0.077483 0.982221 0.000000
1403638223495097088.000000 -0.071171 -0.133014 -0.008295 0.029579 0.166565 0.083668 0.982029 0.000000
1403638223545096960.000000 -0.072214 -0.130420 -0.011068 0.032738 0.165413 0.086978 0.981836 0.003474
1403638223595097088.000000 -0.072165 -0.127551 -0.014567 0.033846 0.166279 0.084857 0.981838 0.000000
1403638223645096960.000000 -0.072306 -0.123942 -0.017371 0.034363 0.168932 0.078834 0.981869 0.000000
1403638223695097088.000000 -0.071654 -0.120139 -0.019936 0.033861 0.171384 0.072833 0.981925 0.003297
1403638223745096960.000000 -0.069711 -0.115710 -0.021894 0.032980 0.174144 0.065794 0.981966 0.000000
1403638223795097088.000000 -0.068842 -0.111163 -0.024448 0.031618 0.176226 0.060969 0.981951 0.000000
1403638223845096960.000000 -0.067927 -0.106918 -0.027103 0.030930 0.177496 0.057249 0.981968 0.003288
1403638223895097088.000000 -0.067063 -0.102663 -0.029214 0.030157 0.178460 0.054726 0.981961 0.000000
1403638223945096960.000000 -0.066380 -0.098417 -0.031629 0.030188 0.179694 0.051417 0.981914 0.000000
1403638223995097088.000000 -0.065873 -0.094048 -0.033950 0.029229 0.180045 0.050467 0.981928 0.040087
1403638224045096960.000000 -0.065770 -0.089338 -0.035736 0.026226 0.180133 0.050034 0.982019 0.000000
1403638224095097088.000000 -0.066035 -0.084852 -0.037489 0.022126 0.179402 0.051562 0.982175 0.000000
1403638224145096960.000000 -0.066643 -0.080074 -0.039121 0.016406 0.178572 0.053011 0.982361 0.003377
1403638224195097088.000000 -0.067235 -0.075811 -0.040673 0.011088 0.178022 0.054586 0.982449 0.000000
1403638224245096960.000000 -0.067797 -0.071952 -0.041132 0.010525 0.177678 0.055267 0.982479 0.000000
1403638224295097088.000000 -0.068470 -0.068718 -0.041348 0.012296 0.177698 0.055034 0.982468 0.056803
1403638224345096960.000000 -0.068996 -0.066190 -0.041051 0.017912 0.177866 0.054901 0.982359 0.000000
1403638224395097088.000000 -0.069880 -0.063812 -0.040595 0.023290 0.177101 0.057946 0.982209 0.000000
1403638224445096960.000000 -0.071037 -0.061733 -0.040013 0.029240 0.175651 0.061958 0.982066 0.003373
1403638224495097088.000000 -0.071994 -0.059638 -0.039271 0.036768 0.175228 0.062941 0.981826 0.000000
1403638224545096960.000000 -0.073026 -0.057326 -0.038369 0.041723 0.176008 0.061236 0.981596 0.000000
1403638224595097088.000000 -0.074104 -0.054468 -0.037664 0.042403 0.176132 0.060376 0.981598 0.003358
1403638224645096960.000000 -0.075304 -0.051438 -0.037365 0.037752 0.176432 0.059484 0.981788 0.000000
1403638224695097088.000000 -0.076825 -0.048153 -0.037043 0.029415 0.176054 0.060410 0.982085 0.000000
1403638224745096960.000000 -0.078149 -0.045220 -0.036726 0.019901 0.175709 0.061280 0.982331 0.066396
1403638224795097088.000000 -0.079392 -0.043027 -0.036223 0.014006 0.175543 0.061867 0.982426 0.000000
1403638224845096960.000000 -0.080642 -0.042037 -0.035454 0.015037 0.175130 0.062377 0.982452 0.000000
1403638224895097088.000000 -0.082098 -0.041975 -0.034702 0.021109 0.173725 0.065738 0.982371 0.003370
1403638224945096960.000000 -0.083459 -0.042419 -0.033516 0.028282 0.172136 0.069368 0.982221 0.000000
1403638224995097088.000000 -0.084422 -0.043432 -0.032739 0.035578 0.170184 0.073419 0.982029 0.000000
1403638225045096960.000000 -0.085246 -0.044216 -0.031777 0.039927 0.169041 0.075173 0.981927 0.003426
1403638225095097088.000000 -0.085664 -0.045023 -0.031202 0.042246 0.169520 0.073380 0.981883 0.000000
1403638225145096960.000000 -0.085812 -0.045701 -0.030853 0.041069 0.170532 0.069633 0.982030 0.000000
1403638225195097088.000000 -0.085821 -0.046383 -0.030721 0.036288 0.171294 0.066573 0.982298 0.003281
1403638225245096960.000000 -0.085847 -0.047130 -0.030957 0.029593 0.171570 0.064258 0.982629 0.000000
1403638225295097088.000000 -0.085714 -0.048152 -0.031215 0.023394 0.171990 0.062625 0.982828 0.000000
1403638225345096960.000000 -0.085318 -0.049455 -0.030806 0.022909 0.172500 0.060971 0.982854 0.003306
1403638225395097088.000000 -0.085160 -0.050681 -0.030605 0.024698 0.172827 0.059432 0.982847 0.000000
1403638225445096960.000000 -0.084712 -0.051238 -0.029135 0.030062 0.173426 0.058388 0.982655 0.000000
1403638225495097088.000000 -0.084304 -0.051747 -0.027823 0.038832 0.174174 0.056176 0.982344 0.049490
1403638225545096960.000000 -0.084073 -0.051105 -0.026029 0.047861 0.175075 0.054482 0.981881 0.000000
1403638225595097088.000000 -0.083934 -0.049776 -0.024083 0.056946 0.176102 0.052264 0.981333 0.000000
1403638225645096960.000000 -0.084190 -0.047581 -0.022355 0.065151 0.176336 0.051103 0.980841 0.003365
1403638225695097088.000000 -0.084814 -0.043572 -0.020679 0.065479 0.176570 0.050507 0.980808 0.000000
1403638225745096960.000000 -0.085893 -0.038428 -0.019189 0.061599 0.176466 0.050200 0.981094 0.000000
1403638225795097088.000000 -0.087307 -0.032216 -0.017743 0.053596 0.175809 0.051910 0.981593 0.045421
1403638225845096960.000000 -0.089009 -0.024862 -0.016132 0.042393 0.175413 0.052686 0.982170 0.000000
1403638225895097088.000000 -0.090757 -0.016996 -0.014337 0.032016 0.174999 0.053710 0.982581 0.000000
1403638225945096960.000000 -0.092785 -0.009257 -0.012561 0.024642 0.174375 0.055027 0.982832 0.045003
1403638225995097088.000000 -0.094923 -0.001469 -0.010473 0.017788 0.172720 0.058969 0.983043 0.000000
1403638226045096960.000000 -0.097591 0.001074 -0.008946 0.007792 0.169745 0.059552 0.983656 0.000000
1403638226095097088.000000 -0.099975 -0.002968 -0.008442 0.012984 0.161809 0.078945 0.983574 0.061708
1403638226145096960.000000 -0.102029 -0.005614 -0.007469 0.011356 0.158860 0.083190 0.983724 0.000000
1403638226195097088.000000 -0.103313 -0.004541 -0.004759 0.003457 0.160559 0.076583 0.984045 0.000000
1403638226245096960.000000 -0.104205 -0.001525 -0.000984 0.001424 0.171896 0.056416 0.983497 0.064812
1403638226295097088.000000 -0.105805 -0.002841 -0.001762 0.015546 0.170675 0.068601 0.982813 0.000000
1403638226345096960.000000 -0.107156 -0.001263 -0.001213 0.007610 0.170179 0.057850 0.983684 0.000000
1403638226395097088.000000 -0.107485 -0.001078 -0.001155 0.008108 0.169447 0.055958 0.983916 0.003440
1403638226445096960.000000 -0.107250 -0.001387 -0.001067 0.007967 0.170534 0.057429 0.983645 0.000000
1403638226495097088.000000 -0.107290 -0.001333 -0.001157 0.007954 0.170305 0.057519 0.983679 0.000000
1403638226545096960.000000 -0.107292 -0.001329 -0.001064 0.008759 0.170290 0.057206 0.983693 0.003276
1403638226595097088.000000 -0.107283 -0.001254 -0.001178 0.008642 0.170583 0.057106 0.983649 0.000000
1403638226645096960.000000 -0.107347 -0.001355 -0.001068 0.008791 0.170187 0.057796 0.983676 0.000000
1403638226695097088.000000 -0.107221 -0.001283 -0.001121 0.008194 0.170521 0.056744 0.983685 0.003302
1403638226745096960.000000 -0.107372 -0.001352 -0.001137 0.008177 0.170142 0.058136 0.983669 0.000000
1403638226795097088.000000 -0.107221 -0.001284 -0.001083 0.008466 0.170669 0.056682 0.983660 0.000000
1403638226845096960.000000 -0.107375 -0.001324 -0.001141 0.008632 0.170128 0.057976 0.983677 0.003259
1403638226895097088.000000 -0.107252 -0.001273 -0.001130 0.008285 0.170487 0.056924 0.983679 0.000000
1403638226945096960.000000 -0.107275 -0.001337 -0.001102 0.008360 0.170405 0.057371 0.983667 0.000000
1403638226995097088.000000 -0.107352 -0.001326 -0.001145 0.008243 0.170189 0.057854 0.983677 0.003256
1403638227045096960.000000 -0.107226 -0.001274 -0.001109 0.008381 0.170574 0.056711 0.983676 0.000000
1403638227095097088.000000 -0.107385 -0.001332 -0.001132 0.008401 0.170185 0.058041 0.983666 0.000000
1403638227145096960.000000 -0.107232 -0.001293 -0.001115 0.008257 0.170526 0.056964 0.983671 0.003257
1403638227195097088.000000 -0.107331 -0.001327 -0.001113 0.008376 0.170259 0.057728 0.983671 0.000000
1403638227245096960.000000 -0.107281 -0.001285 -0.001134 0.008276 0.170398 0.057221 0.983678 0.000000
1403638227295097088.000000 -0.107281 -0.001313 -0.001107 0.008344 0.170386 0.057347 0.983672 0.003264
1403638227345096960.000000 -0.107317 -0.001315 -0.001128 0.008319 0.170299 0.057631 0.983670 0.000000
1403638227395097088.000000 -0.107259 -0.001296 -0.001111 0.008287 0.170461 0.057122 0.983672 0.000000
1403638227445096960.000000 -0.107322 -0.001307 -0.001125 0.008302 0.170312 0.057654 0.983667 0.003257
1403638227495097088.000000 -0.107274 -0.001306 -0.001116 0.008274 0.170451 0.057254 0.983667 0.000000
1403638227545096960.000000 -0.107298 -0.001302 -0.001115 0.008323 0.170379 0.057417 0.983669 0.000000
1403638227595097088.000000 -0.107305 -0.001303 -0.001126 0.008348 0.170326 0.057476 0.983675 0.003273
1403638227645096960.000000 -0.107272 -0.001307 -0.001120 0.008320 0.170419 0.057241 0.983673 0.000000
1403638227695097088.000000 -0.107314 -0.001311 -0.001115 0.008311 0.170325 0.057582 0.983669 0.000000
1403638227745096960.000000 -0.107281 -0.001298 -0.001124 0.008292 0.170424 0.057277 0.983670 0.003266
1403638227795097088.000000 -0.107308 -0.001313 -0.001120 0.008341 0.170328 0.057523 0.983672 0.000000
1403638227845096960.000000 -0.107288 -0.001299 -0.001124 0.008289 0.170390 0.057338 0.983672 0.000000
1403638227895097088.000000 -0.107296 -0.001304 -0.001120 0.008324 0.170350 0.057408 0.983675 0.003415
1403638227945096960.000000 -0.107294 -0.001304 -0.001127 0.008312 0.170340 0.057438 0.983675 0.000000
1403638227995097088.000000 -0.107286 -0.001307 -0.001120 0.008321 0.170389 0.057386 0.983669 0.000000
1403638228045096960.000000 -0.107300 -0.001306 -0.001122 0.008310 0.170387 0.057493 0.983663 0.003488
1403638228095097088.000000 -0.107286 -0.001299 -0.001123 0.008281 0.170446 0.057353 0.983662 0.000000
1403638228145096960.000000 -0.107298 -0.001306 -0.001119 0.008323 0.170388 0.057452 0.983666 0.000000
1403638228195097088.000000 -0.107285 -0.001306 -0.001123 0.008307 0.170393 0.057381 0.983669 0.003416
1403638228245096960.000000 -0.107289 -0.001301 -0.001121 0.008327 0.170386 0.057398 0.983669 0.000000
1403638228295097088.000000 -0.107293 -0.001303 -0.001123 0.008324 0.170363 0.057443 0.983670 0.000000
1403638228345096960.000000 -0.107289 -0.001305 -0.001119 0.008310 0.170394 0.057397 0.983668 0.003418
1403638228395097088.000000 -0.107302 -0.001301 -0.001122 0.008280 0.170363 0.057462 0.983670 0.000000
1403638228445096960.000000 -0.107293 -0.001293 -0.001126 0.008280 0.170381 0.057386 0.983671 0.000000
1403638228495097088.000000 -0.107297 -0.001306 -0.001117 0.008325 0.170361 0.057428 0.983672 0.003430
1403638228545096960.000000 -0.107292 -0.001302 -0.001121 0.008300 0.170350 0.057383 0.983676 0.000000
1403638228595097088.000000 -0.107296 -0.001297 -0.001125 0.008304 0.170342 0.057416 0.983676 0.000000
1403638228645096960.000000 -0.107298 -0.001294 -0.001127 0.008300 0.170331 0.057397 0.983679 0.003425
1403638228695097088.000000 -0.107298 -0.001305 -0.001122 0.008346 0.170345 0.057431 0.983674 0.000000
1403638228745096960.000000 -0.107296 -0.001297 -0.001123 0.008304 0.170342 0.057419 0.983676 0.000000
1403638228795097088.000000 -0.107299 -0.001297 -0.001123 0.008285 0.170369 0.057382 0.983673 0.003442
