1403638127295097088.000000 0.0 0.0 0.0 -0.008638543533493838 -0.8374413752469746 0.0 0.5464588901189876 0.34998393058776855
1403638127445096960.000000 3.214407941656917e-05 -0.0004040288688720601 -0.00035653584922331477 -0.008668979589650332 -0.8374073073817662 -6.819908021208669e-05 0.5465106089412904 0.4442620277404785
1403638127595097088.000000 -0.0001855379702439349 -0.000652559837108112 -0.0007279118728669812 -0.00870186624293746 -0.8374481087919688 0.00016442374544988774 0.5464475414616455 0.2578251361846924
1403638127745097216.000000 0.0008414298172909786 0.0005635141287967289 -5.9743712092043873e-05 -0.008710909092827804 -0.8373595005763902 0.0003932249101865739 0.5465830515405733 0.11391592025756836
1403638127895097344.000000 0.0011776348398524273 0.0011030581656256394 -0.00020475361731529316 -0.008903735684392717 -0.8373041770077007 0.0005941226214700202 0.5466645092509943 0.1004185676574707
1403638128045097216.000000 0.0014820726596017416 0.002018557318066502 -0.00025624132105656224 -0.008645005075695109 -0.8373650612147155 0.00016022841781431323 0.5465756969267579 0.4064524173736572
1403638128195097088.000000 0.001956987270924154 0.002850053918279195 -0.00028253784681756634 -0.009213348867949724 -0.8375450948422583 0.000603802575096142 0.5462901827149745 0.40916991233825684
1403638128345096960.000000 0.0048403771551436565 0.004454669095003392 -0.001217585636757774 -0.009113137028836 -0.837236176144361 0.0002425172210680131 0.5467654682531258 0.2759511470794678
1403638128495097088.000000 0.006170535570884699 0.006173305394447403 -0.0016749817163104858 -0.009481424999485557 -0.8372333229273827 0.0003754283252090844 0.5467634997085347 0.22232556343078613
1403638128645096960.000000 0.01111271776520217 0.00619084296714891 -0.0025072044767466017 -0.010376381484804735 -0.8367576685435539 -0.0008640411167013967 0.5474743722529724 0.4714818000793457
1403638128795097088.000000 0.003813112029854503 0.006877766511975454 -0.003050873766002475 -0.007467909128393171 -0.8351480219199361 0.0036738705713267395 0.5499622846082204 0.026016950607299805
1403638128945096960.000000 0.01106619716650716 0.008887679634124063 -0.004300127084759782 -0.007407836938555759 -0.8350638002768689 0.0025770322222001744 0.5500972026142024 0.10690879821777344
1403638129095097088.000000 0.01974214072851005 0.009646790615184975 -0.006460275083527881 -0.004646733767051598 -0.8357262319501398 -0.001031969388478564 0.5491256760841733 0.03475069999694824
1403638129245097216.000000 0.02636504473052898 0.012348124224155464 -0.0009155575643629226 -0.013241222203547785 -0.8305084128185739 0.005273320350508318 0.5568237049233898 0.04501700401306152
1403638129395097344.000000 0.03853497100907216 0.02191637208493734 0.01368709162792886 -0.050376801868775266 -0.8108554906903752 0.04192456371527442 0.5815650281851796 0.021545886993408203
1403638129545097216.000000 0.040945365915990774 0.02687691411891477 0.018699426912009435 -0.03716736400643015 -0.8260510499158501 0.037006049837646306 0.5611495364527612 0.055062294006347656
1403638129695097088.000000 0.052226524201503956 0.03203569436376002 0.030848845148449863 -0.012213025317485597 -0.8334555951174264 0.01633791460079727 0.5522098202011155 0.019330263137817383
1403638129845096960.000000 0.0695087922265198 0.03241880476623883 0.04681239678246597 -0.010480488640249287 -0.8343710690499406 0.018321471819000155 0.55079887632484 0.06268525123596191
1403638129995097088.000000 0.08525771221147804 0.03600855312398527 0.08397540961774021 -0.0035898714812837855 -0.8366918477527753 0.018376152475058357 0.5473537994268495 0.02142024040222168
1403638130145096960.000000 0.10107979627741201 0.03709351399539842 0.1329478265642844 -0.011751760847192212 -0.8251533774249884 0.03112387512726754 0.5639282793389487 0.05850982666015625
1403638130295097088.000000 0.12153655040858023 0.04222415798591245 0.18721261061650757 -0.006193572691650269 -0.8222869544941251 0.03778241035645218 0.5677836679526338 0.01891303062438965
1403638130445096960.000000 0.1408257967873274 0.04037140559722584 0.238721972265734 -0.01451113339088541 -0.8145188555206021 0.053308747285900994 0.5775003363392343 0.09739279747009277
1403638130595097088.000000 0.16889437457411421 0.04477519554096992 0.28885222269821703 -7.818191593117787e-05 -0.817014388128251 0.045735073551281105 0.5748006493787795 0.020515918731689453
1403638130745097216.000000 0.1867969864888723 0.013407353362762692 0.3121636753821322 -0.012841683672310084 -0.8060826430579611 0.05659491424371225 0.5889506595657218 0.0886380672454834
1403638130895097344.000000 0.18459632476934495 0.016936895382679014 0.3191082550518695 -0.017619500280252012 -0.8024178646117542 0.07084651164047841 0.5922802508527211 0.02641463279724121
1403638131045097216.000000 0.21996569577483807 0.024628958719740923 0.31061806104466 -0.027548035333396708 -0.7865789549586044 0.06909853906651445 0.6129926959306882 0.0719149112701416
1403638131195097088.000000 0.25212039613073495 0.035724829868267784 0.25203976177818815 -0.017395337049639154 -0.7937597108896598 0.058129836097419965 0.6051973610092665 0.02710127830505371
1403638131345096960.000000 0.28439787407831035 0.015073504337159604 0.1657247426999694 -0.001848534734766821 -0.8069187579174852 0.043389779498136945 0.5890636876224339 0.08957409858703613
1403638131495097088.000000 0.3248407828361801 0.018075990802467728 0.08873183319262268 -0.0016739943314262812 -0.8066488627544337 0.03658339818505376 0.5898952999788953 0.024494409561157227
1403638131645096960.000000 0.34307242505177776 0.019496475823360875 0.0011112947477319697 0.002371875292979305 -0.8123313952760167 0.03264260219587819 0.5822770294098816 0.08655881881713867
1403638131795097088.000000 0.3859421907219315 0.02208811246770709 -0.09180697901237339 0.0084189228584288 -0.8126741921074396 0.023033177478789503 0.58220207141134 0.02323627471923828
1403638131945096960.000000 0.4327108103184858 0.02325628332172473 -0.18049727901570684 0.013475877484158181 -0.8144398871074957 0.011646569180453877 0.5799745067161889 0.025973081588745117
1403638132095097088.000000 0.47934207204093215 0.019125756622385776 -0.23668703161693047 0.034511687120557674 -0.8220576826461397 -0.0016616004343142387 0.5683549497792275 0.01920151710510254
1403638132245097216.000000 0.5122021816613085 0.01744994361572439 -0.21844306387399043 0.03648873457266508 -0.8188154157030981 0.004138188081289371 0.5728811069110696 0.05459713935852051
1403638132395097344.000000 0.5601163811131077 0.007903664951645318 -0.16752367070006619 0.027360250931346045 -0.8097179232188492 0.024066665742451122 0.5856868592406432 0.02419567108154297
1403638132545097216.000000 0.5950152284617324 0.0011451896415004975 -0.09886550411160333 0.008643460714180772 -0.7933510142994827 0.05353792911050906 0.6063440845290918 0.06323099136352539
1403638132695097088.000000 0.6444785638103246 -0.01428528744527068 -0.05977353667619276 -0.000898002430443757 -0.7869585302221687 0.0684573061624272 0.6131957783083497 0.02061748504638672
1403638132845096960.000000 0.6806356594513795 -0.03064942249806406 -0.04124711421756848 -0.00540924352226659 -0.789175395109284 0.07333089558114618 0.6097503715389515 0.08843016624450684
1403638132995097088.000000 0.736154630205493 -0.0407319331425362 -0.07118212167727064 -0.010878662004705357 -0.7777442903093752 0.08353148360922664 0.6229108803434045 0.02224874496459961
1403638133145096960.000000 0.7276058354361666 -0.027044827354645484 -0.10589940670171008 0.005773847557224867 -0.7866286679409791 0.06899885719062435 0.6135317099907509 0.09426712989807129
1403638133295097088.000000 0.7766101700448121 0.0095784402279804 -0.1680265147696193 -0.005609091169559379 -0.7895174745714759 0.04664554189117469 0.6119271924536521 0.019428253173828125
1403638133445096960.000000 0.8354300127005864 0.06428899998046103 -0.23206519937635034 -0.018555918045433408 -0.7979815712607488 0.018133049381517826 0.6021231455058385 0.02425527572631836
1403638133595097088.000000 0.9130307238850286 0.12393256793087756 -0.2883412615412605 -0.04952139980542727 -0.7999206157430422 0.002742999907682166 0.5980527697637474 0.027322053909301758
1403638133745097216.000000 0.9305927834988128 0.18884992201523818 -0.3112819762721672 -0.07558141532797487 -0.8050670595544044 -0.0045717189131463795 0.5883311811077367 0.07006382942199707
1403638133895097344.000000 0.9998339451602366 0.22341431821699428 -0.3623274993553005 -0.08958492999847865 -0.8078200533012038 -0.02854210306512386 0.5818819898864614 0.018574953079223633
1403638134045097216.000000 0.9862731405291314 0.21906162633554266 -0.3696422464488117 -0.09513873567563269 -0.8076295381362006 -0.037479512242434544 0.5807567789238613 0.07638716697692871
1403638134195097088.000000 1.002395873092839 0.17839252732032448 -0.3935197565198736 -0.084801556918615 -0.8113071500277366 -0.04180620955785958 0.5769242975473083 0.017626285552978516
1403638134345096960.000000 1.0089134752624653 0.11825719207681024 -0.41047266091514256 -0.09542071172102469 -0.80204144163104 -0.03369398458202533 0.5886332721517215 0.026334762573242188
1403638134495097088.000000 1.0204393470092001 0.044919424155442374 -0.4319445932530358 -0.10100081627403305 -0.804512524055844 -0.021695423949664054 0.5848826739859186 0.03216195106506348
1403638134645096960.000000 0.88718816580071 -0.03246890744377479 -0.39292995248379736 -0.10671508458507722 -0.8051474454167622 -0.00898165332525746 0.5833256481283905 0.13081026077270508
1403638134795097088.000000 0.9179153287663221 -0.11428527079764884 -0.40550274071739706 -0.09967051995465782 -0.8147733670291689 -0.005258463320498941 0.5711238888327349 0.02213144302368164
1403638134945096960.000000 0.9249445710911007 -0.1798267687026231 -0.38930864651998376 -0.09626413525516186 -0.8143840399406289 -0.008027201078245184 0.5722302122366536 0.07184386253356934
1403638135095097088.000000 0.9715717983057357 -0.23949533325865774 -0.40514332911115003 -0.08908131612285804 -0.8168779123279436 -0.011676586469116089 0.5697707019468352 0.017751693725585938
1403638135245097216.000000 1.0476553212751851 -0.2777017091191005 -0.4217306793752158 -0.08006932281641368 -0.8227153477651232 -0.014749118386698882 0.5625929466339306 0.0254824161529541
1403638135395097344.000000 1.1215926447721496 -0.28088988967099016 -0.4553499698165917 -0.08161382749609422 -0.8195546129483048 -0.019965609852468282 0.5668075458035216 0.023378849029541016
1403638135545097216.000000 0.8587203423188253 -0.18100566941594012 -0.41423802036815993 -0.07752335422718143 -0.8261157785701084 -0.02956508656016381 0.5573587315217738 0.07076406478881836
1403638135695097088.000000 0.910201202336464 -0.13876370535480909 -0.4227219836957541 -0.08761641305450542 -0.8233270767192535 -0.0401649946568859 0.5593233967112433 0.02449965476989746
1403638135845096960.000000 0.9295456576139433 -0.08130377702276514 -0.4112654287344801 -0.09988079841445294 -0.8218985682648648 -0.04066079888199583 0.5593328785495579 0.08415818214416504
1403638135995097088.000000 0.9796035735301801 -0.029764200512570872 -0.40000213496462295 -0.09257485249667236 -0.8309189464137847 -0.05932819604709502 0.5454207241475361 0.026276111602783203
1403638136145096960.000000 0.899740377520844 0.10548222823327984 -0.3077509032163861 -0.10663583283579527 -0.8183616604099062 -0.06663036791355506 0.5607792667335891 0.0920553207397461
1403638136295097088.000000 0.8946125498190074 0.1593171789815652 -0.28630267150342514 -0.11920842377526064 -0.8108414086938726 -0.07278527032510168 0.5683554047179074 0.021085262298583984
1403638136445096960.000000 0.9035413333516279 0.19365169908623062 -0.28999287982434147 -0.1217049103466733 -0.8136866171490305 -0.08733770041417879 0.5616708377301056 0.02819967269897461
1403638136595097088.000000 0.9397104371999677 0.19490974674600933 -0.2922083023183446 -0.1349634536497521 -0.8146109384913377 -0.08301092067497953 0.5579454024525028 0.017740726470947266
1403638136745097216.000000 0.9548503849171525 0.15679598930724478 -0.2703791611970019 -0.13481439080632865 -0.8137695635592764 -0.0625496754343204 0.561864499287083 0.12018609046936035
1403638136895097344.000000 0.96341164005673 0.09186204371572762 -0.25761021354224345 -0.13435456171786253 -0.8054393070484284 -0.028301700629655122 0.5765547572853928 0.020221710205078125
1403638137045097216.000000 0.9697189012002047 0.024111795240829816 -0.27042307879554356 -0.13605665852915355 -0.7943191240924974 -0.004792154775578189 0.5920496178728739 0.07476568222045898
1403638137195097088.000000 0.9849409143353709 -0.035583925069061724 -0.32182135039578885 -0.11860455569486268 -0.8048334411919957 -0.007225304028610416 0.5814842098364914 0.01654362678527832
1403638137345096960.000000 0.9973966675234833 -0.08431095102048532 -0.3776330320766411 -0.10151275934816745 -0.8168426467194654 -0.010264801868604059 0.567765694659741 0.05558919906616211
1403638137495097088.000000 1.0258749527145712 -0.11417757966434494 -0.43639753850683866 -0.0897534476472771 -0.8277542012091504 -0.02381594072208285 0.5533535054407365 0.021775007247924805
1403638137645096960.000000 0.8434515316095393 -0.2258323053486265 -0.4419465624100875 -0.07814499082567065 -0.8380423267936788 -0.044141685103322253 0.5381727701652433 0.06452441215515137
1403638137795097088.000000 0.8431816885589402 -0.24438534136030587 -0.47130907579461456 -0.08619970840613556 -0.8364930633008629 -0.0512045578706917 0.5387272580568975 0.027215242385864258
1403638137945096960.000000 0.8956914834854066 -0.17288223373282818 -0.42374322214568816 -0.07727227639309533 -0.8484996241406615 -0.058841527668084204 0.520206745204127 0.055101633071899414
1403638138095097088.000000 0.907427503041669 -0.18338613048025165 -0.426564571319913 -0.0706004512815613 -0.8523869875291905 -0.06213493228009332 0.5143843407028442 0.029840469360351562
1403638138245097216.000000 0.8918361173167456 -0.19655241557179187 -0.4181017186372667 -0.08076570314168664 -0.8425120627781295 -0.057873596215104135 0.5294345777624477 0.028573989868164062
1403638138395097344.000000 0.9024528255163058 -0.2057183532981996 -0.41144657178629795 -0.0823734961439845 -0.8360959819276439 -0.0586564831386925 0.5391822819077668 0.019579648971557617
1403638138545097216.000000 0.9094859060470544 -0.2146656963320337 -0.40384715666287757 -0.08187443238307482 -0.8358694127336811 -0.05906201927820243 0.539565176838704 0.07515096664428711
1403638138695097088.000000 0.9166586461092107 -0.2242823383263829 -0.39662027597407956 -0.08233563176193523 -0.8358942983938639 -0.05853729776163721 0.539513623948236 0.01953125
1403638138845096960.000000 0.9218406078659641 -0.2344414233848931 -0.3907394466931719 -0.08168526166110378 -0.8360728180170073 -0.0587460760295874 0.5393131368245941 0.05404329299926758
1403638138995097088.000000 0.926473615510908 -0.24521022156134034 -0.38272101875813497 -0.08277650904336872 -0.8360177331803484 -0.05753966594265718 0.5393622031638781 0.024027347564697266
1403638139145096960.000000 0.9273223586806006 -0.2536502281837678 -0.37520537358620165 -0.08268977713866865 -0.8361461373980718 -0.05789823419702734 0.5391380455392741 0.0516202449798584
1403638139295097088.000000 0.9293434376428987 -0.26396629414517403 -0.3664950084939842 -0.08253962076866711 -0.8361794202543957 -0.05823859459413834 0.5390727726810982 0.023023366928100586
1403638139445096960.000000 0.9281662531534494 -0.27271796429620676 -0.3594344983145925 -0.08306183175132317 -0.8362554336999204 -0.05778653618782811 0.5389232764957234 0.054285287857055664
1403638139595097088.000000 0.9274234016495236 -0.2831766599529356 -0.35033516592723096 -0.08306707858861426 -0.8363068134909079 -0.0578259284361675 0.5388385065712472 0.0227813720703125
1403638139745097216.000000 0.9234758648804839 -0.2895369065114696 -0.34334367655015796 -0.08325532207020939 -0.8363964399926718 -0.05787025273262963 0.5386655552039988 0.05201244354248047
1403638139895097344.000000 0.9197255014324387 -0.2996027269960333 -0.33377262674258956 -0.0834412048426566 -0.8364347067241075 -0.057772529877545456 0.5385878586761031 0.023625612258911133
1403638140045097216.000000 0.9140753252258376 -0.3043016279550616 -0.3269631783470283 -0.08372412276887427 -0.8365687784253324 -0.05764667204029378 0.5383491538334655 0.04657459259033203
1403638140195097088.000000 0.9071405060453684 -0.31344070926732903 -0.3168917505764584 -0.08379721528003936 -0.8366076249513668 -0.05763439934254405 0.5382787238940141 0.020940542221069336
1403638140345096960.000000 0.900835839953813 -0.3153722777600637 -0.31036989699552153 -0.08413099196646671 -0.8366437443431256 -0.05748872941284366 0.5381860897800591 0.041916847229003906
1403638140495097088.000000 0.8909179517375755 -0.32326602237483837 -0.30024358778915966 -0.0842329506404811 -0.8366847523898198 -0.057471005111776656 0.5381082778737255 0.020550012588500977
1403638140645096960.000000 0.88409592218661 -0.32400765716026325 -0.29403546224244065 -0.08449304811446014 -0.8366958239079645 -0.05734458170871552 0.5380637713356593 0.03943300247192383
1403638140795097088.000000 0.8712915906257037 -0.33014883982723314 -0.2835505681537153 -0.08456653963195405 -0.8367209083864391 -0.05729165631008497 0.5380188546518574 0.022343873977661133
1403638140945096960.000000 0.8649447892213978 -0.32769432353931566 -0.2774141822371829 -0.08484327449440825 -0.8367609602716519 -0.057139336075100945 0.537929187171719 0.04817819595336914
1403638141095097088.000000 0.8493618073374402 -0.3317064551979971 -0.2664656569098067 -0.08498313832619289 -0.8367674582958091 -0.05713774057872629 0.5378971700417847 0.02386641502380371
1403638141245097216.000000 0.8449594201672747 -0.3306741882130729 -0.26051550946577273 -0.08513938492185866 -0.8367359529990825 -0.05698509353039067 0.5379376629398404 0.052932024002075195
1403638141395097344.000000 0.8271345814005469 -0.33272292313301166 -0.24942783262407606 -0.08525756859665182 -0.8367613168644725 -0.056881605502309314 0.5378904428893497 0.022070646286010742
1403638141545097216.000000 0.8216772911973977 -0.3288918653499634 -0.24250774336389902 -0.08542678099254251 -0.8367416289486107 -0.05669324595931049 0.5379141077684011 0.04543590545654297
1403638141695097088.000000 0.8017847733526938 -0.3285204178624381 -0.23109668337932943 -0.08553738756958729 -0.8367934734857527 -0.05665729875165724 0.5378196617432136 0.023278236389160156
1403638141845096960.000000 0.7968131516607426 -0.32458960906823997 -0.22299018840118587 -0.08568359026526227 -0.8367745926945185 -0.05643359683228818 0.5378492842132898 0.04808187484741211
1403638141995097088.000000 0.7746324167852108 -0.32167494638134025 -0.21119890899459268 -0.08562768514643196 -0.836822808716491 -0.05632733307532493 0.5377943081670985 0.02157115936279297
1403638142145096960.000000 0.7692429751008525 -0.3126568946797788 -0.20317109654959215 -0.08591835043525123 -0.8367833965287511 -0.05606846026888936 0.5378363246521831 0.041857242584228516
1403638142295097088.000000 0.7456846943724074 -0.3064751933187899 -0.19148003158778762 -0.08654609373571484 -0.8367739022867275 -0.05661382030452175 0.5376933005547477 0.023717164993286133
1403638142445096960.000000 0.7418065787780174 -0.2993982878911504 -0.18081650958020462 -0.08638511279097129 -0.8368106990223014 -0.056224497512254196 0.5377027730720689 0.053191184997558594
1403638142595097088.000000 0.717753474564058 -0.2903187571994187 -0.16932037590784543 -0.0860244839763255 -0.8368734336946771 -0.05548541845534281 0.5377397255843418 0.022815704345703125
1403638142745097216.000000 0.7082992668659395 -0.2759394287803871 -0.15906923152695865 -0.0862820889086244 -0.8368724207284958 -0.05560362568127626 0.5376878177610948 0.03862953186035156
1403638142895097344.000000 0.6844608209960638 -0.26263596143331663 -0.14810207340947523 -0.08645624538944535 -0.8369538682133979 -0.05576634877846381 0.5375161899512504 0.020561933517456055
1403638143045097216.000000 0.6752604361826829 -0.2508253244263574 -0.13439481363052158 -0.08604862065421053 -0.8370110816908352 -0.05520483588133108 0.5375504721470917 0.05160856246948242
1403638143195097088.000000 0.6502869415238229 -0.23385985109080576 -0.12287821924781127 -0.08614799666596064 -0.8370400816504755 -0.055181403060735774 0.5374918019256254 0.02897930145263672
1403638143345096960.000000 0.6380386210929265 -0.21692330391439238 -0.11065831000699115 -0.08596333049404609 -0.8370412302618125 -0.05495328102488755 0.5375429485694723 0.04855465888977051
1403638143495097088.000000 0.6114162276941123 -0.19658783961506443 -0.09919675520611854 -0.0862047423849904 -0.8370705569039969 -0.054900208251791774 0.5374640381352784 0.027988433837890625
1403638143645096960.000000 0.5831835717097885 -0.17428318342459143 -0.08741164906965386 -0.08646603941652141 -0.8371260012289371 -0.0548001058045372 0.5373459132606124 0.033284902572631836
1403638143795097088.000000 0.5531101874489234 -0.15039121914633244 -0.07528636460421127 -0.0864132333823241 -0.8371618007491868 -0.05468842869384409 0.5373100112875148 0.022911787033081055
1403638143945096960.000000 0.5191151319906167 -0.11595256636562676 -0.05712502984551559 -0.08628827908568515 -0.8372989078793287 -0.05430701302049956 0.5371551173481509 0.06122875213623047
1403638144095097088.000000 0.485078719599311 -0.08739441240991591 -0.04402088455576357 -0.08640339296544684 -0.837376684963344 -0.05413293862151149 0.537032928338718 0.023748159408569336
1403638144245097216.000000 0.5061359572283155 -0.09043940817151017 -0.03244369630374584 -0.08604096799966894 -0.8371759629171769 -0.05417224218067774 0.5373999694050007 0.050750017166137695
1403638144395097344.000000 0.47242853576078436 -0.06087293661429138 -0.01900201433177303 -0.0860752290943757 -0.8372115529447249 -0.054047391188942584 0.5373516074768011 0.025165319442749023
1403638144545097216.000000 0.4980806468522602 -0.06570416127796695 -0.009756143081974719 -0.0858691774508668 -0.8370060602713942 -0.054083786326511556 0.5377009238316959 0.04123210906982422
1403638144695097088.000000 0.46561041814741067 -0.03510812590739892 0.0040050120931121175 -0.08582339993137857 -0.8370178212034265 -0.05394641352433078 0.5377037246290464 0.02616095542907715
1403638144845096960.000000 0.4957219865467944 -0.04256134883805672 0.012203463834012156 -0.08546121721923723 -0.8367853272877077 -0.0539926173497434 0.538118475485775 0.04584908485412598
1403638144995097088.000000 0.46574757624693974 -0.011469472780061366 0.02556279707769389 -0.08552573564400526 -0.8368144372503027 -0.05392304614131176 0.5380699315580206 0.02442026138305664
1403638145145096960.000000 0.5013849309296909 -0.019894425690064874 0.03343847450083072 -0.0851228759335899 -0.8366275411572477 -0.054057895212705605 0.5384108072235778 0.046279191970825195
1403638145295097088.000000 0.47406144580727505 0.011251878578298102 0.04732945779242345 -0.08522831440210801 -0.8366161501381423 -0.05392941158345563 0.5384247118385921 0.02309584617614746
1403638145445096960.000000 0.44188056800855785 0.030563258780715426 0.008276789396059685 -0.08732330362422377 -0.8367679033495646 -0.054825369247843606 0.537762303861997 0.027147531509399414
1403638145595097088.000000 0.4104031352929999 0.06757111713020415 0.02130391830149159 -0.08736493949666113 -0.8367928529627937 -0.05456294220997624 0.5377434089921734 0.02900838851928711
1403638145745097216.000000 0.45482950613147266 0.06328562159836368 0.027596318489651696 -0.08696853760709082 -0.8365334785034197 -0.05462420843939503 0.538204801782576 0.05595040321350098
1403638145895097344.000000 0.42716395954737246 0.10031070953063792 0.04011999060460225 -0.08701340150995776 -0.8365136584613171 -0.05461437057307073 0.538229354171841 0.01908397674560547
1403638146045097216.000000 0.47179488994990987 0.09193424298484215 0.04489985051168885 -0.08661480270305762 -0.836252617964007 -0.05470174048443358 0.5386902212673149 0.05130624771118164
1403638146195097088.000000 0.448578625455571 0.12862647049322767 0.056480729176943384 -0.08662124937390217 -0.8362403890461776 -0.054604382162294345 0.5387180453015062 0.02449965476989746
1403638146345096960.000000 0.3732237927757126 0.19113931944410462 0.0722077444348664 -0.08644400220601407 -0.8366689708549316 -0.05420436817654389 0.5381211333535767 0.048430442810058594
1403638146495097088.000000 0.3436877151189554 0.23396966178473666 0.08349447353931401 -0.08652118369500887 -0.8368212533724172 -0.05414549347857806 0.5378778116005462 0.025908708572387695
1403638146645096960.000000 0.36398483268558013 0.243739067178567 0.09418661789838075 -0.08613420206814874 -0.836679402343402 -0.054296256568175924 0.5381453274451558 0.0438382625579834
1403638146795097088.000000 0.3369554640301019 0.2873412757446654 0.10495857376982459 -0.08605900627532442 -0.8364023674779497 -0.054224062746583736 0.538595096650015 0.025197744369506836
1403638146945096960.000000 0.30909940801757735 0.3373941863525772 0.09996319978147712 -0.08681076804919838 -0.8367219100194719 -0.054195380534329936 0.5379806656124494 0.030768632888793945
1403638147095097088.000000 0.27963840868834033 0.386835462503815 0.11028426346494809 -0.08681978687113295 -0.8369217428155776 -0.05399588012782514 0.537688353918335 0.02499103546142578
1403638147245097216.000000 0.3047349492874753 0.3954543021232191 0.1184055683652003 -0.08641624989819974 -0.8368307402169848 -0.054012673812716926 0.5378932747757926 0.046608686447143555
1403638147395097344.000000 0.2785880754440984 0.44546419783277097 0.12965526515571346 -0.08634622108003331 -0.8366613752042603 -0.05402857977504656 0.5381663180783479 0.0247952938079834
1403638147545097216.000000 0.30180104582220474 0.4563847741315846 0.13275929105108702 -0.08607938731597552 -0.8360744160813252 -0.05399308787712448 0.5391239711931483 0.0478971004486084
1403638147695097088.000000 0.25870415531874336 0.5024122300281525 0.12016670263683127 -0.0847743583285924 -0.8361445082239948 -0.052894017394455234 0.539330967459411 0.027263402938842773
1403638147845096960.000000 0.22688609128549453 0.5108737238202925 0.11717835285556134 -0.08763895768241821 -0.8308646783794332 -0.05596415552602507 0.5466729484930082 0.04550743103027344
1403638147995097088.000000 0.18675489669506334 0.562316331662741 0.14048095394913956 -0.09054105123539836 -0.8197231765724061 -0.058345245795528515 0.5625407221919958 0.026232004165649414
1403638148145096960.000000 0.1600474898995765 0.5563874227397559 0.10833277248781603 -0.08760444918990762 -0.8138042231072956 -0.05930571749215327 0.5714288921708501 0.036482810974121094
1403638148295097088.000000 0.1887325496266491 0.539398198081743 0.1821042098132495 -0.0832059564514811 -0.8125068247822278 -0.057245508990851186 0.5741362035211462 0.026961088180541992
1403638148445096960.000000 0.3174240056313864 0.4459410042035638 0.26783422652938166 -0.07813807957422589 -0.8131847300229694 -0.05524494895780388 0.5740845155485139 0.0695652961730957
1403638148595097088.000000 0.28219832058578215 0.49231306260214863 0.29927451131789606 -0.0742264740659281 -0.8202807159042865 -0.05507529835119185 0.5644436988529665 0.02446460723876953
1403638148745097216.000000 0.29558436409767974 0.46730552182647384 0.2697370785963081 -0.07133981960293236 -0.8250973821666722 -0.05344847996969994 0.5579141511645446 0.12080502510070801
1403638148895097344.000000 0.34379185263445255 0.39650409622368554 0.25317627597748144 -0.0685777821343807 -0.8271149025999479 -0.05075929791239062 0.555519144017602 0.024882793426513672
1403638149045097216.000000 0.3330628722185023 0.37016913190799255 0.25985138346206293 -0.06605524260239334 -0.8229947597343256 -0.049836673871331456 0.5619898898663761 0.09354066848754883
1403638149195097088.000000 0.4303274298540869 0.3356449909025538 0.30771017110693494 -0.06277783222491669 -0.8190211865067575 -0.04756454577819526 0.5683316406985601 0.028721094131469727
1403638149345096960.000000 0.38512517253748835 0.35020170330097666 0.33185243476000637 -0.06277438327756979 -0.8175111250908649 -0.04346299651326775 0.5708291382636987 0.025426864624023438
1403638149495097088.000000 0.3352202847296762 0.37610484279539813 0.3692173930543481 -0.061802990682456045 -0.8161720999012421 -0.04402657518226632 0.5728046389155917 0.02219080924987793
1403638149645096960.000000 0.2936839438106738 0.3619444122023603 0.3853494452471242 -0.05729622287317142 -0.8160431708679259 -0.04480514878854876 0.5733961848201689 0.14413738250732422
1403638149795097088.000000 0.249466380747494 0.3762995141140698 0.39516914443219525 -0.048992734202710095 -0.8165304016521 -0.03949872992576089 0.5738620613940728 0.020071744918823242
1403638149945096960.000000 0.21324179030479967 0.3599096724724481 0.39925898518985237 -0.0425318116998252 -0.8169114476205636 -0.03636841431912527 0.574041871451829 0.0879063606262207
1403638150095097088.000000 0.1734760533535955 0.3659065773193634 0.38742217925855454 -0.0334967146769265 -0.8173424122140459 -0.04241284256699644 0.5736118043479967 0.023911476135253906
1403638150245097216.000000 0.1460132781458544 0.33785111808287316 0.3675119722473304 -0.023856656315985755 -0.8172085100442732 -0.05271585683539442 0.573430160960121 0.078521728515625
1403638150395097344.000000 0.10742720161977398 0.32009367884818773 0.33181098921543045 -0.024432332670031805 -0.8230231210221126 -0.04855429943782527 0.5654011703113322 0.02295970916748047
1403638150545097216.000000 0.0661120192184006 0.26580840065301586 0.3253658406577338 -0.021185099295869342 -0.8308192986327231 -0.03233770695777088 0.5551979442468853 0.06461262702941895
1403638150695097088.000000 0.01594329962155929 0.2233113406050316 0.32167576920419705 -0.014540061523847412 -0.832460241398503 -0.02203310108961356 0.5534555768605135 0.025307416915893555
1403638150845096960.000000 -0.04659555809703732 0.17436453203470853 0.32658710699783283 -0.0026214543772823122 -0.8303520435925206 -0.015827334665423957 0.5570081751249807 0.03292131423950195
1403638150995097088.000000 -0.14041621170488794 0.1280058226208526 0.33155872395274644 0.009908872561528337 -0.8246038416485124 -0.01022387581059878 0.5655314234828018 0.03363943099975586
1403638151145096960.000000 -0.20739428268190604 0.05201125610004559 0.33495372822359876 0.03141870562176241 -0.8210591443085595 -0.0007589891813177183 0.5699773420231473 0.1279306411743164
1403638151295097088.000000 -0.2769404560914309 -0.01613507358938962 0.32023021437351445 0.05952907160369112 -0.8204104379883081 0.019309462417142095 0.568339816953727 0.02403092384338379
1403638151445096960.000000 -0.4537269704022645 -0.21862391331195924 0.29747602547540763 0.08840461234694641 -0.8190131574490996 0.04158509209584063 0.5653961023534059 0.09659123420715332
1403638151595097088.000000 -0.5258662023077202 -0.30910786243642074 0.296261419695807 0.11536566982998768 -0.8158756120630897 0.061398923453131894 0.5632654081906268 0.02245044708251953
1403638151745097216.000000 -0.5667948243061449 -0.42898300741549394 0.31176087716774337 0.13256658034651744 -0.8129638558501536 0.07337455038713023 0.5622562104698956 0.03322196006774902
1403638151895097344.000000 -0.6361684574179454 -0.5249000730379461 0.34293914283360405 0.14152691559912492 -0.8125520477544096 0.07904214745125626 0.559894312149541 0.023358583450317383
1403638152045097216.000000 -0.6911079547130106 -0.611102485750785 0.38844310283842504 0.14538463664292806 -0.81267900776515 0.07984053189429267 0.5586068628587476 0.13335466384887695
1403638152195097088.000000 -0.7676761471583025 -0.7074012561177118 0.4237076497637234 0.14631001107645233 -0.8126869947930273 0.07896271584152906 0.5584783958758086 0.02544260025024414
1403638152345096960.000000 -0.8437163924392616 -0.7979259316568029 0.45081221892031054 0.1476485225417356 -0.8119500031576625 0.07459700761532752 0.5597967422362813 0.03762173652648926
1403638152495097088.000000 -0.9152489309615559 -0.9151942026861855 0.4488801546320366 0.14883069643561286 -0.8127725527611837 0.0688627166927144 0.559024263808163 0.023953676223754883
1403638152645096960.000000 -0.970880845209046 -1.033659089750303 0.44260936732752 0.14637806995957875 -0.8139084314042008 0.07104213931969566 0.557745049610432 0.12655186653137207
1403638152795097088.000000 -1.0534245909563558 -1.1653501060359486 0.4493204600529467 0.14879514104707353 -0.8129865013804212 0.081865893002058 0.5569658249273285 0.02641153335571289
1403638152945096960.000000 -1.0982093934981239 -1.30339357060292 0.4720941824597296 0.15997624097353844 -0.8064383392418666 0.09815894260579903 0.5607402511959597 0.03371763229370117
1403638153095097088.000000 -1.170322011083507 -1.4434798342116784 0.49855572861381503 0.1778667825930282 -0.8061401753426998 0.11125672305525401 0.553284164714166 0.03201127052307129
1403638153245097216.000000 -1.2412688951788466 -1.5846386364802738 0.5368967775712168 0.1909158739859777 -0.8066337988864621 0.11801078366406413 0.5467782900711755 0.1146552562713623
1403638153395097344.000000 -1.314223947617467 -1.7237926643184176 0.5499301456991323 0.2059214134064453 -0.8042881739131169 0.1256328026143519 0.5430776221788735 0.02739572525024414
1403638153545097216.000000 -1.376877024433992 -1.9158827727023116 0.5674978862420578 0.23310388529589018 -0.7993943377504823 0.1275478510195677 0.5388532426669795 0.04085350036621094
1403638153695097088.000000 -1.4275195388056878 -2.0564325136476937 0.5937656748131297 0.258750875927972 -0.7913541645920932 0.139058477142361 0.5361616457040779 0.03882145881652832
1403638153845096960.000000 -1.5435909756514123 -2.222732458973783 0.5799115716982322 0.2770194539482996 -0.7825713372606693 0.1581942863183088 0.5346184546089621 0.10979557037353516
1403638153995097088.000000 -1.6236049490465947 -2.402801285129845 0.5872694250918807 0.2853677271944581 -0.7745326896692325 0.1722643976928168 0.5375772969510013 0.025563716888427734
1403638154145096960.000000 -1.7054728203410723 -2.5860151686798876 0.5787185134924526 0.2891216477169811 -0.7682282788510676 0.1792034014557143 0.5423284293688155 0.03686094284057617
1403638154295097088.000000 -1.7698962866435481 -2.7643905958400357 0.5862682392348557 0.2909745386166674 -0.7613859461537554 0.18023661892951315 0.5505815289975008 0.03677034378051758
1403638154445096960.000000 -1.8188577155011476 -2.934329595113826 0.5676888468183715 0.28714157112466643 -0.7538039617875015 0.18464049584117204 0.5614598762343143 0.15320801734924316
1403638154595097088.000000 -1.8562884953204555 -3.1154057107095 0.5495910503862338 0.28593122207467103 -0.753366166177058 0.18735072463694022 0.5617672666510393 0.026407480239868164
1403638154745097216.000000 -1.8892680032295572 -3.288235882643834 0.5446405315586179 0.29537660274767125 -0.7569900123588694 0.19043640589298233 0.5508654636558064 0.04075288772583008
1403638154895097344.000000 -1.918477414438545 -3.4708964206056634 0.5547570986208651 0.30937445719888274 -0.756274589737354 0.1891709517236863 0.5445645427077018 0.045995473861694336
1403638155045097216.000000 -1.9281689938707987 -3.598926563575924 0.5920869378170813 0.3236867063989851 -0.7499757800585227 0.19431077622798287 0.5431450705546965 0.12909150123596191
1403638155195097088.000000 -1.9041222533682873 -3.746215531827243 0.6263208483276704 0.3361472076789631 -0.7420687098515081 0.20629904244272634 0.542014565963101 0.03304553031921387
1403638155345096960.000000 -1.9153873414661353 -3.92819201135872 0.6416255347558067 0.344612468321121 -0.7326309223625301 0.21584879166951298 0.5458053475467826 0.04679298400878906
1403638155495097088.000000 -1.9002612057785795 -4.122008051744839 0.6239627632108541 0.35879210473157147 -0.7224224837125947 0.22369460555805745 0.5471148910905643 0.03876304626464844
1403638155645096960.000000 -1.8211981392968901 -4.239631024301593 0.6308680067174961 0.36921419099917807 -0.712981212151499 0.24799375826599174 0.542068047522551 0.15803956985473633
1403638155795097088.000000 -1.7650610450335262 -4.41071897889344 0.6165956482249566 0.38714871826534475 -0.7008019799999995 0.27179089266719936 0.5339683187575347 0.0284578800201416
1403638155945096960.000000 -1.6840417005328998 -4.533175790301489 0.5951722421126808 0.4135729755147094 -0.6930968107573694 0.29079730618093774 0.513820135416843 0.04256629943847656
1403638156095097088.000000 -1.6049426756969911 -4.639803635980481 0.5930778738945671 0.4460034552874857 -0.6864014206165776 0.30530872638629725 0.4865394015283294 0.03285551071166992
1403638156245097216.000000 -1.5246672572110234 -4.724709401658507 0.6070113069626333 0.4698325408957112 -0.6753527296605738 0.32267973161612823 0.46801053926128144 0.12637567520141602
1403638156395097344.000000 -1.4528754500312235 -4.840738423345732 0.6241272557957156 0.48921469551081526 -0.6682598551174009 0.332880661625302 0.45087494147560686 0.03405046463012695
1403638156545097216.000000 -1.392249519637073 -4.96297810713846 0.6314004155263668 0.49896115167689825 -0.663995050083648 0.33891984697709177 0.4419068679107647 0.03891134262084961
1403638156695097088.000000 -1.3416161038625478 -5.0993667240221185 0.621294772890356 0.5025920083069041 -0.6621903353821091 0.3411440617497582 0.43877780486875134 0.03505420684814453
1403638156845096960.000000 -1.301332246222362 -5.233408596416628 0.5992754500062762 0.5031295306899697 -0.6621010925563582 0.3404411976763197 0.43884235154333157 0.1828138828277588
1403638156995097088.000000 -1.2654973719622593 -5.379591345602123 0.5765127842010583 0.501483438131845 -0.663874606132073 0.33811655261329415 0.4398432282772469 0.026022672653198242
1403638157145096960.000000 -1.2578257774668395 -5.560222629695868 0.5673630826608814 0.5002188936570685 -0.6690835429092965 0.33327171575047004 0.43707920851623683 0.04854607582092285
1403638157295097088.000000 -1.2342954952063192 -5.726218333411626 0.5768350043401418 0.49942185785280435 -0.6705634137591073 0.33193708699137753 0.43673823545261553 0.03240251541137695
1403638157445096960.000000 -1.2240737591885182 -5.884085908179454 0.5874297216366137 0.5042294559000836 -0.6633179633540599 0.33122096552836666 0.4427805407749806 0.14637064933776855
1403638157595097088.000000 -1.2099251235010486 -6.064455594367044 0.5847553121244604 0.5105091725732559 -0.6514836929766985 0.339331676013988 0.4469937316759046 0.03067469596862793
1403638157745097216.000000 -1.1986150343064146 -6.241583655559783 0.5754843512998055 0.5269256553258935 -0.6306823967421099 0.3502155156381968 0.4493753006177328 0.04012918472290039
1403638157895097344.000000 -1.1801645651799142 -6.42297449070115 0.5920358162689192 0.5461267928192274 -0.611409373775756 0.36782809178458364 0.4388924682860649 0.038428544998168945
1403638158045097216.000000 -1.1611272412095857 -6.605612501245813 0.6015260522800722 0.5626468926455862 -0.5979696954113914 0.3827759189449494 0.4234894490323503 0.10454511642456055
1403638158195097088.000000 -1.135233027202355 -6.780094481613595 0.6207765714157041 0.5698227093185867 -0.5922196431830401 0.39714478973893885 0.4084776495185413 0.02571558952331543
1403638158345096960.000000 -1.1140868859821615 -6.955239224540673 0.6270745444853448 0.5766167003498562 -0.5855404518325315 0.3997357305406712 0.40603805963790535 0.0370326042175293
1403638158495097088.000000 -1.0946342900399617 -7.126568415657848 0.6223440553042644 0.5812725207047116 -0.5796608336468044 0.3971902409057184 0.41031145138630953 0.03338456153869629
1403638158645096960.000000 -1.071944664604693 -7.295235526036307 0.6120564084516786 0.5820310168868895 -0.5762466059125939 0.3955780132143075 0.41556922409780306 0.17156553268432617
1403638158795097088.000000 -1.0441637036869655 -7.4643136809977655 0.5937053530363652 0.5786648868849611 -0.5818052379986014 0.397947571624858 0.4102284046256238 0.024309873580932617
1403638158945096960.000000 -1.0186790837244413 -7.630346923130168 0.5901363593977452 0.5766189940909562 -0.5906865108860483 0.3970186262806329 0.40121838429593326 0.04422950744628906
1403638159095097088.000000 -0.989678912760443 -7.801236295558638 0.6179198122214833 0.5803825023518357 -0.5995007838304893 0.38807443138749004 0.39134792302211957 0.034155845642089844
1403638159245097216.000000 -0.9922428023273956 -7.970624293962553 0.6275679471573377 0.5857593220647235 -0.6075017331471602 0.37755839024686505 0.3811526240125706 0.11419820785522461
1403638159395097344.000000 -0.9658028854555163 -8.159068441580528 0.6437218632802705 0.5729835634329501 -0.5995638765857683 0.394533893615903 0.3956715818926087 0.026752948760986328
1403638159545097216.000000 -0.9588264027218061 -8.363208140714612 0.654657561372709 0.5524664613826831 -0.5888680007293235 0.4227264373509004 0.4114822546950975 0.05565953254699707
1403638159695097088.000000 -0.9658999352852113 -8.529109710928434 0.6804796802659421 0.5351952412819436 -0.5879171649201888 0.4467203485279962 0.41031742725894 0.03919649124145508
1403638159845096960.000000 -0.9916458646638244 -8.69803883822845 0.7347845364965688 0.5352111646292844 -0.5840650365088963 0.44773742378737597 0.41466642222908595 0.16061949729919434
1403638159995097088.000000 -1.0339214914146126 -8.83543864605593 0.8013693916120309 0.5478472072601644 -0.5753100759958446 0.43194718130481 0.426970006578593 0.02050161361694336
1403638160145096960.000000 -1.0829141154803004 -8.93985181349061 0.8886351403678421 0.5572913475933727 -0.575159596124684 0.42099763842009136 0.4258858782913083 0.03566479682922363
1403638160295097088.000000 -1.1280637211785298 -9.055995234564044 0.9924107678871836 0.5710623999355797 -0.5856774462955047 0.40411846283931663 0.4093384080110006 0.029956817626953125
1403638160445096960.000000 -1.190112667064861 -9.120126410867577 1.1025151461989195 0.5780205505011593 -0.5905612780375521 0.3952151412547809 0.40116656416500335 0.15474224090576172
1403638160595097088.000000 -1.239568498417199 -9.219737802477793 1.2128661159846537 0.5793343945823095 -0.5919222524774875 0.3932178265314581 0.3992235553844521 0.023611783981323242
1403638160745097216.000000 -1.2907407275064038 -9.320891792842806 1.3130990375081146 0.576317045113322 -0.5919144510144214 0.3973664367498593 0.399494507017137 0.03261566162109375
1403638160895097344.000000 -1.3724941728247002 -9.37746266524793 1.3894277078672448 0.5573347991947226 -0.5919074440811309 0.4149820888188432 0.4084279192311307 0.040125370025634766
1403638161045097216.000000 -1.4273143655759362 -9.475363636243406 1.4501628149213721 0.5356183187382207 -0.5987398820473753 0.41655395534824496 0.42556594384615576 0.10220098495483398
1403638161195097088.000000 -1.4832951414704576 -9.551736464155784 1.5163131165981794 0.5187213934783561 -0.614517690941681 0.40112582264852953 0.4386276300828731 0.03558969497680664
1403638161345096960.000000 -1.5571646471785388 -9.618969270679667 1.5927198745545508 0.4980661566038086 -0.6373665984746392 0.3776652358655677 0.4506250019843371 0.04036283493041992
1403638161495097088.000000 -1.6487361907023148 -9.672107429698194 1.6533525972913248 0.48571011350808424 -0.6593345522414641 0.35330644515701476 0.45225898517003016 0.04083561897277832
1403638161645096960.000000 -1.7378526070357205 -9.723342021569385 1.7040554973125965 0.47567712701357806 -0.6725346121022405 0.3412078842543198 0.4527754919198783 0.14307427406311035
1403638161795097088.000000 -1.8490090260340806 -9.778759223646569 1.733021052973349 0.4640429216805367 -0.6794518549175572 0.3413576329807369 0.45440544681272343 0.03146004676818848
1403638161945096960.000000 -1.9059688188396202 -9.891956006598413 1.762841342570509 0.4523408549446461 -0.6817235016601813 0.3375495291316351 0.46551169009503823 0.045645713806152344
1403638162095097088.000000 -2.0091261255956026 -9.945399222972583 1.7922659823300497 0.4435646526493992 -0.686785436170083 0.332648739495814 0.4700223182961981 0.02146434783935547
1403638162245097216.000000 -2.0904139391061287 -10.028014040081537 1.8567510262791134 0.43816360640730234 -0.6948407550156607 0.32892408712213983 0.46585182633567135 0.16102290153503418
1403638162395097344.000000 -2.197574776755861 -10.061840780545573 1.9029463497724666 0.4332233127983713 -0.6980448855244252 0.3319206983919165 0.463551020946151 0.023940563201904297
1403638162545097216.000000 -2.3176836308918642 -10.096935468880353 1.9344192099682964 0.4328537252451229 -0.6955539136778793 0.3315681358600541 0.4678728213853564 0.04090571403503418
1403638162695097088.000000 -2.4474595100580276 -10.136423013739801 1.9785424772009048 0.4391540451932489 -0.6925361892411692 0.32495202708495585 0.4711088316674858 0.021961688995361328
1403638162845096960.000000 -2.5794853705102305 -10.196013574474907 2.0510559717400283 0.43878660776541406 -0.6959483936341457 0.322422481700812 0.4681515668431137 0.11794900894165039
1403638162995097088.000000 -2.720402720880656 -10.230015397474673 2.126623900811717 0.4250752955460884 -0.6963330408729291 0.32980273654261166 0.4750383608447533 0.020531654357910156
1403638163145096960.000000 -2.8936490185677184 -10.25822233334212 2.179904860901695 0.4120442976225869 -0.696634071884215 0.331213735406869 0.4849927093931991 0.038353919982910156
1403638163295097088.000000 -3.0543893207378043 -10.318487466618748 2.2127751450369955 0.4041852958710303 -0.7042920336881755 0.3138519583692082 0.49204057364493264 0.0415797233581543
1403638163445096960.000000 -3.213802873946683 -10.34708725218149 2.225213182446039 0.3897146712121028 -0.7127317450217457 0.2948548309649501 0.5031864101274305 0.11040139198303223
1403638163595097088.000000 -3.3761921866164735 -10.363687407071955 2.2352441940488643 0.3764726386189397 -0.7210626102187899 0.2834399292709366 0.5079358926189851 0.0314478874206543
1403638163745097216.000000 -3.5735906602296605 -10.358428170048843 2.237436464323905 0.369012228239225 -0.7256376618375695 0.2769995621531615 0.5104421629330635 0.038787841796875
1403638163895097344.000000 -3.745586537349333 -10.351387323414807 2.28644144545828 0.36417028141923213 -0.7266449497679749 0.27743547657415835 0.512246697837872 0.032692670822143555
1403638164045097216.000000 -3.886524532616143 -10.382421269419494 2.351704818435752 0.3613121429724806 -0.7302069696252769 0.28226890228164964 0.5065329048107501 0.15502142906188965
1403638164195097088.000000 -4.055834251310987 -10.361982728569036 2.4118204169715045 0.35820143109205627 -0.7302857740064014 0.2903849963861147 0.5040346981322915 0.027234315872192383
1403638164345096960.000000 -4.214052575807312 -10.322758409332572 2.4769725985795703 0.35656242814781103 -0.7277263861407797 0.2953186249470475 0.5060281133565636 0.04001283645629883
1403638164495097088.000000 -4.388012524081444 -10.299002012973927 2.5350142154730095 0.3574456581150981 -0.7269104657116426 0.2985146500797674 0.5047006835950406 0.03599238395690918
1403638164645096960.000000 -4.545407862695967 -10.271315055346271 2.581611874249258 0.3545627588989008 -0.7286164320408561 0.3012216778389595 0.5026617607914238 0.15374541282653809
1403638164795097088.000000 -4.746479724250927 -10.2793366747033 2.639950833730032 0.35370298823884405 -0.7276689895047013 0.2877336209167342 0.5124464861995488 0.035192012786865234
1403638164945096960.000000 -4.897333918296631 -10.219321443611596 2.673952387835225 0.35778412157065115 -0.7206985586322818 0.2688650878515445 0.5294295746101177 0.061728477478027344
1403638165095097088.000000 -5.072872788649105 -10.144976983701932 2.6882818042670573 0.340848577208735 -0.7222138873098178 0.27682684304436894 0.5344120576500039 0.029453039169311523
1403638165245097216.000000 -5.2275958633529 -10.06942582708415 2.686461507348944 0.3337338565823508 -0.7353704699133478 0.2696867635034175 0.5245198132970239 0.14026188850402832
1403638165395097344.000000 -5.387017807218769 -9.977853605805143 2.6770914688389356 0.3266649904142685 -0.7480549108658485 0.26645769420276555 0.5125467115954203 0.023944616317749023
1403638165545097216.000000 -5.579377577728054 -9.875798587634167 2.6677097820083695 0.3216054469115242 -0.7421140921191163 0.2644681791594387 0.5252553598081127 0.050661563873291016
1403638165695097088.000000 -5.723507198166036 -9.76469460895215 2.633939093819291 0.3189407251099987 -0.7283085827257543 0.26269136388219955 0.5466595554236853 0.044962167739868164
1403638165845096960.000000 -5.84311007664139 -9.657588827969557 2.6101534078243387 0.32362739216383574 -0.7278684922358408 0.25449174109713346 0.5483673246692481 0.13770389556884766
1403638165995097088.000000 -5.98116572796052 -9.525564564883076 2.581760205627324 0.3298519390493152 -0.7375665660181273 0.24725503407456187 0.5348440960900864 0.02725076675415039
1403638166145096960.000000 -6.108145589145695 -9.390238146905977 2.5688572829535823 0.3380735446239316 -0.7436422409407606 0.23849652113058825 0.5251874953981877 0.04268598556518555
1403638166295097088.000000 -6.2375568406223385 -9.259103772867793 2.5990873788329245 0.34374998006989527 -0.7433966627908232 0.23591521746099733 0.5230118192964133 0.04364967346191406
1403638166445096960.000000 -6.338485368907639 -9.132184708889772 2.664092823833318 0.3487882786316109 -0.742559334244497 0.23333605385897163 0.5220217024081376 0.12273716926574707
1403638166595097088.000000 -6.44779484564032 -9.008335428901773 2.7338427902467792 0.35038551330637824 -0.7412304338974721 0.23542999626789265 0.5219005200097919 0.023133039474487305
1403638166745097216.000000 -6.550764673086625 -8.886611393798962 2.784691209791036 0.34772212934087754 -0.7434186824141705 0.24219142965475535 0.5174565632070102 0.03691458702087402
1403638166895097344.000000 -6.653802289082259 -8.781973771275602 2.8178387601591384 0.3417033906045585 -0.7575281609473358 0.25299087287122707 0.49536400400609515 0.03665781021118164
1403638167045097216.000000 -6.7730737201559945 -8.673286898643298 2.837945138866637 0.34422558766084044 -0.7679195186457102 0.24893186493271263 0.47941765122240937 0.1373598575592041
1403638167195097088.000000 -6.904926512693201 -8.580418943286757 2.8674113716911758 0.35044208196299337 -0.7669880513186259 0.2406913063516179 0.48061145572140856 0.034546852111816406
1403638167345096960.000000 -7.067256997759289 -8.535983488644613 2.9209036555886616 0.3543265524503264 -0.7632929246893982 0.2354670134538833 0.48620149210268737 0.03436422348022461
1403638167495097088.000000 -7.213350421298665 -8.475660150808169 2.975692301522278 0.3510041548714651 -0.7607450418024413 0.2380225267670436 0.4913332284584491 0.03344249725341797
1403638167645096960.000000 -7.385030476800625 -8.421336849908872 3.0150078718398716 0.33996559801156284 -0.7574364201562058 0.24960731754542634 0.4984071113230317 0.13871002197265625
1403638167795097088.000000 -7.526707659698878 -8.357928860843924 3.033898697673743 0.32058306801752456 -0.7612892804580876 0.25514765818179186 0.502558255811628 0.03532862663269043
1403638167945096960.000000 -7.702794603861701 -8.282562188988555 3.0410518844613024 0.29891755845578577 -0.7678937464597317 0.2506066424553622 0.5081178978860315 0.04488086700439453
1403638168095097088.000000 -7.900878073977392 -8.214808939027593 3.0554636719230164 0.27949670604343796 -0.7737857772264864 0.24084500904341577 0.5149085781881549 0.046343088150024414
1403638168245097216.000000 -8.10285594148417 -8.143867707534973 3.0833293974149174 0.26582280209920056 -0.7785989713365041 0.22469726360535228 0.5221427194227013 0.04739737510681152
1403638168395097344.000000 -8.315706348698692 -8.063144093787217 3.1274693604907653 0.24917082143058417 -0.7832283892084766 0.2059339739256566 0.5310916968553452 0.04285550117492676
1403638168545097216.000000 -8.52793081219068 -7.95877389553988 3.1812513454244318 0.2441329752223357 -0.7897741459305174 0.1795913935602401 0.5332943091651203 0.06416988372802734
1403638168695097088.000000 -8.744829743310419 -7.872631822205174 3.211099542530587 0.24677570236446833 -0.7965818880603694 0.15594144516453046 0.5293782334179392 0.0308992862701416
1403638168845096960.000000 -8.95964215820088 -7.798796394437295 3.2244585287991754 0.24743330392485766 -0.7995293400985026 0.14746989302106417 0.5270504957618748 0.04613304138183594
1403638168995097088.000000 -9.183010314641114 -7.743989718059947 3.228276896709535 0.24915267624764212 -0.799749427681873 0.14582174647837456 0.5263647168030464 0.03183484077453613
1403638169145096960.000000 -9.41064245994012 -7.706399208698099 3.219882326117883 0.2472982335430592 -0.7913621536777777 0.15807776730384893 0.5362843880789205 0.05752682685852051
1403638169295097088.000000 -9.635466237252997 -7.683021442082325 3.200875751853802 0.23465105962364288 -0.7881772717448432 0.1777155466276496 0.5404929722107338 0.047696590423583984
1403638169445096960.000000 -9.870930362761232 -7.6399071172765 3.1729299615538906 0.20576483827966097 -0.7849888828751878 0.19679220491608274 0.5502055190330032 0.07125020027160645
1403638169595097088.000000 -10.100833554931171 -7.58643273225903 3.149191964340906 0.18182642023041423 -0.7856034502783757 0.18940421237734503 0.5602610250147892 0.06215691566467285
1403638169745097216.000000 -10.320649035345832 -7.507045310772257 3.140292627710835 0.16446988658619074 -0.7913178889950552 0.16036503528991805 0.5666116045574768 0.08109426498413086
1403638169895097344.000000 -10.530562766350743 -7.400858964053646 3.152183334895239 0.14988840745073673 -0.7957374629507685 0.11775893635787954 0.5748636258073884 0.05767369270324707
1403638170045097216.000000 -10.731430894881848 -7.322132434834764 3.1817790690841994 0.12629475501823179 -0.7905898986581071 0.08521656731910437 0.5930896927522831 0.08007168769836426
1403638170195097088.000000 -10.91434013153367 -7.228816828967863 3.2063698404398076 0.08991054131453256 -0.7921220221058334 0.06992431091258525 0.5996410487941045 0.040261030197143555
1403638170345096960.000000 -11.07014837166747 -7.1444853785220355 3.2080464025918376 0.0514371399489823 -0.7977504772004189 0.05771029224692751 0.5980116377873821 0.12857508659362793
1403638170495097088.000000 -11.210492407427115 -7.042296805316775 3.2019790712601686 0.015049416992318944 -0.804261100433709 0.04366039411418289 0.592479001622121 0.03772783279418945
1403638170645096960.000000 -11.342404020576625 -6.944352012747658 3.1989194511860295 -0.021198780074781615 -0.8007101471108709 0.034227595148572314 0.5976975353532705 0.33257460594177246
1403638170795097088.000000 -11.46945123984543 -6.81549799334641 3.2187372273037473 -0.050061695146176526 -0.7976563303395812 0.017240320817510025 0.6007836355014953 0.02728438377380371
1403638170945096960.000000 -11.555026861529308 -6.68535211614453 3.249974545232005 -0.07529747014282549 -0.7968567208621257 -0.0050113148563464185 0.5994368558325067 0.05168890953063965
1403638171095097088.000000 -11.625930783693693 -6.54742174214559 3.2589159800269867 -0.0993316675684727 -0.7929485892620962 -0.023752857738504426 0.6006675922293231 0.040691375732421875
1403638171245097216.000000 -11.660967554575443 -6.388677764941274 3.2599308537754856 -0.11723916715101163 -0.7887907764416167 -0.03342802055252796 0.6024505424749058 0.14818167686462402
1403638171395097344.000000 -11.702876122922472 -6.22653685669929 3.2592388254378375 -0.12687938003702914 -0.7854636888821329 -0.03886654800212704 0.6045145224190146 0.02369213104248047
1403638171545097216.000000 -11.747472535502503 -6.077307761015695 3.2401488820980235 -0.13705567311399688 -0.7815436703024254 -0.040998540495229545 0.607226772758534 0.041606903076171875
1403638171695097088.000000 -11.730284362857889 -5.906129570368316 3.221422964768901 -0.15010520629525523 -0.7764189681584093 -0.04459122458151999 0.6104536310132083 0.02955484390258789
1403638171845096960.000000 -11.680716923507816 -5.726504966770764 3.206966305256617 -0.1657191256692938 -0.7708321022008385 -0.04918402241337467 0.6131361786285995 0.1595745086669922
1403638171995097088.000000 -11.613331017253014 -5.523397143005206 3.2049335375632793 -0.1737097590947184 -0.7646865797238382 -0.05878866591920055 0.6177566245253495 0.012331247329711914
1403638172145096960.000000 -11.479443264690387 -5.330664476901678 3.2428124527867324 -0.17547715642746575 -0.7636389253867233 -0.06876082233919448 0.617523528715772 0.021660327911376953
1403638172295097088.000000 -11.355520276024594 -5.116252213729746 3.2371367683948793 -0.1757034167026454 -0.7653613567949976 -0.07394269943017098 0.6147217094628402 0.019901275634765625
1403638172445096960.000000 -11.211910391949635 -4.891213859236178 3.205753641718292 -0.17494651491652313 -0.7645227679295723 -0.07450439831650561 0.6159121275534062 0.022367477416992188
1403638172595097088.000000 -11.047408795557057 -4.682510757823821 3.157937649605185 -0.1738214335410622 -0.7614513711008224 -0.07098461517245927 0.6204346082378267 0.017731428146362305
1403638172745097216.000000 -10.86090684447166 -4.441110148573321 3.093096451579776 -0.17319149884450533 -0.7615575644758655 -0.06495995485551469 0.6211400687306777 0.0548396110534668
1403638172895097344.000000 -10.642025968033707 -4.180935505334823 3.022013674281248 -0.17181427128099153 -0.7617810887380136 -0.059610243984300725 0.6217845670627735 0.022641897201538086
1403638173045097216.000000 -10.405757904213742 -3.915431257678371 2.9325088742828704 -0.17275116902873872 -0.7672398113940263 -0.04905249252735779 0.6157060649271834 0.032234907150268555
1403638173195097088.000000 -10.136319512210633 -3.6507221601253557 2.833275419037891 -0.1713330444747972 -0.7747193366869063 -0.04346750735139514 0.6070959669105485 0.017542123794555664
1403638173345096960.000000 -9.844576539742373 -3.361927654264307 2.71579753906008 -0.16312147095672588 -0.7809261023557154 -0.053231602151594254 0.6005932108380839 0.0425870418548584
1403638173495097088.000000 -9.54846910488587 -3.07881615250118 2.5949289099533637 -0.14801612370343328 -0.786761309718748 -0.07442095315546296 0.5946086026832127 0.02269124984741211
1403638173645096960.000000 -9.252720803249883 -2.7970303851523095 2.4567847188215803 -0.14188406008178528 -0.7882581422390595 -0.0836324111862045 0.5928942860980504 0.027794837951660156
1403638173795097088.000000 -8.945317350587823 -2.5285437075438475 2.3062093946375377 -0.14259423105141503 -0.7890016146536803 -0.08494573312888105 0.5915467519714211 0.025149106979370117
1403638173945096960.000000 -8.637720902485398 -2.3056193966364282 2.1691977039905725 -0.14199009917683986 -0.7890174718548459 -0.08653006192925308 0.5914412813002303 0.08336353302001953
1403638174095097088.000000 -8.310081834280629 -2.0487627669572754 2.0403343594650374 -0.1428872933901672 -0.7896108738265671 -0.0854690169758039 0.590586942337593 0.018073081970214844
1403638174245097216.000000 -7.973701266234989 -1.7928715106041093 1.9157771856213723 -0.14168106483384077 -0.7953671489999966 -0.08783697425718898 0.5827540133817255 0.07692861557006836
1403638174395097344.000000 -7.653140057787188 -1.563066062473121 1.7789637992459992 -0.14271364041403523 -0.8023059464609584 -0.08505442263518706 0.5733268965462499 0.03773641586303711
1403638174545097216.000000 -7.338041614101052 -1.3749670608556148 1.644703914914267 -0.1421996906841548 -0.806851539077549 -0.08381032192996947 0.5672262968124063 0.06325840950012207
1403638174695097088.000000 -7.027381858874866 -1.1347878485500307 1.5254413548115473 -0.13846167144476257 -0.8133875232195085 -0.0882017437614651 0.5580766569289503 0.022336244583129883
1403638174845096960.000000 -6.732392671220191 -0.8852080156142672 1.4250041438323462 -0.1375154086069291 -0.8190374420920525 -0.0890183848724585 0.5498571705467485 0.08767485618591309
1403638174995097088.000000 -6.4960097812411135 -0.7043332717860233 1.3281217340431692 -0.13627863466923107 -0.8212782415370725 -0.09059190004412924 0.5465558446827357 0.020882844924926758
1403638175145096960.000000 -6.265347633660172 -0.4989569596026234 1.252584571199954 -0.13607589843513457 -0.8196801153191674 -0.09434208245793868 0.5483679694264854 0.048111915588378906
1403638175295097088.000000 -6.110894737089357 -0.25906366462729574 1.2098489596994797 -0.13749080104067005 -0.8231070282505037 -0.09661193929975799 0.5424548210298799 0.023821353912353516
1403638175445096960.000000 -5.97746834630688 -0.04064040121551543 1.1555571818461807 -0.13615391424712694 -0.8320638539243658 -0.10038887110819397 0.5282555529148181 0.2531721591949463
1403638175595097088.000000 -5.704367213790867 0.22835373232688497 1.110509676490927 -0.13502257364260584 -0.8420307522256073 -0.10275731744828723 0.5120488752298329 0.03290557861328125
1403638175745097216.000000 -5.574120213223413 0.49410015647928185 1.1120189713682609 -0.13714008397787938 -0.8514139670406657 -0.09765014087860523 0.49674068092014034 0.06809115409851074
1403638175895097344.000000 -5.474057866555899 0.7031832498871277 1.0822896893255094 -0.1336489866706782 -0.8555355525966204 -0.09970572413756117 0.49015878568000887 0.02198505401611328
1403638176045097216.000000 -5.415052475510105 0.9379063072922655 1.0447286678396208 -0.12280024248758657 -0.8508620311698233 -0.10884641843488325 0.49910556153227836 0.033020973205566406
1403638176195097088.000000 -5.382344451237189 1.1420887359310152 1.0012666649454487 -0.11509787139257685 -0.8303144280237952 -0.11596818102457007 0.5328056039553904 0.0209810733795166
1403638176345096960.000000 -5.313027136857949 1.4028694129951007 0.9453673985945792 -0.11586615049904489 -0.81471517775947 -0.11228833204382602 0.5569609903608183 0.06401419639587402
1403638176495097088.000000 -5.299965964311414 1.578523481569205 0.9234185258824725 -0.11511486280223353 -0.8122159113787444 -0.11485209258472427 0.5602346637741441 0.015512704849243164
1403638176645096960.000000 -5.328923547748334 1.6877470288474463 0.9359409645657627 -0.11572928868816866 -0.8143076503366731 -0.11651967193470522 0.5567162189079156 0.18850135803222656
1403638176795097088.000000 -5.332673674321022 1.7920071743579853 0.9648118399177372 -0.11805607524931937 -0.81455775477026 -0.11476792115317992 0.5562254502578405 0.018315792083740234
1403638176945096960.000000 -5.352872850795647 1.874557555667216 0.9886152671812922 -0.12195565258775583 -0.8147291519180194 -0.11066427446862095 0.5559646087415756 0.044667720794677734
1403638177095097088.000000 -5.418547492213688 1.8637738861963096 1.0162595445681524 -0.12418817905019153 -0.8157897450830506 -0.11713316432194905 0.5525795959112646 0.015680789947509766
1403638177245097216.000000 -5.458891607074948 1.8892266096588333 1.0239981972453336 -0.1250383271437786 -0.8153977021705955 -0.12208422657591649 0.5518944153199584 0.12234330177307129
1403638177395097344.000000 -5.420171233846913 1.9884198342250483 0.9892450704263711 -0.12555567946038615 -0.8147829380509176 -0.1229901780545468 0.55248343985903 0.013818502426147461
1403638177545097216.000000 -5.461679018854073 2.0447678241796363 0.9565595768109628 -0.13404795973650924 -0.8137352534482222 -0.11336664567527167 0.554088517688622 0.08417296409606934
1403638177695097088.000000 -5.5122479285347135 2.0929951411798497 0.9223706932747932 -0.14806015201315625 -0.8114400282768575 -0.09659602064836845 0.557056981547484 0.010463476181030273
1403638177845096960.000000 -5.498736547789984 2.1520931706670283 0.860665982930947 -0.1606543923601885 -0.802238814297616 -0.08752003124483779 0.5682810001932465 0.06850647926330566
1403638177995097088.000000 -5.534678086314981 2.2102541958581723 0.8276670067136297 -0.16524562640343513 -0.7925548938101493 -0.08770779661317858 0.5803946637120131 0.019765615463256836
1403638178145096960.000000 -5.564359224249668 2.26908919697843 0.8040786044732465 -0.16862393543445545 -0.7878124916863273 -0.10161169929122839 0.5836030405238876 0.1022651195526123
1403638178295097088.000000 -5.577828192179187 2.3363212277635395 0.8003049746196712 -0.1878556378466872 -0.7803616019418148 -0.11559465354999342 0.5851358010023622 0.015651464462280273
1403638178445096960.000000 -5.551898582634951 2.3789328023007803 0.8124893897528183 -0.21649362958096618 -0.7726093860170762 -0.1326832720913819 0.5818937998434941 0.09233808517456055
1403638178595097088.000000 -5.553905295719316 2.4763007959685326 0.8125892238234771 -0.25164742474069574 -0.7704040278298472 -0.1479789390391896 0.566792238060614 0.013870954513549805
1403638178745097216.000000 -5.53119580011611 2.5416473449958366 0.807081992631986 -0.28475876848668075 -0.7628984736355109 -0.16398487726344066 0.5567830122439542 0.07413291931152344
1403638178895097344.000000 -5.480564578335737 2.609867793548726 0.7921460801881635 -0.31070203871078705 -0.7580317610740941 -0.18135066132427413 0.544025762240279 0.013868331909179688
1403638179045097216.000000 -5.444688346191148 2.6800801828638856 0.7658796018376877 -0.3265808561397463 -0.7602182908215124 -0.1921717964690974 0.5277149754794614 0.04911446571350098
1403638179195097088.000000 -5.418281433934127 2.778435909771229 0.7376690778918157 -0.33423309198065976 -0.7630086962006075 -0.20370258131089036 0.5144037598176915 0.018317699432373047
1403638179345096960.000000 -5.380829899418348 2.8834063740233407 0.7040264016097993 -0.3444909236383212 -0.762913910111308 -0.21777466354834235 0.5018591089199215 0.11738729476928711
1403638179495097088.000000 -5.292424789764739 2.9431134165004784 0.6358045960794078 -0.3655304201670476 -0.7439117743756786 -0.23415485593782126 0.5080888576995853 0.012645244598388672
1403638179645096960.000000 -5.300570491192269 3.086485410013453 0.6017990750883844 -0.3911076446032045 -0.72409666977903 -0.2519462363064331 0.5091580473280131 0.05465888977050781
1403638179795097088.000000 -5.263460629972347 3.2041237075701927 0.5632575078882864 -0.41649203183301675 -0.7065350863807282 -0.27255580383473593 0.503046611089453 0.012193441390991211
1403638179945096960.000000 -5.234848970262138 3.316027988073356 0.538030175765104 -0.44171690822123666 -0.6936979265973499 -0.2888535216754971 0.4901356981915036 0.11784052848815918
1403638180095097088.000000 -5.191854213663597 3.4341899652662047 0.5228732188692038 -0.46226944729937186 -0.6880418334866909 -0.2937006749522935 0.47607279590244744 0.011029481887817383
1403638180245097216.000000 -5.149648179114966 3.554993675976828 0.528796095688975 -0.47128630486227896 -0.6831763866798222 -0.29945590544801715 0.4706223583986097 0.046936750411987305
1403638180395097344.000000 -5.109056928345794 3.691709708910346 0.5113711098071194 -0.4751667673976421 -0.6826070310883945 -0.3006347593451881 0.4667793116056279 0.011656522750854492
1403638180545097216.000000 -5.083825609721036 3.8161523870783935 0.482807035062541 -0.47218068128608603 -0.6847546726432017 -0.3061304643272976 0.46307729519407753 0.11235427856445312
1403638180695097088.000000 -5.044354548559734 3.9623667991175004 0.45444260053934754 -0.46948935169636496 -0.6896929198384337 -0.3064634180909569 0.4582396734684482 0.010557174682617188
1403638180845096960.000000 -5.011983652533001 4.116535441380376 0.4420410302901384 -0.4687762852344529 -0.6955321524409663 -0.3008810846125678 0.45382198299001375 0.0214385986328125
1403638180995097088.000000 -4.998989354390337 4.27635550736205 0.4413562331612303 -0.46736870411738407 -0.6954373739036479 -0.2966876932122228 0.45815910564567514 0.01364278793334961
1403638181145096960.000000 -4.994725339208161 4.464640580368942 0.4064463437141876 -0.46651491588622684 -0.6940413919784333 -0.2918313736512802 0.46422497652443506 0.08836030960083008
1403638181295097088.000000 -4.973471828918242 4.633645419427544 0.3921400512708603 -0.4673655423993789 -0.6840717252984435 -0.29253720046573767 0.47753252325743656 0.014687299728393555
1403638181445096960.000000 -4.986875605736064 4.832510572483422 0.3611555678959745 -0.47916772550340725 -0.667512558073432 -0.2974426054272986 0.4861616728278516 0.048302412033081055
1403638181595097088.000000 -4.936145625802629 5.015148548747741 0.33851422613954485 -0.4965863863787532 -0.6384733899875903 -0.31601991661236206 0.49586803027152504 0.01690506935119629
1403638181745097216.000000 -4.894194263489961 5.188737634737185 0.3123070321885579 -0.5148129327247534 -0.6237586399519411 -0.3395683930087015 0.48019382529779703 0.15479040145874023
1403638181895097344.000000 -4.812799142042236 5.338574606123185 0.2948837821832754 -0.5339873111192935 -0.6149527772733002 -0.36206504506798576 0.4534308507670812 0.012877702713012695
1403638182045097216.000000 -4.728288904112409 5.489652521891533 0.29350126461619963 -0.5544715860275767 -0.6075683734758515 -0.36941031428021404 0.4323863452323226 0.040441274642944336
1403638182195097088.000000 -4.653828919257842 5.643621093319819 0.3052797279065254 -0.5686930745309413 -0.6028266978835916 -0.37039711015240173 0.41951655520379644 0.016801834106445312
1403638182345096960.000000 -4.564911855425544 5.806392198150942 0.316946287632773 -0.5810446900152632 -0.5975649677085788 -0.3628580129354291 0.41669802017895885 0.06577038764953613
1403638182495097088.000000 -4.456400820121824 5.9915457639389835 0.3185494697102864 -0.5828908582349477 -0.6018500288413596 -0.36258949470408003 0.40809759678295204 0.013939857482910156
1403638182645096960.000000 -4.361051111016218 6.171531812205309 0.3455269939005629 -0.5762311801472586 -0.6111471932630383 -0.36884042789686533 0.3980119017588111 0.0436551570892334
1403638182795097088.000000 -4.271206036854833 6.358115145317085 0.3918483998694649 -0.5732456049903941 -0.6134888556132242 -0.36850484197795924 0.3990301765986789 0.018285751342773438
1403638182945096960.000000 -4.176165377868399 6.538356563954715 0.4263190703226949 -0.5696844818485037 -0.6107151424731513 -0.37097502063272075 0.4060346536461547 0.07109951972961426
1403638183095097088.000000 -4.087538196361603 6.746328038736981 0.44914395526631784 -0.5616952907636227 -0.6070575251631924 -0.37813529482928954 0.4159245848481137 0.017922401428222656
1403638183245097216.000000 -4.016572572425334 6.942639831471759 0.47749221420008564 -0.5545850341327935 -0.6112407172586175 -0.3836162353276834 0.41431728116760297 0.06850194931030273
1403638183395097344.000000 -3.9416319823435706 7.144831323869006 0.47707237490930254 -0.5588123947225256 -0.6177748023479975 -0.3761447747755455 0.4057069256217144 0.02389049530029297
1403638183545097216.000000 -3.8680472013692255 7.340984991930162 0.48345060661461164 -0.5599398190159832 -0.6249038507665435 -0.3725080253657702 0.39648499015169303 0.07912516593933105
1403638183695097088.000000 -3.8099145968853856 7.551547605692245 0.4795574020726527 -0.5563056065022407 -0.6225545027660067 -0.37761096475166994 0.4004496504671439 0.019089221954345703
1403638183845096960.000000 -3.7497310298633755 7.762386906032437 0.48079260764157583 -0.5479511132085881 -0.6148315921474283 -0.39062621896677263 0.4112697993855741 0.06991195678710938
1403638183995097088.000000 -3.703908903415594 7.971060500507676 0.5018671165699374 -0.5463612466929445 -0.6119831635981152 -0.393919071752202 0.4144801086837074 0.022890329360961914
1403638184145096960.000000 -3.6623691400858545 8.170991985445742 0.5312376524005863 -0.5524009854955125 -0.6161503894767455 -0.38676682592940526 0.40696839082628355 0.045185089111328125
1403638184295097088.000000 -3.635548231764676 8.367463800877571 0.5556320630379429 -0.5585290346871229 -0.6187278395316119 -0.3799147240144653 0.4011059466986588 0.01756000518798828
1403638184445096960.000000 -3.6183621742026357 8.57961782750999 0.5754510365713351 -0.5558136210171254 -0.6157432559175863 -0.38473771251804534 0.4048559670428771 0.09893417358398438
1403638184595097088.000000 -3.6020050757073765 8.792484472406413 0.5919086123451602 -0.5541452170325151 -0.6128826700235656 -0.3891289298393033 0.4072794951711794 0.020679950714111328
1403638184745097216.000000 -3.609049435399013 8.991438781225307 0.5996211961557676 -0.5547651140504168 -0.6112889937198758 -0.3891243672948627 0.4088320696409991 0.09874296188354492
1403638184895097344.000000 -3.613231545052154 9.197386163474526 0.6117192718693564 -0.5543082385362864 -0.6115708046658198 -0.39054288448733865 0.40767607600582895 0.010506153106689453
1403638185045097216.000000 -3.634642348689758 9.398220167486775 0.6259047963662162 -0.5541647537563693 -0.6098865726593888 -0.3909197813617484 0.41002624150657674 0.09549474716186523
1403638185195097088.000000 -3.6535626481938914 9.6012717700304 0.6456290155847217 -0.553046565088189 -0.6122239483041649 -0.39226916821298297 0.40675082499794546 0.013164281845092773
1403638185345096960.000000 -3.684626991125949 9.804082536234892 0.6716115735563845 -0.5486319045028163 -0.6154259500345165 -0.39726068401418896 0.40303583255376246 0.10585212707519531
1403638185495097088.000000 -3.726678870806509 10.006967987292365 0.6972023864630468 -0.5358878659747447 -0.6201222866808697 -0.4018387465972295 0.4084093123275852 0.028761863708496094
1403638185645096960.000000 -3.784028035049077 10.208532512239108 0.724154773463016 -0.518990071729895 -0.6302194318441638 -0.3990528466048467 0.4174081920475289 0.12523341178894043
1403638185795097088.000000 -3.8535754367422532 10.391452354827035 0.7493442737962617 -0.5143117464701088 -0.6331208605060296 -0.38340090894206114 0.4331802701617108 0.013529777526855469
1403638185945096960.000000 -3.9303942967791143 10.580182438822627 0.7656683481625601 -0.5270317216934247 -0.6314579682664311 -0.35176791758863324 0.44694264821904384 0.030164241790771484
1403638186095097088.000000 -4.000569504285257 10.755634176447144 0.77390168229565 -0.5255657577069714 -0.6371512201996389 -0.34708765059069463 0.4442399348679048 0.010565757751464844
1403638186245097216.000000 -4.065462528347537 10.923608698337311 0.7739042122546075 -0.520553978185577 -0.6422498912558523 -0.35259411790500694 0.43842447581745003 0.14273619651794434
1403638186395097344.000000 -4.131457656727424 11.093889132173981 0.7848674383043666 -0.5179409818552858 -0.6450085310252153 -0.35619498239501574 0.4345414465112515 0.011573314666748047
1403638186545097216.000000 -4.164743138620955 11.26481415410899 0.7835494581924927 -0.5167447033080542 -0.6447384131262377 -0.3595452479631164 0.43360639399076367 0.07341933250427246
1403638186695097088.000000 -4.216813277931298 11.440068015998342 0.8103202078948957 -0.5144552345367467 -0.64673870096721 -0.3649442709103154 0.42881294693458705 0.01918506622314453
1403638186845096960.000000 -4.295724797319007 11.614804247677242 0.809145921751793 -0.5029160717490323 -0.6543647409145534 -0.37107685988612077 0.4256573442117594 0.1018223762512207
1403638186995097088.000000 -4.378827402182787 11.784481211588043 0.8061259559304972 -0.48812254877185324 -0.6674782345334941 -0.3623869775011703 0.42998239771191343 0.012494087219238281
1403638187145096960.000000 -4.4928020376318445 11.957240396392548 0.8137512410969749 -0.46555794019433355 -0.6772580711736467 -0.3404799841907573 0.4567829787958643 0.0695040225982666
1403638187295097088.000000 -4.589362184500679 12.129064665785782 0.8385067950186993 -0.43510224572536077 -0.6876339871631928 -0.31901265811937923 0.4858770003019343 0.01886463165283203
1403638187445096960.000000 -4.693937193298535 12.278586843902454 0.8786884152381546 -0.40671663339452035 -0.696571917467452 -0.304873023626082 0.5063808679058038 0.08412647247314453
1403638187595097088.000000 -4.795333535118979 12.420863745109576 0.9235754754029339 -0.3934496241067832 -0.7077134710198703 -0.2913456861843652 0.5093689501422322 0.010098695755004883
1403638187745097216.000000 -4.890111173746876 12.552567126690784 0.9621858374819884 -0.3884975186747893 -0.7176747159866125 -0.28431052621447384 0.5031701548191386 0.027439355850219727
1403638187895097344.000000 -4.985780755505828 12.678132034741614 0.9899548650700765 -0.38197100270093004 -0.7220447292732817 -0.289744029120176 0.49879651122830243 0.01504063606262207
1403638188045097216.000000 -5.087299278269736 12.786911961498319 1.0108499681076328 -0.37510904690884905 -0.7194062257946159 -0.3019046742904651 0.5006010915456033 0.0924227237701416
1403638188195097088.000000 -5.191762551872085 12.884308775694638 1.0226499416073267 -0.3697000470819536 -0.7156254244959713 -0.31387991570165563 0.5026743732494067 0.010996580123901367
1403638188345096960.000000 -5.299055715411849 12.962229916885192 1.0209511776205311 -0.3720432871856497 -0.6981179919321304 -0.31362010249300487 0.5252213753390309 0.04800081253051758
1403638188495097088.000000 -5.405125764205931 13.012624101203592 1.0121521722881472 -0.3737650918471418 -0.682080547015642 -0.3132565373828181 0.5449184574652132 0.017931461334228516
1403638188645096960.000000 -5.484314616456 13.003308426842894 0.9964165946533066 -0.3727327741305547 -0.6783711909510007 -0.3104910902180812 0.5517953327746159 0.06305408477783203
1403638188795097088.000000 -5.493252921839801 12.898905921161655 0.9865449330527802 -0.369697412043192 -0.6898569997155118 -0.29902889374987607 0.5458963859330854 0.01193690299987793
1403638188945096960.000000 -5.514779249177859 12.812627212917945 1.0183450043214903 -0.36675472278702803 -0.7002161206030393 -0.2886524577899066 0.540248198861307 0.051068782806396484
1403638189095097088.000000 -5.5592930192534515 12.735101189911733 1.077574019149494 -0.3602178341544783 -0.7075301353892084 -0.27856055756058473 0.540414873263793 0.011536836624145508
1403638189245097216.000000 -5.519111449697835 12.56905270488649 1.088918851224623 -0.3458271743275082 -0.7164680613557456 -0.26025512501765513 0.5471237085484741 0.08046102523803711
1403638189395097344.000000 -5.526732767778726 12.47026807374576 1.1228826019996414 -0.3294187380717169 -0.7353975131418157 -0.23869534260811373 0.541939411825036 0.010514497756958008
1403638189545097216.000000 -5.525665688406027 12.368228507544057 1.1587214274982467 -0.3189412144097728 -0.754992417993691 -0.21986466455504508 0.5290770074412199 0.016492366790771484
1403638189695097088.000000 -5.538764991233204 12.254051368232167 1.1923468150739611 -0.3136373193912312 -0.7654328923094097 -0.2066756123609235 0.522522067008822 0.014132976531982422
1403638189845096960.000000 -5.574808862442107 12.141168917944503 1.2406010004527206 -0.3146793188140204 -0.7736449279556944 -0.19647677179454207 0.5136607147761723 0.06785964965820312
1403638189995097088.000000 -5.5947248980697735 12.059435300402786 1.2655348538822415 -0.3142623914030391 -0.7778284828350969 -0.1957513105593511 0.5078419292008008 0.011600494384765625
1403638190145096960.000000 -5.651826924849202 12.002334724266758 1.2763163951861052 -0.30901249415652965 -0.7693955302567689 -0.2031588206998288 0.5208342251119076 0.01344156265258789
1403638190295097088.000000 -5.677344953546563 11.946984924611453 1.2853646325637262 -0.29599595659397937 -0.7597302035625634 -0.22086087263723317 0.5351793030496611 0.01027679443359375
1403638190445096960.000000 -5.712827224180643 11.848695361064847 1.2745484341845241 -0.27100520266162914 -0.7591697178949199 -0.23723437184594454 0.5421599140258684 0.05418229103088379
1403638190595097088.000000 -5.742444650925064 11.7667126478521 1.2604621809073464 -0.26150849005947285 -0.7637349946845584 -0.231533412355701 0.5428760875963474 0.011599540710449219
1403638190745097216.000000 -5.792615304166866 11.654518817438051 1.2403368856728518 -0.258192456280697 -0.7659907720747495 -0.22242055072585898 0.5450907183495927 0.07491683959960938
1403638190895097344.000000 -5.823419037955968 11.540221501159191 1.2339141918753007 -0.2641932330587799 -0.7661500022770289 -0.20527141834892837 0.5487073486166165 0.011576652526855469
1403638191045097216.000000 -5.939997045249159 11.453165036214493 1.19594808803156 -0.26490180846203654 -0.7647114735386612 -0.19947991960830325 0.5524953898313877 0.06141042709350586
1403638191195097088.000000 -5.969647692426739 11.32685169169505 1.2160787523469494 -0.2658729664844659 -0.7676462973531686 -0.1965168924325368 0.54900987135149 0.013288021087646484
1403638191345096960.000000 -5.925697211909787 11.111898272085503 1.2212595943409201 -0.27041831020710044 -0.7773399358761942 -0.19264858499046306 0.5343248864669352 0.10570907592773438
1403638191495097088.000000 -5.96293371892162 10.979709636175144 1.2603460902554544 -0.2731121108206763 -0.7805702473283485 -0.191964745703914 0.5284594594816782 0.011200189590454102
1403638191645096960.000000 -6.020806255494094 10.879645168840302 1.2883399153109805 -0.2715275143685694 -0.7807436872753573 -0.1954900434581405 0.5277269621965888 0.017801761627197266
1403638191795097088.000000 -6.071633430042179 10.752327165147314 1.3102858374378301 -0.26716828419757965 -0.78299289427898 -0.20422375772041032 0.5232933137448849 0.01169133186340332
1403638191945096960.000000 -6.11760970837287 10.61425927195496 1.3106325059295592 -0.2664816759773338 -0.7832798365845093 -0.2062887884533743 0.5224032443686532 0.06731152534484863
1403638192095097088.000000 -6.150282749958086 10.486230776965973 1.3171214265886264 -0.2660114587204595 -0.7827571602132012 -0.20790912999341454 0.5227838230375532 0.012777328491210938
1403638192245097216.000000 -6.255887751408572 10.387476152648459 1.3483956077607264 -0.26632551479086847 -0.779734263237401 -0.20476017865408624 0.5283544909836134 0.02123570442199707
1403638192395097344.000000 -6.341518600437828 10.252704043127782 1.4086797382884682 -0.2669341989328546 -0.7726465239137988 -0.2031733676681677 0.5389657365680813 0.01222372055053711
1403638192545097216.000000 -6.43781332096296 10.118976468854354 1.46375641463876 -0.2664266663281813 -0.7690049017920724 -0.20345873070476123 0.5442911329325738 0.06775879859924316
1403638192695097088.000000 -6.536234098088272 9.98604999689579 1.5251235046319982 -0.26559873129467204 -0.7595222654444319 -0.20576245986990022 0.5569964563056988 0.012075662612915039
1403638192845096960.000000 -6.6137172583070045 9.848973382634217 1.5814768984753957 -0.26562165382327824 -0.7492881186806982 -0.20602842363368085 0.5705828080823562 0.01859307289123535
1403638192995097088.000000 -6.665041018126133 9.685249042589119 1.6218882018056853 -0.27079833325781527 -0.7308711801138689 -0.19654430205383389 0.5948663027218143 0.013622522354125977
1403638193145096960.000000 -6.546005818498502 9.543364559583212 1.7318103405617102 -0.26627797494566013 -0.7332796581931541 -0.18124974261252336 0.598786701373589 0.19171881675720215
1403638193295097088.000000 -6.539450580087424 9.387707584087527 1.7970392812797338 -0.2548114189251582 -0.7480222623581834 -0.1769365072185624 0.5867088785890227 0.012296438217163086
1403638193445096960.000000 -6.499625099490638 9.235505156198172 1.8834558223212083 -0.24175948038743839 -0.7554223293811017 -0.18161301683513978 0.5812969723224655 0.040712594985961914
1403638193595097088.000000 -6.470951407910211 9.034148595716571 1.9565142889401947 -0.235706742454826 -0.7575604352296929 -0.18110857029409444 0.5811576415241926 0.014383554458618164
1403638193745097216.000000 -6.408924157128917 8.847622552779141 2.024842423880749 -0.23812052553351257 -0.7690157453415583 -0.1735529677958011 0.5672678080992091 0.11362028121948242
1403638193895097344.000000 -6.33973844418288 8.661239862722805 2.069690504755406 -0.24010863261950977 -0.7766612678603324 -0.1701522114329013 0.5569500376978744 0.01165628433227539
1403638194045097216.000000 -6.259682104621147 8.487021093190679 2.1127073001472785 -0.24165258528210584 -0.7787731888852123 -0.16885080104770409 0.5537199249490491 0.04134845733642578
1403638194195097088.000000 -6.161956509487614 8.326803844007209 2.133013194341928 -0.2394919250351791 -0.7710737933079665 -0.17405720779272296 0.5637312405144922 0.012458086013793945
1403638194345096960.000000 -6.075159087390765 8.089539731496831 2.0888284902636185 -0.23994249139428525 -0.7695539398961538 -0.17317827496928614 0.5658830440050953 0.058226823806762695
1403638194495097088.000000 -6.002666628890912 7.870737834371083 2.1122560762258975 -0.24383394998316707 -0.7752335158873596 -0.1689324262587781 0.5576915240873327 0.013298988342285156
1403638194645096960.000000 -5.939331917536062 7.683422548923396 2.125433244579346 -0.24624898324830757 -0.7817363720658866 -0.16753889462576763 0.5478872161549461 0.06520581245422363
1403638194795097088.000000 -5.834918877019051 7.511926327670339 2.1519122519051934 -0.24837951032643965 -0.7886460210276663 -0.16640208084486977 0.5372666189683901 0.015145540237426758
1403638194945096960.000000 -5.759224267954234 7.347237908295929 2.168784557564648 -0.2487995714070873 -0.7928413620767107 -0.16678565084111868 0.5307390079139656 0.023868560791015625
1403638195095097088.000000 -5.67420321900766 7.194826803119872 2.1741293696425283 -0.2492693228467178 -0.7946023308811435 -0.1663000721584676 0.5280305165858136 0.02335333824157715
1403638195245097216.000000 -5.645774277578822 7.049223113575294 2.1574561566610004 -0.25315140331551683 -0.8025082653307154 -0.161758899392073 0.5154890004090639 0.07751202583312988
1403638195395097344.000000 -5.580514298428796 6.9167979675374145 2.1450220678457352 -0.2554967150668626 -0.8084576856502612 -0.15728489780793653 0.5063388786421726 0.013144731521606445
1403638195545097216.000000 -5.548192309355268 6.797947619534219 2.1270555567141645 -0.2522561495331484 -0.7947459742108689 -0.1621299438388796 0.5276926688984113 0.016863584518432617
1403638195695097088.000000 -5.518368623664234 6.682692649934208 2.0960297113968607 -0.24876597050215868 -0.7878576526686496 -0.16594617093877304 0.5383843231394505 0.014612674713134766
1403638195845096960.000000 -5.516772063832241 6.60497575543882 2.073645636215102 -0.250411911108695 -0.7920344733035803 -0.16271719999563408 0.5324456598557189 0.05739331245422363
1403638195995097088.000000 -5.510200910224231 6.516344461242239 2.068702852671366 -0.2515293713301617 -0.7992028370068337 -0.15973749911595794 0.522007406130087 0.010128021240234375
1403638196145096960.000000 -5.545136209601472 6.442121422246908 2.08465093550481 -0.2501637918993462 -0.7978983274167338 -0.16136208063812985 0.5241551442657536 0.017730236053466797
1403638196295097088.000000 -5.580672559566732 6.38326912879435 2.100511394927385 -0.2471825508361981 -0.7900280445045242 -0.16529132293673315 0.5361298854011894 0.012096643447875977
1403638196445096960.000000 -5.596266113376681 6.294705801479398 2.1177684779939536 -0.24736842453579522 -0.7883532660911062 -0.16548067816856726 0.5384460377224772 0.0493016242980957
1403638196595097088.000000 -5.619512687633782 6.242296345697924 2.1194588051993217 -0.25066738248558057 -0.7919241261748868 -0.1618181794578757 0.5327634733508938 0.011545658111572266
1403638196745097216.000000 -5.700896536537243 6.174187431723415 2.0641359923850158 -0.25694876901553365 -0.7981984364816301 -0.15864644616845586 0.5212368858952734 0.04779863357543945
1403638196895097344.000000 -5.746118437816178 6.169613876639067 2.04456246976051 -0.25634395725442144 -0.796397902781036 -0.16015360273111293 0.5238215149813493 0.011673212051391602
1403638197045097216.000000 -5.800777764417469 6.126733838125263 2.030887651893675 -0.2536606358003966 -0.7891956193052563 -0.16350561968855098 0.5348761245793221 0.0448458194732666
1403638197195097088.000000 -5.854540815662019 6.101103948531467 2.028421096155311 -0.2504591691073063 -0.7868314911336086 -0.16767801954000283 0.538563358328138 0.01203465461730957
1403638197345096960.000000 -5.917697711520432 6.085250760354212 2.0502809825717088 -0.241177748060196 -0.7835239963238186 -0.18051468040512597 0.5434499895883708 0.01925182342529297
1403638197495097088.000000 -5.968311384940754 6.075837377933533 2.09019975204612 -0.23611466921320404 -0.7804330885902118 -0.18741492897489065 0.5477679267839791 0.013700246810913086
1403638197645096960.000000 -6.031915958670266 6.022284232391006 2.134237286938321 -0.23611862139533088 -0.7788670653183681 -0.18696762200600464 0.5501428900877853 0.06924915313720703
1403638197795097088.000000 -6.096938512532255 5.978638593785059 2.1884324087579037 -0.23603251334341663 -0.7792014724871054 -0.18592538420028326 0.5500595144424775 0.012961387634277344
1403638197945096960.000000 -6.149173711810809 5.936228320190288 2.2298118148414297 -0.23734172570968964 -0.7711687990515516 -0.18113972618450155 0.5622775010653884 0.058472633361816406
1403638198095097088.000000 -6.187318915688162 5.891175414744804 2.2339219034394753 -0.23749586943426707 -0.7638389324646541 -0.17998473810498725 0.5724956692431818 0.012637853622436523
1403638198245097216.000000 -6.225161478542872 5.836592748744831 2.2053391453267315 -0.2398186552863417 -0.7687585552203605 -0.17606283897610633 0.5661264638610604 0.015995264053344727
1403638198395097344.000000 -6.253136597360139 5.77585815775846 2.1468797888822495 -0.2384326577401646 -0.7742306977721074 -0.17728199635823788 0.5588271540624302 0.010886907577514648
1403638198545097216.000000 -6.295287984994475 5.691607602003833 2.102889490415172 -0.2307215656582926 -0.7798606699136343 -0.18724811102135247 0.5509292509760025 0.050013065338134766
1403638198695097088.000000 -6.320837560266897 5.616535751154226 2.0352913906209036 -0.21202570104091717 -0.7801613442696139 -0.21286175540252303 0.5487105357950522 0.010188579559326172
1403638198845096960.000000 -6.375673275408758 5.488782451245963 1.9936212003240958 -0.2004017512315837 -0.7783107612858083 -0.22806039953357282 0.5495998099841439 0.03251075744628906
1403638198995097088.000000 -6.417811795269699 5.3572982736901595 1.970357007291506 -0.20191375586108393 -0.7796238245206011 -0.22549328707295055 0.5482429250970573 0.01307368278503418
1403638199145096960.000000 -6.515248486183943 5.166234512903105 1.9841159943725744 -0.20628506403877636 -0.7801912194955034 -0.22172651381638842 0.5473440293338994 0.02266216278076172
1403638199295097088.000000 -6.570584707227539 4.980034530408072 1.996374375568252 -0.20801690791953062 -0.7757673999461056 -0.21886552057934627 0.554086447318456 0.013954877853393555
1403638199445096960.000000 -6.636128771903225 4.764559560940691 2.019054164518667 -0.20592213919690056 -0.7757230450115659 -0.22325727515741783 0.5531781079506323 0.058882951736450195
1403638199595097088.000000 -6.708276039564638 4.524961384111474 2.0642003677685543 -0.20164608141953577 -0.7814317798596121 -0.22541253932712474 0.5457952165305978 0.010884761810302734
1403638199745097216.000000 -6.787972856919086 4.264748138712054 2.1170346949073884 -0.19820593049233146 -0.7851991534468403 -0.20739078005535544 0.5487857167347431 0.01924419403076172
1403638199895097344.000000 -6.861896928769022 3.9852415928912786 2.169354667790888 -0.2032153692264286 -0.7891859690839829 -0.1811772505384438 0.550512328470917 0.023858308792114258
1403638200045097216.000000 -6.954659354959621 3.697340631239329 2.2097340971927113 -0.19911895363473 -0.7917164658613385 -0.1680257627278603 0.5525432318354493 0.021051406860351562
1403638200195097088.000000 -7.04133704599858 3.411780743893096 2.24858621809243 -0.17598064046707293 -0.793938519813926 -0.16642027464937179 0.5576708107137208 0.020063400268554688
1403638200345096960.000000 -7.142664597458803 3.1071784758229253 2.2767308260241235 -0.15317673237563334 -0.7904151776555876 -0.155309885734838 0.572415561444167 0.02936863899230957
1403638200495097088.000000 -7.240279754318884 2.798050893358041 2.3410218055316387 -0.12736317848145795 -0.793475749057273 -0.15167449820438894 0.5754734598741689 0.0160977840423584
1403638200645096960.000000 -7.311343811100054 2.486767379447437 2.4308204715641746 -0.1029469998663665 -0.7985344874147149 -0.1480364945791853 0.5743080914461678 0.0271456241607666
1403638200795097088.000000 -7.386063572182229 2.148063952284363 2.5136843873837647 -0.08235119918465131 -0.8048706524273996 -0.14252151823730252 0.5701658791029821 0.01667499542236328
1403638200945096960.000000 -7.448005226946901 1.7890505806965153 2.589478436152899 -0.08103452748326889 -0.8086853979357056 -0.12597958694505015 0.5688501350920885 0.02191448211669922
1403638201095097088.000000 -7.525580174710703 1.404471364244099 2.638577934879272 -0.08921815656784554 -0.8076713701200734 -0.10707957901666756 0.5729232428385256 0.02851700782775879
1403638201245097216.000000 -7.568356740194831 1.0282247776947049 2.6738578545363993 -0.09545808940054908 -0.8056823600061488 -0.09930199148125109 0.5761100610393617 0.02676844596862793
1403638201395097344.000000 -7.633076594390545 0.6504631339196961 2.7005091400123487 -0.09623691126421624 -0.8065391115617294 -0.10244841487794677 0.5742276906598425 0.019678115844726562
1403638201545097216.000000 -7.723564174758334 0.23420392795489453 2.7141525509566193 -0.09822851913446472 -0.8041530287125704 -0.10629625326047355 0.5765328880331417 0.03499555587768555
1403638201695097088.000000 -7.764820674469933 -0.13810213390936726 2.6967181256339186 -0.1006458518725086 -0.8016182295879809 -0.1074945256784295 0.5794165629685242 0.02724480628967285
1403638201845096960.000000 -7.729602989164174 -0.5058263289451345 2.6532525269757636 -0.1038846251216223 -0.7997450438532943 -0.10658130430803801 0.5815980356461239 0.04282426834106445
1403638201995097088.000000 -7.753059872466417 -0.8800819090671598 2.615580768074544 -0.09906127836649778 -0.8016647101191298 -0.10313862190024622 0.5804162130321008 0.027081966400146484
1403638202145096960.000000 -7.767299521869963 -1.2688384988574084 2.5896633644954647 -0.09649434459269614 -0.8056797880959097 -0.0864084466476716 0.5780160039854372 0.037392616271972656
1403638202295097088.000000 -7.774141405399545 -1.6541869779808671 2.580013959040326 -0.09611645340454252 -0.812139706477761 -0.0724433392749782 0.5709139051922271 0.019281625747680664
1403638202445096960.000000 -7.77610769167721 -2.0263912353134326 2.56910098454886 -0.0940368957224511 -0.8141610160912682 -0.06682370703304207 0.5690636996843856 0.030748844146728516
1403638202595097088.000000 -7.784022932268872 -2.393297871156707 2.556257943335325 -0.09512054008273813 -0.815205858163233 -0.061905147222352123 0.567942993986275 0.019783973693847656
1403638202745097216.000000 -7.788462647860471 -2.781423441133994 2.515804186783299 -0.09658668120060944 -0.8155666549912437 -0.06323124662678269 0.5670307343796 0.06530070304870605
1403638202895097344.000000 -7.798002876525013 -3.124856238081209 2.483072293133147 -0.09544912051912563 -0.8138185884081385 -0.06618010280877423 0.5693935058865094 0.022568225860595703
1403638203045097216.000000 -7.827826159092419 -3.480290742689748 2.445080353728828 -0.09684778681888129 -0.8126481712296367 -0.06432127524997615 0.5710396041743764 0.04237627983093262
1403638203195097088.000000 -7.85402819894733 -3.821134394512482 2.434792148348616 -0.09434494296525026 -0.8101080862474873 -0.06830965030751585 0.5745935189402872 0.019333839416503906
1403638203345096960.000000 -7.890125776350898 -4.133709058280916 2.4399330197156854 -0.09411906883563062 -0.8073296956176307 -0.06882251111298515 0.5784667885190651 0.033541202545166016
1403638203495097088.000000 -7.949862428822253 -4.429843341541746 2.453783595243037 -0.09526148537507534 -0.8068798657351115 -0.06620670520560738 0.5792122269611033 0.012892961502075195
1403638203645096960.000000 -7.949615739743719 -4.720179527306373 2.4340683485849004 -0.09691112891601955 -0.808326693436288 -0.06367954883790918 0.5772010956593728 0.03068089485168457
1403638203795097088.000000 -7.943115595848348 -5.004708587694128 2.43293459833266 -0.09624893909752492 -0.8080309055750574 -0.06444505348696096 0.5776409199833549 0.01578044891357422
1403638203945096960.000000 -7.963542987927056 -5.271628452847298 2.4326880817409564 -0.09511342847408757 -0.8085177105763217 -0.06414315543890224 0.5771812566418533 0.030295610427856445
1403638204095097088.000000 -7.973164972467167 -5.585073055556972 2.4190420145338236 -0.09534798181013165 -0.8106207397072666 -0.061849433134149236 0.5744366164705758 0.020332813262939453
1403638204245097216.000000 -7.9809098128993865 -5.805019421303028 2.4479350229131023 -0.10133846038220319 -0.8149711330127788 -0.0520475468245143 0.5681932960470251 0.027146100997924805
1403638204395097344.000000 -7.963345966265351 -6.0516678485408075 2.4904087114366984 -0.1138297404555032 -0.8208146135636317 -0.03553048178657459 0.5586087586247037 0.03791022300720215
1403638204545097216.000000 -7.9901107625805725 -6.262678778558588 2.5317360666761797 -0.11975834173824677 -0.8215938726750857 -0.03104906051182036 0.5564866609436329 0.06653451919555664
1403638204695097088.000000 -7.985918036744704 -6.45529166253746 2.562845910372438 -0.11141464439021288 -0.8207226263856862 -0.02989464621086001 0.5595600572609801 0.017768383026123047
1403638204845096960.000000 -7.996033282414556 -6.649186157909235 2.547609530663484 -0.08105128077526633 -0.8225001705120472 -0.03542691818616465 0.561844367116173 0.05010700225830078
1403638204995097088.000000 -8.012818906765508 -6.768567576310939 2.540464001732303 -0.03799452049155486 -0.8223410702332539 -0.030794118647521688 0.566889145139476 0.019361257553100586
1403638205145096960.000000 -8.035510362553293 -6.911749877200767 2.517844624257799 0.01394028630664155 -0.8226926873987346 -0.004406363194490388 0.5682983322883636 0.14692282676696777
1403638205295097088.000000 -8.044799786709962 -7.079175570636885 2.512187948886425 0.07325226456814274 -0.817551244027752 0.036340154675393095 0.570020580578002 0.013494014739990234
1403638205445096960.000000 -8.060825539548839 -7.235508808725708 2.5177662644143357 0.13245774985148773 -0.8051713836702719 0.07585554003111375 0.573061885374842 0.017487049102783203
1403638205595097088.000000 -8.053663871104947 -7.402016383919247 2.5450991697337293 0.18403757272385785 -0.7901738293476834 0.08942836053684725 0.5777179758079376 0.01741480827331543
1403638205745097216.000000 -8.030485044534906 -7.594889220022829 2.5868041668827293 0.21624244242529092 -0.774837347566987 0.09393006807286412 0.5865521572896379 0.0798492431640625
1403638205895097344.000000 -7.998085336395734 -7.777351757170297 2.6358953604646143 0.2408473986522501 -0.7686380294936834 0.10965589127440413 0.5823776229280515 0.012484550476074219
1403638206045097216.000000 -7.916880178249018 -7.983209903961746 2.6936546442733023 0.2662203124520373 -0.7629985848251757 0.13659491538508745 0.572976207083383 0.01717066764831543
1403638206195097088.000000 -7.837771545801811 -8.191363876136373 2.763545852711596 0.29181512280357136 -0.752956961321774 0.16166393525753975 0.5672429114032745 0.018725872039794922
1403638206345096960.000000 -7.744906007523009 -8.401865192261637 2.8379128885913563 0.30902324729625186 -0.7439920578958412 0.19105776894195955 0.5607828272560706 0.031097888946533203
1403638206495097088.000000 -7.632041319721289 -8.608228920082379 2.892174088758351 0.3146095276076799 -0.7386262542144476 0.21372866955230052 0.556571790099903 0.0270843505859375
1403638206645096960.000000 -7.506767993148953 -8.799462707599575 2.923831475156601 0.317300041210987 -0.7343626477270384 0.22514347576906746 0.5561857610452314 0.018822908401489258
1403638206795097088.000000 -7.377627401163823 -8.981855279272182 2.9400156296986455 0.3261731957147223 -0.7308510689099234 0.2356818314053408 0.5512910627027182 0.011251449584960938
1403638206945096960.000000 -7.24025582077638 -9.15837083878232 2.9477548149877038 0.33283419980619855 -0.7259172781469825 0.24320306585934898 0.5505613221827858 0.032033443450927734
1403638207095097088.000000 -7.0991823981624655 -9.315271942374942 2.9373809080164244 0.3348717451246284 -0.7207176333594795 0.24925194305630036 0.5534441942640251 0.010627985000610352
1403638207245097216.000000 -6.950482382593719 -9.431886892668079 2.9162867785498716 0.3374862417865036 -0.7177748644357614 0.255281351553098 0.5529319236020558 0.02376103401184082
1403638207395097344.000000 -6.734491276770088 -9.53070195871711 2.9210906414652134 0.3495306356033745 -0.70774155398642 0.268277713094983 0.5522293872949124 0.023592233657836914
1403638207545097216.000000 -6.551986087044916 -9.636214422736298 2.8876406128050993 0.37068989580294737 -0.6963622859587083 0.28565180435486953 0.5441246314152389 0.02156519889831543
1403638207695097088.000000 -6.3595600753754695 -9.724403786293301 2.86031807142559 0.39220109188648483 -0.6966630493136172 0.2948970183528909 0.5233303429103615 0.015101194381713867
1403638207845096960.000000 -6.118902874422824 -9.792311137867399 2.8695432895470963 0.40346918689109135 -0.6994527900749372 0.3019806112724763 0.5067406832901117 0.04929399490356445
1403638207995097088.000000 -5.920758895988303 -9.842198437752609 2.8882080093863816 0.41027272933458203 -0.7032324168148689 0.3016816885812723 0.496113509471193 0.021692276000976562
1403638208145096960.000000 -5.743444229293555 -9.898810786776005 2.898653651877663 0.40799747310618206 -0.7013529318337133 0.30521423593367875 0.4984840991753354 0.17822551727294922
1403638208295097088.000000 -5.569991142921564 -9.933237519992547 2.89682326015596 0.404907882505149 -0.6979548038732026 0.3062045281909229 0.5051212580667044 0.011366128921508789
1403638208445096960.000000 -5.400542643159905 -9.958371817168825 2.8783397261442047 0.4070785573512248 -0.7022057245852454 0.30105733628936054 0.5005583370306713 0.01456761360168457
1403638208595097088.000000 -5.22572453518959 -9.973102222542412 2.8631062379266985 0.4165730070753202 -0.7003592178470623 0.30390296326273125 0.4935654816465669 0.019215822219848633
1403638208745097216.000000 -5.057767630427939 -9.9741995983879 2.8556215854868623 0.42736288823724616 -0.6930331618215613 0.3153429336351186 0.4874677759396264 0.05960702896118164
1403638208895097344.000000 -4.900186011314666 -9.977964546678068 2.8644071107119746 0.43663733092672885 -0.6853755393848228 0.32207786552931617 0.4856686728524144 0.010643959045410156
1403638209045097216.000000 -4.766001078696752 -9.978472420343866 2.870062395498736 0.4416344852566713 -0.6809904938481017 0.3259975992956826 0.4847024798513466 0.017476558685302734
1403638209195097088.000000 -4.624061251224104 -9.986068969933019 2.8569151084539275 0.4443810659792808 -0.6797935254143126 0.3283182392532683 0.48230007752179777 0.017956018447875977
1403638209345096960.000000 -4.477983920327108 -9.972564832035774 2.830711821951395 0.4443192296391364 -0.6802822477851762 0.33021192249939585 0.4803712853205172 0.08642148971557617
1403638209495097088.000000 -4.340765790505379 -9.946334262739441 2.787734513693446 0.44260360682787586 -0.6794827583432363 0.3333389140190453 0.4809266022355446 0.014698028564453125
1403638209645096960.000000 -4.2052733622201846 -9.918424802913771 2.724057320289313 0.4402071561513558 -0.6788249925317597 0.3350159869412948 0.4828856776517009 0.019519329071044922
1403638209795097088.000000 -4.084636132978274 -9.888759399198841 2.613323400303039 0.44166666785003195 -0.6787822851469095 0.33078190858076173 0.48452914549762394 0.014455795288085938
1403638209945096960.000000 -3.9613514838773294 -9.851461353509308 2.462303626370301 0.441618564383394 -0.6746358242723212 0.32987718590074416 0.4909384792645224 0.07814502716064453
1403638210095097088.000000 -3.838970138000926 -9.805319008175854 2.312393898634344 0.43825679313930865 -0.6681395262040788 0.33405002871328393 0.4999311303646659 0.012051820755004883
1403638210245097216.000000 -3.711425365987153 -9.743060728755816 2.1761711012033107 0.4351644868697362 -0.6647535793164216 0.33877046977813546 0.5039534869010298 0.02026653289794922
1403638210395097344.000000 -3.5474107812707465 -9.60585305927983 2.0449297987261095 0.4380872844700826 -0.6633793824402984 0.3398167593949257 0.5025255179322624 0.016826868057250977
1403638210545097216.000000 -3.4130568589864114 -9.505267942094648 1.9105308794452491 0.4372270912909741 -0.6630689204131306 0.3404876773562512 0.5032297874648768 0.08807992935180664
1403638210695097088.000000 -3.2852828033669024 -9.389851484701882 1.7657073306706021 0.4344838664872314 -0.6630743115964931 0.34309908547885787 0.5038246169121889 0.01510000228881836
1403638210845096960.000000 -3.165856005765213 -9.253155289994844 1.6099504956439619 0.4347291822052491 -0.6642611402147602 0.34247526182326543 0.5024722587156706 0.022140979766845703
1403638210995097088.000000 -3.051914632999338 -9.128011733471137 1.4811093587801125 0.4350450120679748 -0.6705017053817341 0.33931180701073116 0.4960149172938998 0.018451213836669922
1403638211145096960.000000 -2.9161572863082816 -8.95199433305168 1.3725828927455637 0.4375842869335802 -0.6745703344217774 0.33772246417821583 0.4893039882693738 0.0303347110748291
1403638211295097088.000000 -2.7927311912581443 -8.785183476250227 1.284834830935888 0.43806221827862046 -0.6773290998245522 0.3365162126175939 0.485884371114349 0.014932632446289062
1403638211445096960.000000 -2.695570410774172 -8.626719802083665 1.206721332589701 0.42963923078956373 -0.6841072244621581 0.330197738232857 0.4882385589761835 0.027802228927612305
1403638211595097088.000000 -2.5842413878727157 -8.452682452762014 1.1113523500599027 0.41081938148351066 -0.6959295136993959 0.32110753583420076 0.49376056767436943 0.023011207580566406
1403638211745097216.000000 -2.482927088545812 -8.264703558351396 1.0094724787919993 0.3827794308699526 -0.7113606154178156 0.30848410348066696 0.5022783491600956 0.0369412899017334
1403638211895097344.000000 -2.396238015527684 -8.052039960367045 0.901695048729451 0.34788982533535806 -0.7307004632137917 0.29374640279644243 0.5086870878363581 0.018965482711791992
1403638212045097216.000000 -2.355496965239637 -7.876370791581627 0.8408978349335747 0.31435246754254936 -0.7468209355887607 0.272414838825148 0.5188749096883634 0.030873775482177734
1403638212195097088.000000 -2.283150274909601 -7.646145247769797 0.7533037801465295 0.28678878014110976 -0.7571775800246753 0.24646593732518896 0.532624492143918 0.022759437561035156
1403638212345096960.000000 -2.217080727675283 -7.398749798582689 0.7068812233786157 0.25949529398841226 -0.768135145192189 0.22365063054777268 0.5409352887120845 0.034158945083618164
1403638212495097088.000000 -2.1700380186740897 -7.163850740505779 0.6671267974095705 0.2295968550164809 -0.7766752658795187 0.20078912635588883 0.551130240755086 0.014458894729614258
1403638212645096960.000000 -2.1114310291898843 -6.902792266717806 0.6575393510365238 0.19765706500474928 -0.7859982909220294 0.18080422872452678 0.557178788358536 0.040167808532714844
1403638212795097088.000000 -2.0629004717398294 -6.648762138697869 0.6516995759153075 0.16595432704683022 -0.794260965550657 0.155679339751917 0.5633583434292767 0.027196407318115234
1403638212945096960.000000 -2.0076240773115694 -6.3879582387119145 0.6598611230794522 0.13011236623470396 -0.8020293933988423 0.1312855695647639 0.5679645442289043 0.037853240966796875
1403638213095097088.000000 -1.95164508169968 -6.123663166565014 0.6729786031969989 0.0908465112702118 -0.8092767117205556 0.10511403867111876 0.5707619066923112 0.03551459312438965
1403638213245097216.000000 -1.9081220710611169 -5.851661374408655 0.6987842406237501 0.048097722972091424 -0.8201196780879368 0.08553038690661156 0.5637152433396173 0.03319835662841797
1403638213395097344.000000 -1.8711422616680615 -5.587892988985704 0.7132081502272549 0.0007382621641285868 -0.8312461053475326 0.07054412704358527 0.5514099141774604 0.022800922393798828
1403638213545097216.000000 -1.8660232897330276 -5.3165313378840615 0.7122856495275425 -0.04359595335266097 -0.8345065871437249 0.05450826338025018 0.546559235662773 0.05859994888305664
1403638213695097088.000000 -1.8638704044558916 -5.017528320276663 0.7134814838994118 -0.05676504000748274 -0.8224498534793246 0.019950161227833673 0.5656464972151513 0.03215289115905762
1403638213845096960.000000 -1.861004798491301 -4.710270534287284 0.7179420910562094 -0.057067303392866836 -0.8138753762909737 -0.006909546869324858 0.5781889422262873 0.024542808532714844
1403638213995097088.000000 -1.8581013674854607 -4.403749768194941 0.7343662607647344 -0.05737972244400471 -0.8135285727631816 -0.01494080582095948 0.5784942532744559 0.0223238468170166
1403638214145096960.000000 -1.880302046118851 -4.107802829952811 0.7747057258208426 -0.05418457925758168 -0.8229907803308172 -0.01608900189719551 0.5652356595961577 0.029677629470825195
1403638214295097088.000000 -1.9121813814759332 -3.790446821830698 0.7818094260610283 -0.04999163637667581 -0.8326251736177209 -0.012736101018333482 0.5514290056582923 0.026437997817993164
1403638214445096960.000000 -1.9335071678096871 -3.492901972913895 0.7954668276771051 -0.04388096472289601 -0.8361701370649322 -0.010399150458346133 0.5466130445621886 0.017564773559570312
1403638214595097088.000000 -1.9667217792140606 -3.198887556444341 0.7984220926245749 -0.037448655047723815 -0.8278149201106042 -0.009224971488751276 0.5596739731115093 0.013884544372558594
1403638214745097216.000000 -2.001761307604296 -2.9094087696396786 0.7890336502763401 -0.032074949218918875 -0.8182921351734609 -0.0075332698747806875 0.5738574988539019 0.03401827812194824
1403638214895097344.000000 -2.0414532689834943 -2.5568487755676435 0.7483996441594216 -0.027767448469259128 -0.8131022194386581 -0.004458776274598703 0.5814411998332837 0.03145575523376465
1403638215045097216.000000 -2.0750525389007173 -2.2086199892628744 0.7050265864969113 -0.02634538742225259 -0.8107061955955381 -0.00227801197523534 0.5848557049786053 0.03120589256286621
1403638215195097088.000000 -2.1012976508122323 -1.9226081058026792 0.6630091632903002 -0.023976181617016867 -0.81219081995756 -0.0034665087688753723 0.5828886669070599 0.02262139320373535
1403638215345096960.000000 -2.12631832444631 -1.656898414715948 0.6175297521419858 -0.02049619211489228 -0.814774222215501 -0.008786884661312897 0.5793493450241085 0.03579401969909668
1403638215495097088.000000 -2.150708435778074 -1.4459111079420608 0.5968881673760627 -0.01583959945244897 -0.8145488364660917 -0.015321217414521223 0.5796762548163065 0.028154611587524414
1403638215645096960.000000 -2.1636632931058934 -1.240820015077579 0.5761984369397687 -0.016201938917439467 -0.8128312011432821 -0.015877927611873326 0.5820574087132961 0.0676882266998291
1403638215795097088.000000 -2.1772513950634886 -1.0222960177305769 0.5663295941880805 -0.021462173321022394 -0.8120793510665786 -0.011705023234630038 0.5830347289130382 0.019693374633789062
1403638215945096960.000000 -2.188688780238068 -0.8039214995203396 0.5464330894336363 -0.029644435792133998 -0.8118342373228721 -0.013445145039952217 0.582979936714645 0.08276605606079102
1403638216095097088.000000 -2.189289854819205 -0.5832313576653174 0.5142365022534238 -0.0338412299279579 -0.8114992381226643 -0.017672176391024946 0.5831050092949838 0.014501810073852539
1403638216245097216.000000 -2.1709036367358423 -0.44605806945610005 0.5059671028455367 -0.036041405833419596 -0.8102618251956809 -0.02170548390167061 0.5845559542633271 0.08408880233764648
1403638216395097344.000000 -2.1686117643686935 -0.3071686613871491 0.5042436027368782 -0.03626381258650405 -0.8087620840586938 -0.025173509141282364 0.5864768722833349 0.026722431182861328
1403638216545097216.000000 -2.157901377704546 -0.16272744698948674 0.5024819268990164 -0.03664558022992994 -0.8087584197970902 -0.026862360035192552 0.5863832649984695 0.06160736083984375
1403638216695097088.000000 -2.139374421820543 0.013710683383377623 0.4946883374163571 -0.03485829013967242 -0.8111396349474564 -0.031190599582011078 0.5829790208262733 0.016329288482666016
1403638216845096960.000000 -2.127175216223308 0.15275021202626696 0.4688543980391184 -0.03450888219746655 -0.8082724093247393 -0.036821240079378675 0.5866421785491385 0.15156149864196777
1403638216995097088.000000 -2.096554676100475 0.29240287874757026 0.44031179994000397 -0.047927218146363824 -0.8053924265829878 -0.04260353633803925 0.5892630648997196 0.015147924423217773
1403638217145096960.000000 -2.068103985084825 0.47670700462066273 0.38290022437474996 -0.07103724976141298 -0.8078122754676105 -0.049509653023687296 0.5830453078515 0.022175312042236328
1403638217295097088.000000 -2.029973524854881 0.6048483313483972 0.34340651424635943 -0.08674160700994475 -0.8094605518464904 -0.05933804500244721 0.5776923965511365 0.017746686935424805
1403638217445096960.000000 -1.989997617315496 0.7111862044173675 0.32259012238150775 -0.09528902614519391 -0.8104367835631583 -0.06695943027735407 0.5741329602461746 0.06602263450622559
1403638217595097088.000000 -1.9483246328645898 0.8268034148887163 0.31694084448454385 -0.0952841466659894 -0.8117806142023513 -0.07688044496747493 0.57098385527175 0.012108325958251953
1403638217745097216.000000 -1.9136630585644143 0.8761009901659955 0.34121529247101967 -0.08845374727486122 -0.8128942084113249 -0.08907980441363214 0.5687211346257405 0.02388596534729004
1403638217895097344.000000 -1.872198462828983 0.9574237471836735 0.36751201907633385 -0.08379764579949159 -0.8142261530730929 -0.09424037892024324 0.566685518776706 0.016187667846679688
1403638218045097216.000000 -1.843128536477656 1.0144111160234748 0.391916155790375 -0.07955466900509514 -0.8114970207520678 -0.0956952657186645 0.5709518859492824 0.09117293357849121
1403638218195097088.000000 -1.8082935280993158 1.0676788961354784 0.4026866894758934 -0.07805971618966341 -0.8088971197784248 -0.09322889908480736 0.5752395176776303 0.012486457824707031
1403638218345096960.000000 -1.7795393592160813 1.0972735326277299 0.3996064161290626 -0.07785148865962341 -0.8035068855554962 -0.08757335921642945 0.5836494987010075 0.040284156799316406
1403638218495097088.000000 -1.7416190415684913 1.1079595467745627 0.4064886441863739 -0.0803544614294104 -0.8035308993844746 -0.07912280842304377 0.5844833919368599 0.011063814163208008
1403638218645096960.000000 -1.7056283893013418 1.0968562168623288 0.42869659526186704 -0.08077218168117739 -0.8063012114387185 -0.07588432115846519 0.5810299311577992 0.019569873809814453
1403638218795097088.000000 -1.6561922944675478 1.0844672944414253 0.45063247380980603 -0.08816998495553655 -0.8128308828681927 -0.07760651341120134 0.5705341696031991 0.011107683181762695
1403638218945096960.000000 -1.6197898461174056 1.0350815526101687 0.4571209378642072 -0.10448015960973046 -0.8142185771867039 -0.07681868044331164 0.5658894725535485 0.03549051284790039
1403638219095097088.000000 -1.5773624192773372 1.0107098237520262 0.4558600579677186 -0.12364008675461295 -0.810349222326261 -0.0646747980566288 0.5690908866946213 0.011110305786132812
1403638219245097216.000000 -1.539553603168344 0.9986700570555541 0.44929399874217674 -0.12372699122228528 -0.8052047642408072 -0.07374103828662157 0.5752383667310428 0.048887014389038086
1403638219395097344.000000 -1.4949389069658507 0.9822040714266267 0.4384098971335689 -0.1195318286471433 -0.7947647687455915 -0.08440631051992455 0.5890133097354004 0.011692047119140625
1403638219545097216.000000 -1.447010695224678 0.9641719794946163 0.43884719096750774 -0.11814406584102015 -0.789780252017202 -0.08816527741503317 0.595412476430019 0.03438615798950195
1403638219695097088.000000 -1.3862134465038471 0.9379576442188537 0.4422960242446168 -0.1229935243350329 -0.7929945186223685 -0.08027991705956103 0.5912591828660556 0.010972023010253906
1403638219845096960.000000 -1.3151121622875301 0.9164594991537693 0.4485625664116416 -0.1309484843559959 -0.7980351082684553 -0.0681301155674988 0.5842522980430472 0.0397038459777832
1403638219995097088.000000 -1.2308730809762127 0.8908798503528326 0.42393732659906747 -0.13841929680874338 -0.8012869381394337 -0.05653777624450276 0.5792951069148012 0.012256622314453125
1403638220145096960.000000 -1.170183195088627 0.9020265613472152 0.4173026513546779 -0.13850383153558066 -0.8049561445108689 -0.05721674290065427 0.5740980215921331 0.026137590408325195
1403638220295097088.000000 -1.0904529460067585 0.9086355216422191 0.41014372389317116 -0.12452297256142493 -0.8089934234370381 -0.07790803011255971 0.5691695784070583 0.011651754379272461
1403638220445096960.000000 -1.0092442054323816 0.9181527306475246 0.4147930070427071 -0.11745071044147218 -0.8100611417376704 -0.08801376657398069 0.5676793585792216 0.056259870529174805
1403638220595097088.000000 -0.92794232443948 0.9177516806079709 0.4355741902221306 -0.11683481472949112 -0.8094398007343371 -0.09088404696127364 0.5682402001462264 0.01309347152709961
1403638220745097216.000000 -0.8508194068481189 0.931956606086778 0.4590797920439043 -0.11846389007124258 -0.8091914104435205 -0.09107482072848942 0.5682261390000359 0.048005104064941406
1403638220895097344.000000 -0.7655530468698908 0.9076089440626411 0.4526421691100704 -0.12068007179257978 -0.8088489890266264 -0.09151653578031872 0.5681763431378608 0.01195073127746582
1403638221045097216.000000 -0.6921625695077255 0.8908590327704919 0.43546519756399116 -0.1227486848260447 -0.8097598300668946 -0.09061625115440823 0.5665778613837923 0.01984119415283203
1403638221195097088.000000 -0.6216060151585846 0.8706621185465868 0.4107573798295417 -0.12429555850960146 -0.8112878425770124 -0.09077860621519843 0.5640229563370177 0.013093709945678711
1403638221345096960.000000 -0.5391717460053247 0.8480611907203808 0.3809965705127104 -0.12728605169961268 -0.8128126484757568 -0.08822862106422288 0.5615599433236446 0.04402589797973633
1403638221495097088.000000 -0.46981155702844507 0.8291251767246617 0.3785900428051621 -0.1307983952847063 -0.8134382494676445 -0.08435662926031792 0.5604408561068662 0.012039899826049805
1403638221645096960.000000 -0.3968469576432878 0.8102433581909834 0.3650143324526004 -0.13292552206170263 -0.811831603889457 -0.08304309620015596 0.5624625291380639 0.04148745536804199
1403638221795097088.000000 -0.333273381049774 0.7970948869976837 0.3482547146116097 -0.13476630526334163 -0.8084407339087805 -0.08007606427806165 0.567317765147925 0.010149955749511719
1403638221945096960.000000 -0.2678786088609595 0.7560664698962608 0.34454575664907766 -0.13194608747511635 -0.80677119790373 -0.08574352777152763 0.5695248121708857 0.028763771057128906
1403638222095097088.000000 -0.20614995607730777 0.7465062901887484 0.35756172684909193 -0.12824885716310944 -0.8085617450870507 -0.09046531138725006 0.5670944916446884 0.010194063186645508
1403638222245097216.000000 -0.1545867848172009 0.7382872048179058 0.37359883669942767 -0.12908258777692858 -0.8142698876914086 -0.08982346907032183 0.558779008138285 0.03714752197265625
1403638222395097344.000000 -0.09938149108332622 0.727221098942648 0.3722489959413291 -0.13068408490922148 -0.8187248079947731 -0.08851159115696923 0.5520661708130856 0.011806726455688477
1403638222545097216.000000 -0.04684609556007798 0.701934228324292 0.358241324798305 -0.1309241044534594 -0.8192945168301371 -0.08844302562648494 0.5511743869077781 0.040579795837402344
1403638222695097088.000000 -0.009834045572083562 0.6941040350949508 0.342659430255022 -0.1308416675483845 -0.8114680091429693 -0.08814730867129829 0.5626990138117454 0.011018514633178711
1403638222845096960.000000 0.018328913391124236 0.686439727402621 0.3200008571775208 -0.12941771859321866 -0.8074464509586405 -0.08990101946447548 0.5685060154894319 0.03995013236999512
1403638222995097088.000000 0.05041448503065764 0.6758419688801617 0.2959407750927138 -0.1285928574609862 -0.7990638439678462 -0.08987461388797985 0.5804165780298102 0.01012730598449707
1403638223145096960.000000 0.08766527480968064 0.6619747732952476 0.28201135884672124 -0.12866045146585206 -0.8057335712073257 -0.0898858969842548 0.571104566591293 0.032744646072387695
1403638223295097088.000000 0.12752183468087508 0.6360719627011957 0.27303944859125895 -0.13546295791282745 -0.8182928669070157 -0.08120131206533725 0.5526779513617966 0.014166593551635742
1403638223445096960.000000 0.15931908179414808 0.6117698474673352 0.2644802213423173 -0.1415387455027358 -0.8136176336223024 -0.07404837368399164 0.559025910074938 0.025327444076538086
1403638223595097088.000000 0.19305020918616533 0.6068779689130173 0.25103214556444065 -0.14570231622908864 -0.8083188636679739 -0.06811741857006286 0.5663492446991918 0.01195526123046875
1403638223745097216.000000 0.2118422144466845 0.6159482611263795 0.24015739907199393 -0.13419323015383522 -0.8092761388552077 -0.0850824045431719 0.5655309827919586 0.06332111358642578
1403638223895097344.000000 0.25332383818909665 0.6292566025657239 0.2059700457290205 -0.1267901003130998 -0.8106977759544162 -0.09441091278380757 0.563719758454931 0.014780759811401367
1403638224045097216.000000 0.2740432401033232 0.6440251960321919 0.20009904781789528 -0.12411083859501701 -0.8129852041218831 -0.09827484043993948 0.5603513302907795 0.03363966941833496
1403638224195097088.000000 0.29672817124199113 0.6498689487981254 0.17546579763926962 -0.12700818150530666 -0.8215565934164615 -0.09421204065099141 0.5477570419821458 0.013190269470214844
1403638224345096960.000000 0.2969073400699657 0.6237000671321541 0.14711118391382091 -0.12740837952871792 -0.8172315353331296 -0.09420149248566659 0.5540990897812366 0.03482699394226074
1403638224495097088.000000 0.30099283725656206 0.6171910057101689 0.12704454464839576 -0.13256530377401607 -0.8064924857707878 -0.08722393684920585 0.5695509595032601 0.010405540466308594
1403638224645096960.000000 0.3066547584433334 0.6046396741322673 0.10944223503494407 -0.13044807511115047 -0.8062070954965836 -0.09042836157131894 0.5699439711886467 0.0408477783203125
1403638224795097088.000000 0.3118222257395565 0.5964787978498198 0.08274819689018091 -0.1321861064353484 -0.8198389539393415 -0.08908394518423213 0.5499590653671617 0.013536214828491211
1403638224945096960.000000 0.30925206330428934 0.5890026624889367 0.07773847737983577 -0.13687126160411925 -0.8117210702823586 -0.08130460139533463 0.5619294649673613 0.02394723892211914
1403638225095097088.000000 0.3032012166438351 0.5834741014245857 0.07820311532366475 -0.13841063060181027 -0.8039805191047342 -0.077021233729802 0.5731714855008323 0.010500431060791016
1403638225245097216.000000 0.27755211512729966 0.5827596540297888 0.07836351480471701 -0.13222026949258073 -0.811813903495365 -0.0843333423557355 0.5624623310000748 0.03477144241333008
1403638225395097344.000000 0.2700597919994066 0.5845692783416735 0.08209620245578945 -0.12902211117716955 -0.8144267210594167 -0.08805154488330169 0.5588464335534916 0.010179758071899414
1403638225545097216.000000 0.2598179597207755 0.5842183831070351 0.07698381608531688 -0.12638055433902287 -0.8009124472778458 -0.0922831429456837 0.5779714775042448 0.025004863739013672
1403638225695097088.000000 0.25207138678355157 0.5836331930620962 0.05544055838870164 -0.12406938265606106 -0.7909114653747151 -0.09523364207038847 0.591604932065457 0.010143756866455078
1403638225845096960.000000 0.2658791915267925 0.5895185855973334 0.021270172646195396 -0.12472774188709465 -0.8044601453769025 -0.09334870587936354 0.5732127737712825 0.04500079154968262
1403638225995097088.000000 0.26706316612837633 0.5927139023000285 -0.034120136628755626 -0.1274805136257524 -0.8186327964918094 -0.08732807214079222 0.5531391063465743 0.015773296356201172
1403638226145096960.000000 0.25361580604004913 0.5835807835902421 -0.027500929418702205 -0.1391017305375344 -0.8222107312460593 -0.06267340161566992 0.5483541435196828 0.026540517807006836
1403638226295097088.000000 0.2428174348749462 0.5777562765825568 -0.030764392318615774 -0.1329941645028734 -0.8185980103466843 -0.08108273774815555 0.5528430512395868 0.010628461837768555
1403638226445096960.000000 0.23954498820642575 0.5837386218508455 -0.023168227601575473 -0.1243582279476574 -0.8234153925246912 -0.08585376299136838 0.5469472130611412 0.0355377197265625
1403638226595097088.000000 0.23808584587077192 0.5896060749040578 -0.010334252818397267 -0.12371103025744565 -0.8228669669765529 -0.08666371373175653 0.5477909604709357 0.010165929794311523
1403638226745097216.000000 0.24032971973076267 0.5935133324126031 -0.0003443635984969355 -0.12443713166569254 -0.8231325954316251 -0.08511228750672498 0.5474705737445479 0.03672075271606445
1403638226895097344.000000 0.2424645853450516 0.5992127609868086 0.013199825801134548 -0.12345482586935791 -0.8230923978484 -0.08618035710548541 0.5475863006165409 0.010090112686157227
1403638227045097216.000000 0.24506376593798565 0.6048222397059014 0.02674867258344533 -0.12335717753200755 -0.8231263411901059 -0.08624369019088339 0.547547312195563 0.02291584014892578
1403638227195097088.000000 0.24914657842051877 0.609399216266071 0.040938012630314005 -0.12408068596297303 -0.8231735227216544 -0.08530797914816153 0.5474594811989624 0.010071039199829102
1403638227345096960.000000 0.25285965164730756 0.6128127888562533 0.0536676548840404 -0.12378676667812859 -0.8233511578580158 -0.08537019101675018 0.5472491550792957 0.02877354621887207
1403638227495097088.000000 0.2580352519237979 0.6164452047599867 0.06818982883663034 -0.12355118949000057 -0.8233966123567563 -0.08556402741556171 0.5472037276439671 0.010088920593261719
1403638227645096960.000000 0.2636189319501482 0.6155616201705312 0.07979679983026598 -0.12336993431214455 -0.8234212711340451 -0.08566166737965134 0.5471922407102907 0.01999187469482422
1403638227795097088.000000 0.27036976787674594 0.6174767639980883 0.0944260881279379 -0.12358922908780269 -0.8234633059078618 -0.08527391692225667 0.5471400601029998 0.010048151016235352
1403638227945096960.000000 0.278512467446244 0.6105776101627528 0.10387757912404605 -0.12338621808842133 -0.823481862472906 -0.08555220443555332 0.5471145069180746 0.022192716598510742
1403638228095097088.000000 0.28634043589755187 0.6101005277507884 0.11818371705163312 -0.12328426021933117 -0.8235298076436651 -0.08557012199338342 0.5470625204915777 0.010110616683959961
1403638228245097216.000000 0.29379685094432 0.6085062258213904 0.13164329744531486 -0.12342868869006197 -0.8235901605621594 -0.08546829353254164 0.5469550045790638 0.02088785171508789
1403638228395097344.000000 0.302048511719242 0.6078606472228296 0.14645184399084699 -0.12356533485493229 -0.823605380023612 -0.08527583434449289 0.5469312736488935 0.010057449340820312
1403638228545097216.000000 0.30896118569807435 0.6076266586120436 0.15927811346279264 -0.1234385685546158 -0.8237330679105173 -0.08517111683030552 0.5467839001669607 0.02013373374938965
1403638228695097088.000000 0.31803044064992997 0.6063310461955483 0.17430719750132562 -0.12346353289501101 -0.8237738723599871 -0.08511945994360225 0.5467248309716908 0.010156869888305664
1403638228845096960.000000 0.32487054147571437 0.6053019140292545 0.18686584594518021 -0.12344377867773874 -0.8239083500049931 -0.0850244258139442 0.5465414085984889 0.019800186157226562
