1403638127295097088.000000 0.0 0.0 0.0 -0.008638543533493838 -0.8374413752469746 0.0 0.5464588901189876 0.20747065544128418
1403638127445096960.000000 3.214407941656917e-05 -0.0004040288688720601 -0.00035653584922331477 -0.008668979589650332 -0.8374073073817662 -6.819908021208669e-05 0.5465106089412904 0.08444595336914062
1403638127595097088.000000 -0.0001855379702439349 -0.000652559837108112 -0.0007279118728669812 -0.00870186624293746 -0.8374481087919688 0.00016442374544988774 0.5464475414616455 0.021428346633911133
1403638127745097216.000000 0.0008414298172909786 0.0005635141287967289 -5.9743712092043873e-05 -0.008710909092827804 -0.8373595005763902 0.0003932249101865739 0.5465830515405733 0.05260896682739258
1403638127895097344.000000 0.0011776348398524273 0.0011030581656256394 -0.00020475361731529316 -0.008903735684392717 -0.8373041770077007 0.0005941226214700202 0.5466645092509943 0.17679190635681152
1403638128045097216.000000 0.0014820726596017416 0.002018557318066502 -0.00025624132105656224 -0.008645005075695109 -0.8373650612147155 0.00016022841781431323 0.5465756969267579 0.0577695369720459
1403638128195097088.000000 0.001956987270924154 0.002850053918279195 -0.00028253784681756634 -0.009213348867949724 -0.8375450948422583 0.000603802575096142 0.5462901827149745 0.22893667221069336
1403638128345096960.000000 0.0048403771551436565 0.004454669095003392 -0.001217585636757774 -0.009113137028836 -0.837236176144361 0.0002425172210680131 0.5467654682531258 0.026920080184936523
1403638128495097088.000000 0.006170535570884699 0.006173305394447403 -0.0016749817163104858 -0.009481424999485557 -0.8372333229273827 0.0003754283252090844 0.5467634997085347 0.027222394943237305
1403638128645096960.000000 0.007741631435331668 0.008217456426725538 -0.002421265213240562 -0.009525969085753282 -0.837161820454726 0.0002496522291809158 0.5468722702420292 0.12301945686340332
1403638128795097088.000000 -0.022587907186025075 -0.0038141731351007454 0.003766171455843318 0.003920733361162434 -0.8381597859593198 0.005428642698015112 0.5453836547688198 0.05468392372131348
1403638128945096960.000000 -0.02609691727939995 -0.008434532405490584 0.004349486562274347 0.005659997679967532 -0.8381475644144156 0.0051143520904616295 0.5453901980189417 0.022281408309936523
1403638129095097088.000000 -0.029964725066506548 -0.014937154207659047 0.00586406644079009 0.010425266161848874 -0.8380025475185984 0.002617524301420107 0.5455604391305564 0.1019740104675293
1403638129245097216.000000 -0.05414814570233467 -0.03335596428951797 0.009239677318893535 0.0037708960154427843 -0.8332671514624616 0.00818659316576722 0.5527970824174221 0.06779050827026367
1403638129395097344.000000 -0.05961372363551477 -0.039093662459479005 0.025758741510606347 -0.03235602403124415 -0.8148161741574272 0.04538156334671554 0.5770339710524424 0.018825531005859375
1403638129545097216.000000 -0.06533728880743499 -0.05134519984902833 0.03518678460802729 -0.01898140556497159 -0.8285484811590792 0.03864175325607154 0.5582597383987656 0.07472705841064453
1403638129695097088.000000 -0.07190266700816937 -0.06704674648720828 0.05055205081155711 0.007298372499279034 -0.8354279283197421 0.01793773725462618 0.5492587258518792 0.02396392822265625
1403638129845096960.000000 -0.07770842737501454 -0.08476622787727707 0.07450003592903323 0.00982195838588772 -0.8365345822646008 0.020685861850694258 0.5474353997764029 0.027356624603271484
1403638129995097088.000000 -0.08453205744713367 -0.10759763521688506 0.11644266550983864 0.017917874798977777 -0.8388123395299345 0.020827384622665115 0.5437269800780402 0.03661298751831055
1403638130145096960.000000 -0.08952331524432018 -0.11826424394194826 0.17403161569584175 0.007563315735206198 -0.8274800184944155 0.03441589628923753 0.5603884022088428 0.4355356693267822
1403638130295097088.000000 -0.09489816868043065 -0.14176469714842715 0.23467539476843885 0.014104651270167023 -0.8246670150241276 0.041328904097485096 0.5639302215964694 0.027036428451538086
1403638130445096960.000000 -0.09957013293240381 -0.1522937767752434 0.29472733726342776 -0.0010771172013314286 -0.817182621907833 0.05420826642986601 0.5738230268306098 0.4212229251861572
1403638130595097088.000000 -0.10235243745955765 -0.17382441349890201 0.3535953974377139 0.01063263846577298 -0.8195897251545228 0.04446274215743079 0.5711240618116452 0.02815723419189453
1403638130745097216.000000 -0.10528030414441097 -0.18160141777398678 0.40830076009109156 -0.01772449893008393 -0.8087582952809428 0.04811598040938121 0.5859016251737017 0.3318212032318115
1403638130895097344.000000 -0.10209602061009632 -0.1936166011851896 0.4464333178807793 -0.024287694615591094 -0.8040558519574148 0.06264818147983936 0.590744868941377 0.04990506172180176
1403638131045097216.000000 -0.09736368805326952 -0.2091334834901976 0.45556606682549705 -0.0346274017181678 -0.788718176301687 0.06012493876161729 0.6108269584428159 0.0328826904296875
1403638131195097088.000000 -0.09594598621115698 -0.22887061880882262 0.4241370507419515 -0.02492898425814713 -0.7961281839550656 0.048383005215556815 0.6026753232567084 0.02753138542175293
1403638131345096960.000000 -0.07619893118137025 -0.25065524468315 0.4228195648388684 -0.009792839595419413 -0.8101379019059605 0.03486336833111791 0.5851198387823436 0.17142128944396973
1403638131495097088.000000 -0.06919989689048626 -0.27085166170393654 0.37427235964633254 -0.009890065481033697 -0.8099783818236245 0.027746508877327648 0.585719505248275 0.017994403839111328
1403638131645096960.000000 -0.0670003039663101 -0.2897843113840822 0.3113512713542658 -0.006561939795097344 -0.8153188871245731 0.023461389734513508 0.5784994524075181 0.11023902893066406
1403638131795097088.000000 -0.05887511031558855 -0.31218474872908114 0.24836931103255963 -0.0007979998568375521 -0.8158128414628778 0.013572127842263451 0.5781561798046679 0.023293256759643555
1403638131945096960.000000 -0.05678197153496138 -0.32906896307687167 0.1840990682960607 0.0031568379422041125 -0.817923659932854 0.0018583970994638477 0.5753151025798577 0.08142542839050293
1403638132095097088.000000 -0.05193671320849974 -0.35920753773063974 0.15891526967306535 0.02377727990815652 -0.8258390155799661 -0.011495395365886372 0.563287153405316 0.02020716667175293
1403638132245097216.000000 -0.05391040284564937 -0.38465012540723575 0.19282892489144726 0.025672551864284156 -0.8225185502205802 -0.005979798693684251 0.5681270954913114 0.06113910675048828
1403638132395097344.000000 -0.0524136814231898 -0.42308793586963467 0.273985147849024 0.016246052959968962 -0.8134971446501447 0.013406076846332243 0.5811873523338873 0.0207979679107666
1403638132545097216.000000 -0.05754129981272996 -0.4462481329563961 0.36122644428748457 -0.0029537700921324463 -0.797052437604541 0.04282074118773794 0.6023828276727642 0.0740499496459961
1403638132695097088.000000 -0.058464553375801205 -0.4901490123716841 0.43054642124210385 -0.01283475855489051 -0.790692442682409 0.05730941772272857 0.6093901547432852 0.021285295486450195
1403638132845096960.000000 -0.06177393441191534 -0.5257708408471277 0.4741663355040276 -0.018291342784832278 -0.7927519284247068 0.06214640511366619 0.6060920978609476 0.10615062713623047
1403638132995097088.000000 -0.05922815911012548 -0.56402058507073 0.4755814080706865 -0.023990736615292822 -0.7814405242758152 0.07183803139540954 0.6193661669977034 0.02130603790283203
1403638133145096960.000000 -0.07375461336332993 -0.5605365222930176 0.44865198236921033 -0.008228326810840184 -0.7900572351262216 0.05765080878080694 0.6102608000761012 0.10215210914611816
1403638133295097088.000000 -0.07482711741076319 -0.5504968588241699 0.41686182558196294 -0.019928125437716042 -0.792810917074755 0.03500234842165632 0.6081353099340585 0.024318695068359375
1403638133445096960.000000 -0.07799913176110457 -0.5036659155893944 0.3786044303949891 -0.033848701474109406 -0.8011559234230088 0.006684071162978274 0.5974602706167425 0.07062888145446777
1403638133595097088.000000 -0.05850663070983815 -0.4686245044431463 0.3564716369366639 -0.06518054841769119 -0.8024205628583388 -0.008670690749552894 0.5931252443894134 0.04599499702453613
1403638133745097216.000000 -0.0406469226930362 -0.4214799831825029 0.3297390453115912 -0.09103111874004424 -0.8066321647976414 -0.015507038788117806 0.58379569875328 0.08737301826477051
1403638133895097344.000000 -0.027409174592830706 -0.410698198385935 0.3081154937586849 -0.10534339307416213 -0.809128560469075 -0.03965634589882577 0.576750480189499 0.020576953887939453
1403638134045097216.000000 -0.041775656271541825 -0.4286032413941905 0.29371583558458375 -0.11054899978338985 -0.8084096951722277 -0.048244015156646905 0.5761294979429563 0.0913236141204834
1403638134195097088.000000 -0.0830992292907478 -0.49031228985084024 0.29643803572086075 -0.10063381644069108 -0.8122756353038977 -0.05267420514375429 0.5721071188096724 0.021794795989990234
1403638134345096960.000000 -0.13720850533399617 -0.5709343893860438 0.30654029361012186 -0.11148997726569089 -0.8028598021021668 -0.04506413370308874 0.5839138181198964 0.02667093276977539
1403638134495097088.000000 -0.18929016000381843 -0.6646405603657558 0.31247866640933986 -0.11758051814130412 -0.8052072433251967 -0.03324722974623218 0.5802678164127848 0.03687453269958496
1403638134645096960.000000 -0.2374237758866635 -0.7565135793274586 0.3193260986651901 -0.12369688392184201 -0.8047227298429652 -0.020437409202836015 0.5802609079433048 0.16770076751708984
1403638134795097088.000000 -0.2631969342935215 -0.8563330177140915 0.33062710139591506 -0.11750879534604677 -0.8144530198285871 -0.016689798286757686 0.5679607487684015 0.033736228942871094
1403638134945096960.000000 -0.27009386670191604 -0.9530610179305236 0.35632403716957634 -0.11467663237075242 -0.8137799253391304 -0.020301116226574326 0.5693850786445828 0.04201054573059082
1403638135095097088.000000 -0.27653846589754555 -1.0338897168087546 0.36386477547661766 -0.10794102453725123 -0.816419380279563 -0.024105410447323155 0.5667689651991797 0.02589869499206543
1403638135245097216.000000 -0.27089375334208526 -1.0536112868227239 0.3534172258877293 -0.10074780778725695 -0.8228582645862225 -0.026283668536507397 0.5586262833025989 0.14400815963745117
1403638135395097344.000000 -0.2537574841357638 -1.071403626782302 0.3427068867502053 -0.10261797971324134 -0.8196899001290164 -0.03184359360711105 0.5626402077813504 0.029201984405517578
1403638135545097216.000000 -0.2705656418596711 -0.989174797171616 0.3307120939662894 -0.10491021238470687 -0.8251554091034428 -0.044364452304574885 0.5533029852950739 0.11506032943725586
1403638135695097088.000000 -0.24791478824420968 -0.9575020549251246 0.3340056764448072 -0.11534611547804405 -0.8219918548434672 -0.05535780299739013 0.5549415986051365 0.02603316307067871
1403638135845096960.000000 -0.21545945932034807 -0.9161269029182673 0.32922404000968947 -0.12768134064966188 -0.8197853466060028 -0.056256580976961845 0.5554139517843998 0.09659624099731445
1403638135995097088.000000 -0.1765141528441442 -0.8769472312560624 0.3377805512654878 -0.12113344018815526 -0.8289032458343452 -0.07490209736328339 0.5409582003482811 0.03809928894042969
1403638136145096960.000000 -0.1479900131203554 -0.8177879389783074 0.3625436188512237 -0.13490208430566691 -0.8152140251365696 -0.08412494007833728 0.5569115866342121 0.13608980178833008
1403638136295097088.000000 -0.11894693806710947 -0.7640404050378404 0.3687705827988412 -0.14653220109131426 -0.8074589086267481 -0.08987029122425357 0.5643241583326941 0.0368955135345459
1403638136445096960.000000 -0.09824307549340766 -0.7300348611632078 0.3591206177512481 -0.14835545401315428 -0.8107883104726994 -0.10369038902291189 0.5566518463902315 0.09803056716918945
1403638136595097088.000000 -0.09205358167907181 -0.7377097773010763 0.3624070708432566 -0.1621014771982694 -0.8112024603052937 -0.0995637508153986 0.5529563626619615 0.03167223930358887
1403638136745097216.000000 -0.10594012671384678 -0.7748096376490325 0.37903020557816447 -0.16246847652343216 -0.8101640760165991 -0.07940020895107697 0.5576143567797107 0.13737797737121582
1403638136895097344.000000 -0.13296881761119012 -0.8439643766983859 0.3959175652910264 -0.1623003947475126 -0.8017554625652595 -0.04595847973001154 0.5733537984983393 0.0296628475189209
1403638137045097216.000000 -0.15957445957520372 -0.915768241000331 0.3783228739131637 -0.16382021896258303 -0.7906299690744382 -0.023045968980758773 0.5895219005042494 0.08850598335266113
1403638137195097088.000000 -0.18130365328227863 -0.9789409740435302 0.32974367898659257 -0.14716824092667263 -0.8016811375770253 -0.025326820213310317 0.578798250423788 0.027593135833740234
1403638137345096960.000000 -0.15557674465137333 -0.9181437441587016 0.254352614162048 -0.13055261414755817 -0.813726439661943 -0.02733461217488792 0.5657367897808889 0.07828974723815918
1403638137495097088.000000 -0.15764536503113452 -0.9428289772744243 0.1969412220754088 -0.1195636191684742 -0.8250133052877007 -0.04061881632650739 0.5508245626602293 0.0248110294342041
1403638137645096960.000000 -0.1752821459696402 -0.9519299630087493 0.14192192887360736 -0.10639228408141081 -0.8354094083831789 -0.05824330403793507 0.5360779046067392 0.08707046508789062
1403638137795097088.000000 -0.17891044349082216 -0.9573886601209665 0.10678004131761301 -0.11358362031422586 -0.833782872596384 -0.06533123570968236 0.5363177343719688 0.03604316711425781
1403638137945096960.000000 -0.1626589690134822 -0.9560187415905304 0.0976065237218981 -0.10656672778217093 -0.8446449804801064 -0.07450116350845129 0.5192956442292275 0.07606005668640137
1403638138095097088.000000 -0.16533674639553342 -0.960081879175855 0.08798638241220073 -0.10040635616305457 -0.8486909722311792 -0.07788249908487002 0.5133970331348332 0.0319976806640625
1403638138245097216.000000 -0.16939864551506323 -0.9542245730008155 0.08194460035622694 -0.11039657816935919 -0.8384017483051588 -0.0739422384469972 0.5286091650177827 0.06469535827636719
1403638138395097344.000000 -0.17189112031441442 -0.9541096316081648 0.08041888188373789 -0.1121917621282028 -0.8318378919153926 -0.07532766032152775 0.5383163323500495 0.028611183166503906
1403638138545097216.000000 -0.19519328324453458 -0.9392919781789265 0.07703136490245283 -0.11201863678151801 -0.8318118219655711 -0.07550922394914271 0.5383672305689915 0.08704257011413574
1403638138695097088.000000 -0.20344455357580427 -0.935266938541602 0.07485025216458321 -0.11286653513504882 -0.8317443654493534 -0.07523025425058258 0.5383334140059058 0.028719663619995117
1403638138845096960.000000 -0.21361600788194746 -0.9320037600518564 0.0725130861665063 -0.11218448166012185 -0.831818607688326 -0.07580356960395655 0.5382808419527884 0.07368946075439453
1403638138995097088.000000 -0.22401576336996532 -0.9280845097351955 0.07077495490721822 -0.11364834389632272 -0.8316461173714262 -0.07484872264334883 0.5383739017720997 0.02488398551940918
1403638139145096960.000000 -0.23469465182397176 -0.9259072715646691 0.06713717862748754 -0.11344630897188425 -0.8315634345380963 -0.07562245697794055 0.5384360995703024 0.07005715370178223
1403638139295097088.000000 -0.24627928664071375 -0.9215269104102024 0.06538230617079507 -0.11366452004153209 -0.831522818270742 -0.07621544942053277 0.5383691900995422 0.023421764373779297
1403638139445096960.000000 -0.25562167842225586 -0.9200881954586255 0.061233623579888125 -0.11413040651847915 -0.8313000064069573 -0.07614789818007907 0.5386242171110355 0.08082890510559082
1403638139595097088.000000 -0.26770978622299124 -0.9160854066636337 0.05924425524965789 -0.1144945014884651 -0.8312666702145438 -0.07644195752541261 0.538556737260816 0.028227806091308594
1403638139745097216.000000 -0.2754299460242442 -0.914237812033969 0.05590188536197598 -0.11464048522993835 -0.8310698767843955 -0.07681061804999018 0.5387769000268968 0.07876062393188477
1403638139895097344.000000 -0.2876649609160883 -0.9103414013990908 0.0539577220876694 -0.11517557651267428 -0.8310119519644169 -0.07696874030102645 0.5387295567200077 0.029025554656982422
1403638140045097216.000000 -0.2955081678313406 -0.9075008072588727 0.05122014713275635 -0.1154359300205045 -0.8309120742148502 -0.0771052852457916 0.5388083573697068 0.07045245170593262
1403638140195097088.000000 -0.3080663867172431 -0.9032178847389203 0.0493692149624094 -0.11585070692488021 -0.8308556180589202 -0.07734945361233461 0.538771396485382 0.026463031768798828
1403638140345096960.000000 -0.31910174566866845 -0.8988577014584591 0.04630929958831036 -0.11615804161199154 -0.8307580786649131 -0.07744289992421213 0.5388422045025589 0.07989668846130371
1403638140495097088.000000 -0.33246817520397853 -0.8939922221234641 0.04399357808969519 -0.11659428825856413 -0.8307015849789892 -0.07768064043172335 0.5388008600225056 0.02657794952392578
1403638140645096960.000000 -0.35255281055586457 -0.8853466462931323 0.04038043760990977 -0.11694711341093637 -0.8307935976340003 -0.0776160941514423 0.5385917867215197 0.07342839241027832
1403638140795097088.000000 -0.3683907732272559 -0.8784372732818108 0.03786537103612321 -0.11734982791056961 -0.8307254822389014 -0.07781553925272833 0.5385804795006142 0.027999401092529297
1403638140945096960.000000 -0.3837983964030041 -0.8712265603511976 0.03530794715996666 -0.11757372292801455 -0.830695213218509 -0.0779460752940978 0.5385594598175296 0.07807707786560059
1403638141095097088.000000 -0.4008966092523276 -0.8632494324091003 0.03297390709311282 -0.11803448377160118 -0.8306058355836335 -0.07819750791312174 0.5385600767707931 0.024119853973388672
1403638141245097216.000000 -0.4163952087786999 -0.8545009505590948 0.03133711138136057 -0.1181947520295969 -0.8305182610848144 -0.07825572120515754 0.5386515206476066 0.07356405258178711
1403638141395097344.000000 -0.43429577781834583 -0.8453207429054187 0.02909009216155748 -0.11862781480675974 -0.8304487600282119 -0.0784035681904288 0.5386419766568395 0.03228926658630371
1403638141545097216.000000 -0.4495864389633657 -0.8353844603615678 0.028104568378693132 -0.11879686276354647 -0.8303643735141345 -0.07843334628097041 0.5387304732305268 0.08866429328918457
1403638141695097088.000000 -0.46791896086006557 -0.8248332468923486 0.02614546218999249 -0.11921744479549223 -0.8303217313562399 -0.07864577583200155 0.5386723171259058 0.025532960891723633
1403638141845096960.000000 -0.4828822804059747 -0.8138325383689222 0.02590268737759539 -0.11936389959694411 -0.8302414475216645 -0.0786151836050642 0.5387680866540665 0.07596707344055176
1403638141995097088.000000 -0.5017949479917665 -0.801783274746478 0.024293794139488026 -0.11961143885609087 -0.8302018758515496 -0.0787581781939995 0.5387532815630046 0.02367401123046875
1403638142145096960.000000 -0.5156038427111908 -0.7882012931628619 0.024240784258130546 -0.11989521375496023 -0.8300943865868667 -0.07868475628320534 0.5388665476760258 0.06628584861755371
1403638142295097088.000000 -0.5340076654580208 -0.7742578375550185 0.022530811441715443 -0.12082043042989166 -0.8299684822943448 -0.07947039676929583 0.5387385247279874 0.018216609954833984
1403638142445096960.000000 -0.550420761651672 -0.760438819467632 0.02173700121814959 -0.12093561436299881 -0.829960653927149 -0.07948894147658221 0.5387220046502608 0.02974843978881836
1403638142595097088.000000 -0.56796548337612 -0.7449550017644684 0.019414117506981063 -0.120869712642926 -0.8299491314735727 -0.07900657442240634 0.5388254939494934 0.023070096969604492
1403638142745097216.000000 -0.5878925305586744 -0.7120259011513971 0.01836928308391126 -0.12124016679089986 -0.8299806660044351 -0.07887906498526798 0.5387123621399449 0.058836936950683594
1403638142895097344.000000 -0.6038588561767476 -0.691625896825802 0.015288142776227018 -0.12171047648659425 -0.8299669371885514 -0.07927634180068503 0.5385691271489319 0.024998188018798828
1403638143045097216.000000 -0.6229669559729889 -0.6601258747138109 0.013765468194161147 -0.12141741661758776 -0.8300433572946918 -0.07854389003929975 0.5386248168162717 0.06517362594604492
1403638143195097088.000000 -0.6384623511762012 -0.6353750054660986 0.010770542608171847 -0.12180632964881648 -0.8299813006332681 -0.07875172401886772 0.5386022879831173 0.02618265151977539
1403638143345096960.000000 -0.6450961159157228 -0.6148904920195809 0.008842790235377053 -0.1215982188435405 -0.8298790353753654 -0.07869665574454315 0.5388148997505137 0.05776238441467285
1403638143495097088.000000 -0.6592255162999696 -0.5883063866408828 0.005427433131769518 -0.12212252858716482 -0.8298103384112575 -0.07887176436005094 0.5387765168082257 0.026006460189819336
1403638143645096960.000000 -0.6649856302804565 -0.5665728858981685 0.004361224534046002 -0.12205181570820632 -0.8297645894267879 -0.07873142432057341 0.5388835154652424 0.06326031684875488
1403638143795097088.000000 -0.6784572371153418 -0.5382506957185694 0.0014014828997859297 -0.12227066142109755 -0.829714785661307 -0.07884617812443771 0.5388938114376788 0.028217077255249023
1403638143945096960.000000 -0.6892961138778382 -0.510514938360073 -0.00020348249499726502 -0.12215816158259672 -0.8297018376958072 -0.07875327393059967 0.5389528420262507 0.06748700141906738
1403638144095097088.000000 -0.7025977616396074 -0.4799646421476557 -0.002904180673793988 -0.12254061268231593 -0.8296857818680023 -0.07880203598537076 0.5388836059244004 0.026148080825805664
1403638144245097216.000000 -0.7225479501963109 -0.4420958004948313 -0.005376771783314959 -0.12228501070810437 -0.8297410617264072 -0.07850925005022244 0.5388992895688443 0.06004643440246582
1403638144395097344.000000 -0.7367738503167016 -0.40820971429506137 -0.007955101252701748 -0.12258229273557986 -0.8296910791979909 -0.07860028886741581 0.5388954343812169 0.028204679489135742
1403638144545097216.000000 -0.7488932006676249 -0.3747962583539898 -0.00778169366927034 -0.12284230788107564 -0.8295967785914434 -0.07867261427763232 0.5389708453227072 0.027287006378173828
1403638144695097088.000000 -0.762611898218202 -0.33787232025980396 -0.0100358371006491 -0.1230629426741806 -0.829528637774841 -0.07875111985468483 0.539013925954999 0.024660348892211914
1403638144845096960.000000 -0.7631478479670535 -0.32008907395361863 -0.011079156754067527 -0.12257354292175907 -0.8295048950958392 -0.0789138445048059 0.5391381647899911 0.0749504566192627
1403638144995097088.000000 -0.7753115663521373 -0.2830107146285214 -0.013631608101353256 -0.12289778288362065 -0.8294536116940803 -0.07905617701995009 0.5391223997247071 0.023291349411010742
1403638145145096960.000000 -0.7734478749257517 -0.2675314079986681 -0.014140150364414713 -0.12239775234857231 -0.8294837624145666 -0.07931628889731451 0.5391515597920036 0.07516217231750488
1403638145295097088.000000 -0.7843442461813113 -0.23088018794911633 -0.015978432399342487 -0.12275376870327113 -0.8293942166922978 -0.07940154431538989 0.5391958274568198 0.02573227882385254
1403638145445096960.000000 -0.776129932342631 -0.22686989374237465 -0.004051660839341418 -0.1222766646655441 -0.8293874595879612 -0.07995606975229799 0.5392326826762857 0.06149029731750488
1403638145595097088.000000 -0.7849522692152368 -0.19192500113610814 -0.003782211567810784 -0.12252889405549304 -0.8293365052206734 -0.07990560608080756 0.5392612774404971 0.02814006805419922
1403638145745097216.000000 -0.7983634140996273 -0.1607015807711654 -0.0052592352222593656 -0.12208324720377083 -0.8294715400134904 -0.07980485261415597 0.5391695749567705 0.06796646118164062
1403638145895097344.000000 -0.8071902149353749 -0.12480289936984183 -0.005389680710434479 -0.12233359793109735 -0.8293819950137642 -0.0800027501632656 0.5392212506295865 0.024554967880249023
1403638146045097216.000000 -0.8210625554635211 -0.09275519185705483 -0.007608028435700967 -0.1218299577654573 -0.8294569280048596 -0.07982394946179219 0.5392465141917276 0.06963515281677246
1403638146195097088.000000 -0.8289117451418214 -0.05589126035375177 -0.008519116868835984 -0.1220370981719809 -0.8293827432918838 -0.07992762823390859 0.5392984202130521 0.02418231964111328
1403638146345096960.000000 -0.8398393266335502 -0.01883706367682416 -0.014089406968228801 -0.1213958227984033 -0.8295513576663763 -0.07941949988337582 0.5392588823925343 0.029305219650268555
1403638146495097088.000000 -0.8467253701784315 0.020202146876391797 -0.015944947161106393 -0.12167561818591936 -0.8296354781305019 -0.07954879377333832 0.5390473140415923 0.02524423599243164
1403638146645096960.000000 -0.8591172692889468 0.05340030698713398 -0.018356792719181895 -0.12103787075435088 -0.8297092190006335 -0.07958743192816833 0.539071689506777 0.0669867992401123
1403638146795097088.000000 -0.8649137986941823 0.09250484067903836 -0.021058311029423942 -0.12113810217749513 -0.829371859485015 -0.0797293334015254 0.5395471363009462 0.028419017791748047
1403638146945096960.000000 -0.8738669638833613 0.1273216571968466 -0.026931668185873867 -0.12045238693388745 -0.8296458509610034 -0.07959974747849007 0.5392984931060743 0.06237983703613281
1403638147095097088.000000 -0.8788982199854404 0.1664847041557011 -0.029802312698546284 -0.12063253916198396 -0.8297852872199974 -0.07958228683213538 0.5390462199395583 0.026689529418945312
1403638147245097216.000000 -0.8889308676755715 0.20518990709599474 -0.03169466671150238 -0.11996435396549417 -0.8300127781235386 -0.07913446751250156 0.538911011189046 0.06698822975158691
1403638147395097344.000000 -0.8928394680606422 0.2454166084191514 -0.033825327785721636 -0.12004432379326632 -0.8297889709275651 -0.07934567815706689 0.5392067204790619 0.0291292667388916
1403638147545097216.000000 -0.9036761118049451 0.28906383671825125 -0.03607620462908128 -0.1195254408279617 -0.8295562586848947 -0.07874736367121929 0.5397674827056873 0.07098221778869629
1403638147695097088.000000 -0.9109558131944251 0.3297857244800926 -0.03724186791696453 -0.11847345191318041 -0.829406351868089 -0.07815644468287986 0.5403153845923461 0.027257204055786133
1403638147845096960.000000 -0.9240898884720506 0.36171160137807973 -0.0389744660381886 -0.1198671469404313 -0.8243241291903362 -0.08068362756147744 0.5473680200399691 0.062211036682128906
1403638147995097088.000000 -0.9426898938139574 0.4048589554661255 -0.026866173828483438 -0.12240666514319713 -0.8129549764598709 -0.08382765208490102 0.563110770029827 0.03192496299743652
1403638148145096960.000000 -1.0247837445153691 0.45154300043281254 -0.004131732334626933 -0.11438703533102698 -0.807414626201596 -0.08232957035697323 0.5729040664795036 0.0407259464263916
1403638148295097088.000000 -1.0476426370343208 0.48743845666477553 0.05378241512330278 -0.10949908981944377 -0.8062662928661576 -0.08000201100192268 0.5757988299330113 0.03731489181518555
1403638148445096960.000000 -1.0386795550396741 0.5054634023238539 0.11188907078178949 -0.10255242863870073 -0.8070778052943598 -0.07679688970420474 0.5763771797298222 0.09539437294006348
1403638148595097088.000000 -1.0513388545604225 0.5434398257601882 0.1322426055655556 -0.09894840893398674 -0.8142964049967267 -0.07647153843040054 0.566818031637074 0.022362232208251953
1403638148745097216.000000 -1.075266579872101 0.5820294838159391 0.11708714475931897 -0.09531127501896475 -0.8197114182069128 -0.07307551823381717 0.5600436771809231 0.1372520923614502
1403638148895097344.000000 -1.1618230139880412 0.5861828886966767 0.105917875635492 -0.09075510662147468 -0.8216030883858867 -0.06868292676817689 0.5585826092418694 0.03538632392883301
1403638149045097216.000000 -1.1818686009639134 0.610909835607819 0.12994232348461437 -0.08742713751676474 -0.8178210702451323 -0.06674099798364332 0.5648635515563724 0.12566661834716797
1403638149195097088.000000 -1.169070176759339 0.6035312858165273 0.18735225051109697 -0.0845888257020205 -0.8140345360791141 -0.06511692298142098 0.5709223160625675 0.03465843200683594
1403638149345096960.000000 -1.2030086697733924 0.6336922242476122 0.2265464695907607 -0.08596355972971509 -0.8120879838323486 -0.06223043626113211 0.5738037519191176 0.026854753494262695
1403638149495097088.000000 -1.2347142285166623 0.6627840104609141 0.25569421795919045 -0.08498271917251264 -0.8107194783250542 -0.06292293497613115 0.575806016953963 0.026909828186035156
1403638149645096960.000000 -1.253381229756039 0.6533773591864268 0.2813118362087673 -0.0795552081933803 -0.811084029823001 -0.06290206215926797 0.5760703047298142 0.17759466171264648
1403638149795097088.000000 -1.2817149268340124 0.6718380333101037 0.28418235770686023 -0.07126672979654136 -0.8117792538897999 -0.05771473924105312 0.5767187399873217 0.0241851806640625
1403638149945096960.000000 -1.303929606993487 0.6710129757438819 0.2885658897135023 -0.06423016428725124 -0.8125328526237524 -0.053845217952654116 0.5768583378147284 0.10876750946044922
1403638150095097088.000000 -1.3281965696443903 0.6820085446904632 0.270508950411344 -0.055262516361061935 -0.8131676410377046 -0.05997062870269127 0.5762880924916133 0.028675079345703125
1403638150245097216.000000 -1.3550229982525999 0.6754981741950155 0.24850241027554265 -0.0450991555194848 -0.8135103308896879 -0.06957855424946902 0.5756090969535953 0.11152529716491699
1403638150395097344.000000 -1.3801564693163573 0.663724849495562 0.20689358769259814 -0.04584196665034616 -0.8193195173709041 -0.06524968752918109 0.5677644941576406 0.024109840393066406
1403638150545097216.000000 -1.4102773456144095 0.6257762293758126 0.18565391133122422 -0.04247222210621578 -0.8273430010771714 -0.04842331178042484 0.5579918026227587 0.10173702239990234
1403638150695097088.000000 -1.4467215731041239 0.5897292375918904 0.17570845067032495 -0.03584553420543833 -0.8291566775452965 -0.03814710848027379 0.5565600595390996 0.025389671325683594
1403638150845096960.000000 -1.4946669421346386 0.545671498696612 0.19385241457663027 -0.023427887348669345 -0.8273252482011768 -0.03202052478124011 0.5603202243146087 0.12666034698486328
1403638150995097088.000000 -1.543704184808614 0.5056728411657312 0.21164074489595894 -0.0028481081192964614 -0.8217496098380549 -0.02225717153458182 0.5694067837025 0.05186152458190918
1403638151145096960.000000 -1.5965140839449141 0.45203674228699264 0.20693047150445046 0.018724833943768414 -0.8185540310360843 -0.012674527159767702 0.5739843510320048 0.03215479850769043
1403638151295097088.000000 -1.648437141371741 0.3893535164238444 0.1882072060117638 0.047044373617603594 -0.8184203858081427 0.007319844465577904 0.5726441468150862 0.027039766311645508
1403638151445096960.000000 -1.7258263939665452 0.31735149558225056 0.1885234671741305 0.07704983827539248 -0.8174551686682406 0.03162162591770327 0.569938981307328 0.15081572532653809
1403638151595097088.000000 -1.7769604300113213 0.23960272963822457 0.18429938323106504 0.1042437737355878 -0.8147201881940248 0.05139173370111513 0.5680872646818007 0.027186870574951172
1403638151745097216.000000 -1.842317870716643 0.15217809673202928 0.2011404190018324 0.12176521048568968 -0.8124131285506796 0.0632640878593928 0.566706094250972 0.09397506713867188
1403638151895097344.000000 -1.8932196805324648 0.06398374072448057 0.2292727389925275 0.13089551593345672 -0.8121070214648584 0.06890819663982477 0.5644468177178765 0.01795673370361328
1403638152045097216.000000 -1.9444958918140756 -0.03148209366711298 0.26785319538301744 0.13515249035806787 -0.8123922577088394 0.06944243186607073 0.56296569400033 0.026980876922607422
1403638152195097088.000000 -1.9897118631865676 -0.13129280499301638 0.2998756657479772 0.13642394829996707 -0.8122289257066219 0.06845299058309212 0.5630158671440318 0.03787732124328613
1403638152345096960.000000 -2.109523025411601 -0.23119910457585727 0.3556173550777555 0.13697239380675505 -0.8120463800845817 0.06437701265265924 0.5636265076877539 0.16007375717163086
1403638152495097088.000000 -2.1686849175138136 -0.34234285951730836 0.3533963572441968 0.1382088156234603 -0.8128520445158268 0.05869316618499688 0.5627832524636647 0.0231781005859375
1403638152645096960.000000 -2.2189402418170165 -0.4633622619791808 0.3508235176594256 0.13561878474104383 -0.8139765067856536 0.060968211313145775 0.5615448947641346 0.029809236526489258
1403638152795097088.000000 -2.311854190190458 -0.584509202009664 0.35204390137630526 0.137950964355085 -0.8133616677917754 0.07201498542263092 0.5605588021564392 0.052939653396606445
1403638152945096960.000000 -2.3977389653786623 -0.7096785323106098 0.3610534157507782 0.14919319956474544 -0.8073686153784149 0.08818230688508968 0.5640223301058207 0.1200251579284668
1403638153095097088.000000 -2.4668891048677106 -0.8478999346631825 0.3875278664619575 0.1672242086054268 -0.8073513856581618 0.10132984806272195 0.5567333886374344 0.026499032974243164
1403638153245097216.000000 -2.5310477694652462 -0.9850685871700606 0.419567411195461 0.18052609161817157 -0.8080355498626649 0.1081833311307207 0.5502592545961125 0.032869815826416016
1403638153395097344.000000 -2.607231855199855 -1.118633797052016 0.4401176694428161 0.19566783869754506 -0.8060693596036924 0.11602922086053831 0.5463547421904755 0.04460549354553223
1403638153545097216.000000 -2.687642050532971 -1.2502646170267908 0.452620585252957 0.2221180150151427 -0.80138292592534 0.11842334407959723 0.5426093484433154 0.15825605392456055
1403638153695097088.000000 -2.749395968690268 -1.411811826080312 0.5181260506608263 0.24713556664710412 -0.7942292424608188 0.13077898894769924 0.5394634168949238 0.0687716007232666
1403638153845096960.000000 -2.8313565034208055 -1.567114139181674 0.5394683990938025 0.26543777533621427 -0.7854987191449665 0.1494916324092262 0.5386898936176575 0.061347007751464844
1403638153995097088.000000 -2.8738986739903813 -1.7234663054287451 0.5699996731605584 0.27348214978824503 -0.7774530165815117 0.16462874333769073 0.5419148435156212 0.03888511657714844
1403638154145096960.000000 -2.961293740114905 -1.9079733786391238 0.5680047690763248 0.27748783052688175 -0.7712801197269559 0.17139133537435638 0.5465825564194783 0.1603713035583496
1403638154295097088.000000 -3.006069023656911 -2.0760056076754654 0.5961351652944885 0.2791505783325364 -0.7646004838353373 0.17266248267759604 0.5546609070513152 0.05359292030334473
1403638154445096960.000000 -3.0646926004789248 -2.2458054953972235 0.5772085968934111 0.2756898925903649 -0.757041938715183 0.17678412925967232 0.5653582561454017 0.029994964599609375
1403638154595097088.000000 -3.1085926611101287 -2.4175092392878863 0.5612290983856393 0.27451431306079455 -0.7566748278573019 0.17954184839803847 0.5655526690642513 0.04363870620727539
1403638154745097216.000000 -3.153620338078165 -2.5899553675225593 0.5602062778833056 0.28395071009607686 -0.7606129758658245 0.18274197168477543 0.5544774720087636 0.17147207260131836
1403638154895097344.000000 -3.1949442767212046 -2.7755617043311274 0.5732747848417921 0.2979354618404107 -0.7605150070581805 0.1811761990823667 0.5477468114953327 0.03630709648132324
1403638155045097216.000000 -3.226259640154363 -2.935864160334225 0.620383755206419 0.3131065951119281 -0.7544328198751605 0.18661218441038338 0.5458674500482823 0.0419161319732666
1403638155195097088.000000 -3.2090635205346763 -3.074953588107394 0.6558368954560848 0.32578892247271846 -0.7466374192607675 0.1988090642460772 0.5448569519858264 0.05450940132141113
1403638155345096960.000000 -3.225333193619079 -3.2690837779272255 0.6796378216696783 0.3347938655539405 -0.7373803168599494 0.2078914040825554 0.5486023149819499 0.14398646354675293
1403638155495097088.000000 -3.2211870427270477 -3.470400343111077 0.6786992243375777 0.34903448759462147 -0.7275339656586501 0.21540727418327446 0.5499717824684189 0.03996682167053223
1403638155645096960.000000 -3.163229855965378 -3.6015138021593716 0.7046193991490731 0.3591538892921419 -0.7185422644477844 0.23997052948889927 0.5450868215113952 0.07340240478515625
1403638155795097088.000000 -3.1464539332267427 -3.7894247341751535 0.661689864188019 0.3781302624762329 -0.7068047861040798 0.264077939603682 0.5363835761418272 0.04460334777832031
1403638155945096960.000000 -3.0729163489626354 -3.9096306304149815 0.6102520922009149 0.4050392474115749 -0.6991205078375791 0.28347096678838074 0.5165442232425519 0.15507173538208008
1403638156095097088.000000 -3.011323540633373 -4.039424900007086 0.603743931918993 0.43798459787787647 -0.6926650101026152 0.2987325716389266 0.48902303263066516 0.04111361503601074
1403638156245097216.000000 -2.9436711565646196 -4.124973335453726 0.6124534286066255 0.4616909937358972 -0.6818152312878113 0.3165324354643368 0.4709316659411679 0.04391026496887207
1403638156395097344.000000 -2.8676223558275784 -4.2338086839583315 0.6199496337623868 0.48126353411092376 -0.6747580659485863 0.32689018850229234 0.4541252776859297 0.05118536949157715
1403638156545097216.000000 -2.8085064113752867 -4.347230487776655 0.6200733296666587 0.49114162224728364 -0.6705266991948227 0.33311203465626027 0.4452080692556784 0.14171338081359863
1403638156695097088.000000 -2.770913813974677 -4.491571186051066 0.6060080674355303 0.4947972762005568 -0.6688363295666249 0.3352633668524841 0.4420770233376665 0.0355069637298584
1403638156845096960.000000 -2.7359232070565844 -4.642349108342077 0.5839948316855049 0.4954843901794262 -0.6686545937646168 0.33448250896988346 0.44217383970471313 0.03227663040161133
1403638156995097088.000000 -2.6991825513156407 -4.771690023993511 0.5569363832764155 0.49368062019812964 -0.6702922236131711 0.3323494226255748 0.44331889367017513 0.055214643478393555
1403638157145096960.000000 -2.6734233954016 -4.916880870916537 0.5540441130269597 0.49191203361854097 -0.6756638298503653 0.327600909869531 0.440656991395647 0.21498680114746094
1403638157295097088.000000 -2.681973080986575 -4.9869160999398625 0.5401849762285796 0.49102849356782363 -0.6763762461896846 0.3290202646543233 0.4394904521621193 0.038503408432006836
1403638157445096960.000000 -2.7398660343479553 -5.22653828367974 0.5153094038567122 0.4942794137276882 -0.6695438091512538 0.32711228368931905 0.4476566794450867 0.05772089958190918
1403638157595097088.000000 -2.6901947258360037 -5.428086486037131 0.5283628881207283 0.5009060809961999 -0.6575019424513819 0.33444170059496303 0.4526953087859839 0.07164835929870605
1403638157745097216.000000 -2.692652139825263 -5.6212669520151515 0.5163495059474635 0.5175686619996896 -0.6370680792531375 0.3450972835433616 0.45516459374995527 0.1643693447113037
1403638157895097344.000000 -2.678453065487899 -5.802968402611714 0.5325845010211961 0.5371107793618475 -0.6180870330197357 0.3626519097688851 0.4449314808452527 0.04312920570373535
1403638158045097216.000000 -2.652299244148203 -5.983509559101985 0.5503461988169227 0.554050226878257 -0.6046282995372194 0.3777894574682276 0.4298000597030491 0.06440424919128418
1403638158195097088.000000 -2.633907082548993 -6.150477112326516 0.5752196102653767 0.5612175595870474 -0.5989758513659528 0.3925490220034274 0.41493137458589907 0.0464935302734375
1403638158345096960.000000 -2.6174108524924686 -6.334119056980222 0.5801573222350419 0.568288352093077 -0.5923448490229927 0.39510318422235485 0.41239471690192514 0.24081754684448242
1403638158495097088.000000 -2.604004425773814 -6.501372433060373 0.5756395012374632 0.5730288983946822 -0.5865096979403501 0.3925439044432397 0.41659757429797056 0.034729719161987305
1403638158645096960.000000 -2.58872057339332 -6.664937179585648 0.5632169315116308 0.5738131115211381 -0.5831263389922222 0.39091385755811914 0.42176835086216286 0.019753694534301758
1403638158795097088.000000 -2.555954438077703 -6.822078452497377 0.546568638350697 0.5706341234350488 -0.5883488387763861 0.3935324622252503 0.416358670207459 0.045609474182128906
1403638158945096960.000000 -2.5430007077347203 -7.004043009615139 0.5475063069595946 0.5686255885947907 -0.5974305671095173 0.3927593652569026 0.40679446712243217 0.1708812713623047
1403638159095097088.000000 -2.5171864768527104 -7.174932775816297 0.5788416090396357 0.5723293554345887 -0.6062931376516637 0.3838679077824564 0.3968540909692741 0.051900625228881836
1403638159245097216.000000 -2.5061743684602242 -7.351167369777639 0.603107885962256 0.57746048925876 -0.6146657628458484 0.3731079850286562 0.3866727490243148 0.0495915412902832
1403638159395097344.000000 -2.493501609053478 -7.5241997131964276 0.6261696814646114 0.5647952449412363 -0.6064300097210036 0.39008482879844025 0.4013512189377828 0.06864285469055176
1403638159545097216.000000 -2.4998560309594824 -7.744096637033764 0.6335183442368147 0.5447259856727282 -0.595338948101346 0.4182258896410928 0.4170518464656094 0.17728495597839355
1403638159695097088.000000 -2.5067498639090147 -7.915789573756345 0.6631366915225462 0.52753898053091 -0.5941741611762719 0.44195741693475354 0.4163331980844696 0.049028873443603516
1403638159845096960.000000 -2.535700156660091 -8.074574064942842 0.7140893600809619 0.5275337873476024 -0.5902493844585107 0.44291182082232744 0.4208834593196727 0.04195833206176758
1403638159995097088.000000 -2.580933840845928 -8.20862701456929 0.7828528314051099 0.5402760237043297 -0.5816689663576785 0.42692623923745476 0.4330092586044691 0.041063785552978516
1403638160145096960.000000 -2.628067303464967 -8.308947220042764 0.8714764699915972 0.5498214446900094 -0.581550365636994 0.4160175429129271 0.43176956258536825 0.23028564453125
1403638160295097088.000000 -2.676007670691049 -8.408159951917828 0.9786113473867297 0.5634791240332249 -0.5921155666245272 0.3994262696403433 0.41514947628639076 0.0384213924407959
1403638160445096960.000000 -2.72436725014907 -8.502644298733355 1.0989657150521357 0.5706530151371101 -0.5971804653462701 0.390216329105118 0.4067700144104331 0.0408170223236084
1403638160595097088.000000 -2.7729915885215335 -8.602015551651235 1.2120247803026678 0.5719855276677769 -0.5985361352198556 0.3882644822424371 0.40476875225702114 0.024281978607177734
1403638160745097216.000000 -2.848372824721506 -8.676093827409629 1.3030948932691022 0.5686947083071557 -0.5985265422059154 0.3929314943922973 0.40491622310436753 0.17276334762573242
1403638160895097344.000000 -2.926565183950132 -8.738995296976517 1.393490413518456 0.5493979786172773 -0.5987150298989258 0.41005925064705717 0.4141902763503174 0.05985689163208008
1403638161045097216.000000 -2.9998951643387213 -8.843171789204323 1.4409568575595904 0.5269846732760569 -0.605507923348071 0.411523640449973 0.4316197426504442 0.07143115997314453
1403638161195097088.000000 -3.081242935916538 -8.934960321866072 1.5014156324238292 0.5101641497107496 -0.6211622118427357 0.3960236862606892 0.44390909750650903 0.06757664680480957
1403638161345096960.000000 -3.160928630919155 -9.010807168801882 1.5813390164808951 0.4886425969454664 -0.644649570290515 0.3712784496774909 0.45585925106300473 0.17775511741638184
1403638161495097088.000000 -3.252912196933236 -9.0642137184639 1.6411940834854077 0.4760996915389943 -0.6663175584419779 0.34698804554178225 0.4571097147069728 0.04146218299865723
1403638161645096960.000000 -3.3492095030297113 -9.110101417584067 1.6906615588138159 0.465721033137306 -0.6794121286308634 0.33509078529158715 0.4574027157499908 0.04892563819885254
1403638161795097088.000000 -3.455163611478293 -9.165567093277074 1.7186826335099084 0.4542342568959711 -0.6859852076756485 0.33524201715470786 0.4590297644449702 0.05872464179992676
1403638161945096960.000000 -3.493382705870669 -9.285995110195433 1.727901023420263 0.4417800647984791 -0.6883236821184521 0.33117758509206047 0.4704915409591749 0.20719552040100098
1403638162095097088.000000 -3.598336595155358 -9.338446043093263 1.7563305543278178 0.43293415680203196 -0.6932667345254167 0.3262273462599447 0.47489469277596 0.026601314544677734
1403638162245097216.000000 -3.677640570802969 -9.416872522688617 1.8208093904323568 0.4278656385227126 -0.7004367765064577 0.32402700772589504 0.4704527773889711 0.06541085243225098
1403638162395097344.000000 -3.791195307047955 -9.444391836858768 1.8665072636351827 0.4227883602722546 -0.7035362983085638 0.32712905536234366 0.46826622824876324 0.0392460823059082
1403638162545097216.000000 -3.9134666213911316 -9.47936735946628 1.8931719854006461 0.42246362393909825 -0.7013413627675061 0.3264583167654566 0.47230260081257924 0.14759588241577148
1403638162695097088.000000 -4.047644278328916 -9.51538298755358 1.936022129667191 0.42879805677594496 -0.6984104034686476 0.3198329560873275 0.4754597932868521 0.029119014739990234
1403638162845096960.000000 -4.184538022873118 -9.55927029119926 2.0003622204678706 0.4280138961540976 -0.7016306846166964 0.31767930906493064 0.47286186534264285 0.04605984687805176
1403638162995097088.000000 -4.329254020909273 -9.590677325340936 2.0762120888582234 0.4142991329080556 -0.7018454708568325 0.3249237382430939 0.47978508504904344 0.02792501449584961
1403638163145096960.000000 -4.496772098094058 -9.623373143502734 2.1342969174330393 0.4016417987256822 -0.7022313096087602 0.3254810617632058 0.48950702932139867 0.14288806915283203
1403638163295097088.000000 -4.65608314325229 -9.655895443756167 2.152599901920477 0.39307652408610094 -0.7097150592772038 0.308282702792347 0.496746571207683 0.07909274101257324
1403638163445096960.000000 -4.822426530288508 -9.66245184611325 2.1580232689753918 0.3781945851651048 -0.7178385298580379 0.2895720481517629 0.5077644431547353 0.04203963279724121
1403638163595097088.000000 -4.9872073229346405 -9.696870482200383 2.1734223512718667 0.3652169356894903 -0.7261211794618532 0.2777234448746267 0.512088186535753 0.022655487060546875
1403638163745097216.000000 -5.160242618256575 -9.718896689982 2.1938334764603664 0.3583792950325311 -0.7306939554576848 0.26999630311640616 0.5145411748859977 0.13764286041259766
1403638163895097344.000000 -5.322176662629231 -9.708079152996815 2.2593117357757198 0.3537281927633845 -0.7314083382263915 0.27031913083564074 0.5165711721742923 0.020221233367919922
1403638164045097216.000000 -5.500831085008266 -9.697903659308992 2.317200776042342 0.3504249407770892 -0.7345670938359931 0.2769912898694038 0.5107733067332325 0.024928808212280273
1403638164195097088.000000 -5.668437260213155 -9.676784111339371 2.3818097670158225 0.3474317941269421 -0.7346587923506317 0.284877715667001 0.5083426938276943 0.02570486068725586
1403638164345096960.000000 -5.825163894919399 -9.645351290362223 2.453986366035451 0.34677587594694054 -0.7322200210264026 0.28935833969749764 0.5097765038885514 0.08996105194091797
1403638164495097088.000000 -5.9956293472451145 -9.60928611324839 2.508005248483008 0.34761529241284317 -0.7312447839094536 0.2926954736370871 0.5086983725139205 0.014849662780761719
1403638164645096960.000000 -6.1784324241996025 -9.565487660390522 2.556241931288288 0.3433820919896253 -0.7334715991077786 0.29473372437163253 0.5071885092558124 0.020735740661621094
1403638164795097088.000000 -6.355006760599227 -9.57218492063453 2.6244531357441887 0.34269480701791677 -0.7325243249311986 0.2805732500249121 0.5169594123308937 0.04856562614440918
1403638164945096960.000000 -6.481218114353733 -9.51368253710784 2.6448501431771563 0.3469542955236145 -0.7252126862754716 0.2615452618629171 0.5341192305842254 0.1297135353088379
1403638165095097088.000000 -6.6574226323161 -9.436942375140644 2.6603147633046453 0.3300328847735631 -0.7266097063041307 0.2691999244178674 0.5391178260511144 0.017234325408935547
1403638165245097216.000000 -6.810054802331145 -9.347093993358813 2.668709605864171 0.32271589621675667 -0.739535759552184 0.2623348584342859 0.5292652763245037 0.0193173885345459
1403638165395097344.000000 -6.967865726671586 -9.251911672667058 2.660895177522845 0.31549553774672146 -0.752115972094943 0.259300853136196 0.5172496474087024 0.0380706787109375
1403638165545097216.000000 -7.1452799197090995 -9.130738550884017 2.6400023822300365 0.31029193154832313 -0.746037238021035 0.2569601506809102 0.5302064104327676 0.1428391933441162
1403638165695097088.000000 -7.298585801384514 -8.993644365326375 2.6035151300004076 0.30763493878406944 -0.7320924320335372 0.25500482701118077 0.5517009639284134 0.015105724334716797
1403638165845096960.000000 -7.4606743196752205 -8.877893915450752 2.5809177997003845 0.31236820475455895 -0.7318216140852234 0.24749192237372147 0.5528209277658293 0.017940282821655273
1403638165995097088.000000 -7.5899101842617345 -8.740023695077449 2.5510945285122455 0.3185201918628671 -0.7415414366215233 0.2403523790094274 0.539343970999434 0.024084091186523438
1403638166145096960.000000 -7.687827057871139 -8.597598677348563 2.5357079631951684 0.32669455352444365 -0.7475098350541192 0.2314528218054178 0.530027646895082 0.08709263801574707
1403638166295097088.000000 -7.827707992872731 -8.452794793307383 2.558782569996922 0.3319092375303916 -0.7478439480257804 0.22910593209592506 0.5273292703061963 0.02219080924987793
1403638166445096960.000000 -7.947374994459979 -8.316846621241103 2.6267265183722945 0.3369969425661243 -0.7471753480511014 0.22670058234901888 0.5260883062076324 0.0171506404876709
1403638166595097088.000000 -8.052845391326583 -8.185752050347372 2.698967115436742 0.3385871241521704 -0.7458842577627304 0.22871060666497522 0.5260293639893525 0.02163100242614746
1403638166745097216.000000 -8.114780887641869 -8.09246571520566 2.75805639322734 0.3365363324382186 -0.7479554137185814 0.23457742847623397 0.5218040111838695 0.09549307823181152
1403638166895097344.000000 -8.217530917229386 -7.9767274247606155 2.7902638595132907 0.3301729073521976 -0.7618796812332707 0.2458435126828692 0.5000861624222721 0.015349388122558594
1403638167045097216.000000 -8.333474448394533 -7.86527924063702 2.809932759593669 0.3329501683392706 -0.7720565966252023 0.24195667170271792 0.48428273356470597 0.018988847732543945
1403638167195097088.000000 -8.459772079176975 -7.7649954959566045 2.842011092752371 0.33924330140796743 -0.7710994760495324 0.23373967806560403 0.48547434884218915 0.02127218246459961
1403638167345096960.000000 -8.62224796276977 -7.751351010431636 2.902227239940715 0.34355128875021895 -0.7673513177437814 0.22836335119508394 0.4909120562645583 0.07845783233642578
1403638167495097088.000000 -8.744673136597415 -7.61972416463812 2.9390518477362173 0.3392322285716884 -0.7649561312776718 0.23124855417855436 0.4962738341977255 0.09250378608703613
1403638167645096960.000000 -8.911697888697548 -7.56112801144601 2.9776384504160807 0.3281892081417647 -0.7616193753425305 0.2429177782338716 0.5032084297585392 0.06432414054870605
1403638167795097088.000000 -9.029693168973305 -7.461593087461407 2.99329548149219 0.3088873453948071 -0.7651358582733319 0.24787319260235552 0.5076559924086356 0.025049924850463867
1403638167945096960.000000 -9.180242619741822 -7.3712765956707 2.9949938239787204 0.28540058071666025 -0.7727452521590417 0.2429685199647371 0.5122280567270768 0.07040262222290039
1403638168095097088.000000 -9.382772962203502 -7.300803784484227 3.008218477270745 0.2660423696028367 -0.7782768793697805 0.23300056504675093 0.5188615357708053 0.015703201293945312
1403638168245097216.000000 -9.590019835199266 -7.224172827741417 3.037528356727293 0.25213757779222706 -0.7829806837644041 0.21642589624529396 0.5258590325850799 0.01774120330810547
1403638168395097344.000000 -9.748714813053779 -7.120059648298687 3.081026054795117 0.23442015215937245 -0.7865398142137838 0.19673520866937855 0.5363744686205142 0.032921552658081055
1403638168545097216.000000 -9.946063897383514 -6.98906074709905 3.13785846525864 0.22821442680433315 -0.7933489246141652 0.1700536156760871 0.5381425712647223 0.03358316421508789
1403638168695097088.000000 -10.1605095021541 -6.890898891986438 3.1697731690805324 0.23066895955678376 -0.8002748742686706 0.14644828574197444 0.5337647949373314 0.025365591049194336
1403638168845096960.000000 -10.37446185624833 -6.804352623554113 3.185653363446166 0.23121377857289957 -0.8032741993448956 0.13798615328047314 0.5312725955361491 0.020315885543823242
1403638168995097088.000000 -10.60097371648776 -6.742563196194459 3.1933072932362214 0.23303802848302121 -0.8036177686896339 0.13631892968202408 0.5303856224836683 0.025879621505737305
1403638169145096960.000000 -10.837730941289339 -6.700575880503875 3.185199943100079 0.23176719369054655 -0.7951054016493379 0.14850805967180844 0.5404042231601899 0.03358578681945801
1403638169295097088.000000 -11.061650815471445 -6.66987824738974 3.170047409883991 0.21921348489453168 -0.7916637418714141 0.16801241712237575 0.5449640314178936 0.024340152740478516
1403638169445096960.000000 -11.313716682548668 -6.610506820282786 3.1403068124195053 0.1902153707135954 -0.7881548657101902 0.18719138165890295 0.5546074350694126 0.03315472602844238
1403638169595097088.000000 -11.514307900331579 -6.544257044431224 3.1066501810794125 0.16517274432939497 -0.7883963046754973 0.17885692640732115 0.5649419715164054 0.03453946113586426
1403638169745097216.000000 -11.733476300938966 -6.45178773331662 3.0990208635477243 0.1475148231468296 -0.7938955086970284 0.14961409971945136 0.5706004901748545 0.020450115203857422
1403638169895097344.000000 -11.92198984015109 -6.337083524332857 3.112828415138599 0.1322491813915457 -0.7980672590220966 0.10620459476224475 0.5782035871123693 0.028249263763427734
1403638170045097216.000000 -12.130330486142816 -6.26300722555355 3.1358000764897955 0.10927662419161112 -0.7923755596023294 0.07359272594912004 0.5956372240194181 0.034787893295288086
1403638170195097088.000000 -12.296586797847871 -6.174306176936644 3.1639188452768616 0.07281448809153507 -0.7930259211277801 0.057710708615421935 0.6020609710440543 0.0204927921295166
1403638170345096960.000000 -12.447298484308087 -6.075772039521625 3.1687373679328186 0.03396323768422499 -0.7977800237780209 0.0454823704385581 0.6002706773831579 0.03990817070007324
1403638170495097088.000000 -12.584121324655136 -5.966072085365484 3.1637520551879 -0.002632263763875423 -0.8035244410372169 0.03156736091772848 0.5944283350985174 0.018980741500854492
1403638170645096960.000000 -12.71023409798156 -5.864050665689828 3.162395528962751 -0.03872462148025552 -0.7991341148790941 0.022108674617559707 0.5994966860911517 0.2000274658203125
1403638170795097088.000000 -12.826714150413927 -5.731577583952284 3.1826286262564154 -0.06764844518445329 -0.7954273145772777 0.004948791192047876 0.6022413009369616 0.01714611053466797
1403638170945096960.000000 -12.909376270916514 -5.6004164513396475 3.2164756552903873 -0.09260270904197039 -0.7940134384737247 -0.017051246707753383 0.6005636126064684 0.02587723731994629
1403638171095097088.000000 -12.976848706301153 -5.4606925908959525 3.2269298325909745 -0.11651682601898368 -0.7896349552744186 -0.03583824791214894 0.6013452308365106 0.024825334548950195
1403638171245097216.000000 -13.017786042591306 -5.298516695374442 3.2298943812461616 -0.13386290770153128 -0.7852266067196607 -0.045179047890968806 0.602875403108208 0.10435938835144043
1403638171395097344.000000 -13.055372054113521 -5.133779063609245 3.2294936817485214 -0.14338872074560963 -0.781691435941987 -0.050625647443518704 0.6048431346711449 0.016193389892578125
1403638171545097216.000000 -13.10148342174914 -4.981663485078284 3.2099651317835693 -0.15347700604526657 -0.7775555919415129 -0.05283670886303463 0.6075034092516579 0.01972174644470215
1403638171695097088.000000 -13.07885430818494 -4.805925216103863 3.1888004415391884 -0.16645829807512544 -0.7721517633327395 -0.056455193366675184 0.6106440047409007 0.017674684524536133
1403638171845096960.000000 -13.02501451238058 -4.626754085675687 3.1737956794392432 -0.18184148463436264 -0.7662888656122127 -0.06106385244716835 0.6131934888997354 0.09353828430175781
1403638171995097088.000000 -12.949234878747456 -4.4226845825405565 3.1720570407714423 -0.18974235867209843 -0.7599672134988907 -0.07078147995560384 0.6176063906952184 0.012977361679077148
1403638172145096960.000000 -12.815495240074943 -4.226694770601304 3.2021628767609656 -0.19156033656539925 -0.7589290462774848 -0.08072807341425504 0.617101546209472 0.01616954803466797
1403638172295097088.000000 -12.677304064911645 -4.047370719707299 3.191285026264828 -0.19187537466967128 -0.7606860019960251 -0.08669200415524465 0.6140237319340546 0.02381420135498047
1403638172445096960.000000 -12.518305025719421 -3.8291066061438563 3.1640050314007135 -0.19110324323028632 -0.7597530011535871 -0.0874258186163114 0.6153142724691599 0.016659975051879883
1403638172595097088.000000 -12.344092463662836 -3.631422462512587 3.118377172570126 -0.1901313735083077 -0.756656245657752 -0.08457384066775975 0.6198134011052557 0.024053096771240234
1403638172745097216.000000 -12.141882427657519 -3.404146034306936 3.0541926713545022 -0.18944116312019424 -0.7567074092389326 -0.07866650346614591 0.6207394974955126 0.017575979232788086
1403638172895097344.000000 -11.947762365131815 -3.0806950543871605 2.977778575315694 -0.1861080521318431 -0.7576802274800061 -0.07036034816348781 0.6215576298492766 0.030858993530273438
1403638173045097216.000000 -11.688931682504242 -2.840474925046731 2.8883610965511335 -0.18659638193823352 -0.7631694884498313 -0.05977103293084751 0.6157771884124673 0.02427196502685547
1403638173195097088.000000 -11.408448007373316 -2.581835034655114 2.7886318447759115 -0.18524439019711414 -0.7707092915688091 -0.05405370564327136 0.6072642758274475 0.030538320541381836
1403638173345096960.000000 -11.124618422531437 -2.3489692388487513 2.674502095137727 -0.17617676573220237 -0.7771684327450035 -0.06318083552834046 0.6008154095749846 0.042330026626586914
1403638173495097088.000000 -10.849546606869932 -2.0761184683413365 2.545567219465106 -0.16054637894258603 -0.7831520037912583 -0.0837451116885022 0.5948819676494161 0.025033235549926758
1403638173645096960.000000 -10.53418283736346 -1.8045309757795074 2.4036357402451123 -0.15451722891151887 -0.784636886532208 -0.0931749018622514 0.5931170372915519 0.024298906326293945
1403638173795097088.000000 -10.22866309434242 -1.5399619577848984 2.245989084882285 -0.15520638755038219 -0.7855118230236326 -0.09432368863725714 0.5915954655974908 0.02900528907775879
1403638173945096960.000000 -9.925089318347682 -1.316675803687297 2.1008819098508362 -0.1538492609548232 -0.7854846198265681 -0.09571853708330354 0.591762011773482 0.0380549430847168
1403638174095097088.000000 -9.584702601023785 -1.065736314747861 1.9697666348768605 -0.15497518105121316 -0.786101548363299 -0.09467375740388591 0.5908163238926271 0.024837017059326172
1403638174245097216.000000 -9.226182803522024 -0.7874270227528056 1.8291726695444774 -0.15435936742993173 -0.792295054279072 -0.09620051115568758 0.5823977973043325 0.023865938186645508
1403638174395097344.000000 -8.902242653802052 -0.5848758953499114 1.6941735786625975 -0.1537986278973452 -0.7990800015579995 -0.09316650188664494 0.5737047464446912 0.05331921577453613
1403638174545097216.000000 -8.57458848973165 -0.4333533508294788 1.5612833945791698 -0.15117052557154553 -0.8033558496863774 -0.09103251414643317 0.568752962490114 0.041713714599609375
1403638174695097088.000000 -8.252141809392407 -0.21220995961150005 1.4410598485409605 -0.14715869676402019 -0.8100486186598934 -0.09538992891191077 0.5595232924875376 0.02841782569885254
1403638174845096960.000000 -7.934041442439247 0.017566710320927402 1.338061253263213 -0.14613492262860536 -0.8156151163898339 -0.09627064176932942 0.5514966272227337 0.0348963737487793
1403638174995097088.000000 -7.693975047459621 0.20787024671158721 1.2454250711384185 -0.1449533209440553 -0.818284505853211 -0.09697044270021804 0.5477186645262144 0.031192302703857422
1403638175145096960.000000 -7.436126898647884 0.4188684109570798 1.1785004150913714 -0.14472892932613085 -0.8165048007681033 -0.10049604227423066 0.5497945005417643 0.027399778366088867
1403638175295097088.000000 -7.272295481079589 0.6569889521100237 1.1432815933455358 -0.14590697727832302 -0.8201273816516562 -0.10224824379908959 0.5437347960970529 0.028063297271728516
1403638175445096960.000000 -7.082001741292081 0.9431962795530373 1.020418181686983 -0.14493574436768403 -0.8294070083785028 -0.10392693208575655 0.5294117841949216 0.06407046318054199
1403638175595097088.000000 -6.777714510714998 1.2591219959813873 0.9574660102420699 -0.14374970925925604 -0.8395138277987435 -0.10493177363682238 0.5133632991401039 0.0632467269897461
1403638175745097216.000000 -6.7399913078615645 1.4540218521240698 1.0306013850025892 -0.145368396194541 -0.8490116485824879 -0.10076271726930658 0.49788967128027345 0.06043291091918945
1403638175895097344.000000 -6.639575411753515 1.6597641346358958 1.0112958925724094 -0.14201145635640172 -0.8533043970518751 -0.10272054892829198 0.4910731524562712 0.030859947204589844
1403638176045097216.000000 -6.576099814155224 1.8790210049449192 0.9824281992260755 -0.13148629217162294 -0.8487048216237484 -0.11221335092302029 0.4998196120583776 0.03765368461608887
1403638176195097088.000000 -6.539504331900428 2.07549931373111 0.9461265401907948 -0.12373123024286041 -0.8282187325271011 -0.11972571190463771 0.5333011041266633 0.023076534271240234
1403638176345096960.000000 -6.488172643172069 2.285437116591665 0.9048054431277628 -0.1250068614326026 -0.8125613740990595 -0.11714324456722378 0.5571308267985915 0.034755706787109375
1403638176495097088.000000 -6.467196175031178 2.4586864740617496 0.885469367341176 -0.12419186083386506 -0.8100905285682787 -0.11973731383053897 0.5603505089702658 0.016989707946777344
1403638176645096960.000000 -6.511260160102696 2.5600659412626925 0.9064092718805329 -0.12467384141462297 -0.8123191081359162 -0.12133514417351765 0.5566613715829247 0.2662220001220703
1403638176795097088.000000 -6.517922211694765 2.6281821008635546 0.9427250525520551 -0.12790825677379625 -0.811386023971536 -0.11860720978830393 0.5578750108572564 0.015413284301757812
1403638176945096960.000000 -6.569915667931954 2.686562521030608 0.9824125286663046 -0.13172912241229046 -0.8117583766623094 -0.11456098488224728 0.5572894732272176 0.016680479049682617
1403638177095097088.000000 -6.721405648636268 2.7805408615130323 1.0108042751594175 -0.13027100122234372 -0.8135970692224751 -0.11876073693589115 0.554062417562833 0.020493030548095703
1403638177245097216.000000 -6.808552088323217 2.779798639427739 1.0154558307443067 -0.13060162652783708 -0.8134456161946771 -0.12426265704418984 0.5529993098605669 0.07342886924743652
1403638177395097344.000000 -6.761066178743788 2.875209147914768 0.9837543616803749 -0.1310094879298796 -0.8128579475144337 -0.12533837836821912 0.5535239490238865 0.015851259231567383
1403638177545097216.000000 -6.805050565871013 2.9320459725184396 0.9543014884614885 -0.1393806294011057 -0.8118754367396397 -0.11571597921073985 0.555014529108807 0.056035518646240234
1403638177695097088.000000 -6.8495805852113785 2.9823138653518364 0.9213215699718282 -0.15327455580156416 -0.8094865159038483 -0.09886357821551542 0.5580900321777004 0.011099815368652344
1403638177845096960.000000 -6.857214745592849 3.0364814396199598 0.8674675663936303 -0.1654621239504844 -0.8004453784868879 -0.08978500650649097 0.5690765626902996 0.01573324203491211
1403638177995097088.000000 -6.894427689290174 3.094234510304161 0.8305266554463584 -0.16976369827899795 -0.7907798814448913 -0.09017806877300891 0.5811328434712769 0.021130800247192383
1403638178145096960.000000 -6.924797024157765 3.1571693339246236 0.8031318386341155 -0.17246269442860035 -0.7862321888315746 -0.10403166843281182 0.5841857377911789 0.050980329513549805
1403638178295097088.000000 -6.941964608145926 3.2245469815536527 0.7882078910837043 -0.19387172468655847 -0.7783916783044009 -0.11955513236971296 0.5850014699448007 0.014012813568115234
1403638178445096960.000000 -6.880237926234554 3.240551994023672 0.8060973667819835 -0.22279721226311566 -0.770096195997505 -0.1373665008110538 0.5817591387961889 0.040557146072387695
1403638178595097088.000000 -6.852560141054002 3.3186413380382604 0.8116718211960866 -0.2591872298561387 -0.7672529135553535 -0.15379401476815754 0.5661204355451357 0.018224000930786133
1403638178745097216.000000 -6.821550657702272 3.3886667435071476 0.8064808571165204 -0.29243346757840405 -0.7593257034109059 -0.169545542037708 0.5560228883371109 0.04624772071838379
1403638178895097344.000000 -6.753577617366282 3.430910499932118 0.7910235545785597 -0.31896493700608514 -0.7538356674577449 -0.18749100742029398 0.5429919682331995 0.0144195556640625
1403638179045097216.000000 -6.722033563459041 3.5001319982808416 0.7655225202348341 -0.3348039376930185 -0.7560044585342451 -0.19795037114778402 0.5264781406136886 0.020374774932861328
1403638179195097088.000000 -6.692263134844852 3.5936109635286475 0.7351976552866452 -0.34271266362207853 -0.7586661967765649 -0.20938477090096783 0.5129635949815462 0.01641249656677246
1403638179345096960.000000 -6.647649507362193 3.693762339782984 0.6999344981170605 -0.35334301649925903 -0.7583065555673881 -0.22341408370444 0.5002059852473115 0.09539675712585449
1403638179495097088.000000 -6.539890028447669 3.7341249921998396 0.6188522439905585 -0.37609493950216866 -0.7381686618058636 -0.24071739224930824 0.5056824698141053 0.013825178146362305
1403638179645096960.000000 -6.592556444930869 4.0222914940721095 0.5843800634789523 -0.39768102069410366 -0.7204286983606268 -0.25505782858226217 0.5077182293723658 0.024261474609375
1403638179795097088.000000 -6.605514275245381 4.198020696431141 0.5448538589243344 -0.4211057557556424 -0.7040002551085992 -0.2736068047492807 0.5021881118379701 0.01571798324584961
1403638179945096960.000000 -6.564744079024085 4.3052735322676075 0.5075709162342639 -0.44657451492212763 -0.6905002337178001 -0.2910639907616248 0.4889400608864512 0.07059144973754883
1403638180095097088.000000 -6.518916212858298 4.433039715884343 0.4898341509219917 -0.4670461990562874 -0.6847638026720068 -0.29576833872336616 0.47485521193945834 0.011142969131469727
1403638180245097216.000000 -6.473491021146047 4.565815502577561 0.4779280927645099 -0.4758611337690478 -0.679993253856036 -0.30137452376901686 0.46940254846061 0.017917394638061523
1403638180395097344.000000 -6.425019449885338 4.706818086495608 0.4562404138069857 -0.47986075788837773 -0.6792513148759909 -0.30270415340830076 0.46553356461955925 0.01564311981201172
1403638180545097216.000000 -6.40639302433123 4.834544530416773 0.4292755128167363 -0.4766675955647955 -0.6814932611440926 -0.308414146970362 0.46177446042652703 0.08894944190979004
1403638180695097088.000000 -6.363462473420026 4.989738710899282 0.3964714149924895 -0.4739614646545627 -0.6864825041923599 -0.30869191034595983 0.45695908563814597 0.010807991027832031
1403638180845096960.000000 -6.32778808023823 5.152192113178383 0.3818785682240691 -0.473288183327286 -0.6923230088871679 -0.30311220323131116 0.4525595420941162 0.012315750122070312
1403638180995097088.000000 -6.31714522648064 5.320333755883663 0.38289865153825287 -0.4717458881970476 -0.692305092804626 -0.29894412287599104 0.4569484509699767 0.015069007873535156
1403638181145096960.000000 -6.310909868662695 5.507115788100871 0.33975695108702547 -0.4710407829072559 -0.6907417659288921 -0.29431585555400497 0.4630060159534315 0.0644676685333252
1403638181295097088.000000 -6.291715411750872 5.67610132627568 0.3342108892758737 -0.4715945892835883 -0.6808283807177239 -0.29518868039297336 0.47637684907600275 0.01906609535217285
1403638181445096960.000000 -6.2753069376184 5.894368754830759 0.29025698380820625 -0.4847876833578318 -0.66338116572679 -0.3002966727092323 0.4844876049841482 0.02309703826904297
1403638181595097088.000000 -6.230705599961417 6.038746485804177 0.3000261578612981 -0.5009761918390119 -0.6346001078800768 -0.3194548688096329 0.4942207452979861 0.022571325302124023
1403638181745097216.000000 -6.261047174390131 6.253733752804545 0.2512308110111396 -0.5157353409638672 -0.6217741679461805 -0.3411390219538197 0.48066423817058623 0.06009817123413086
1403638181895097344.000000 -6.141437545637088 6.359619580248881 0.2091679381242202 -0.5353930569391983 -0.6118975656979054 -0.3635244172337089 0.45473689288331365 0.05988621711730957
1403638182045097216.000000 -6.046479518459783 6.493772765495925 0.20102169167542 -0.5565318866705283 -0.603894492362492 -0.3711444408415841 0.43339993683153466 0.020160913467407227
1403638182195097088.000000 -5.96738921739809 6.657858834462768 0.20039160948375215 -0.5708008171181245 -0.5991105281429989 -0.3718528424232918 0.4206880861484156 0.0193636417388916
1403638182345096960.000000 -5.876363563561994 6.816763696504494 0.21243046529234036 -0.5830659766825304 -0.5938629378904222 -0.36439902569691235 0.41782080836950247 0.0555419921875
1403638182495097088.000000 -5.766206400165939 7.007905855914223 0.20360712539007686 -0.5847301865636668 -0.5984280392829724 -0.3638301078873322 0.4093924074965839 0.019089937210083008
1403638182645096960.000000 -5.661979086337037 7.18764828766779 0.22959589115181483 -0.5781237958588805 -0.607685589383479 -0.3701593481151995 0.39934090464201605 0.020002126693725586
1403638182795097088.000000 -5.574069087178217 7.3743693142376205 0.2749605115822251 -0.5753256891878002 -0.6100190631444871 -0.370020669057258 0.3999522451885025 0.01610112190246582
1403638182945096960.000000 -5.496976009682856 7.571365303034686 0.3080770121585282 -0.5716307785169067 -0.6079712426921416 -0.3715031483620819 0.40693320320242904 0.023062467575073242
1403638183095097088.000000 -5.420715294437863 7.806468746964607 0.32559101223489206 -0.5630627387790231 -0.6052056850641565 -0.37737993856149754 0.4174575582451599 0.01875162124633789
1403638183245097216.000000 -5.332321301334864 7.984173316375341 0.35184807396899875 -0.5568295241182518 -0.6086362635198708 -0.3835316404749077 0.4152183287782923 0.01689743995666504
1403638183395097344.000000 -5.25185336328614 8.18759849865379 0.35211443341051213 -0.5610753039749958 -0.615189474784401 -0.3761147626345047 0.4065391724203822 0.027678728103637695
1403638183545097216.000000 -5.175723824845432 8.390466438037821 0.35789256286027776 -0.5623486790857091 -0.6224226314238097 -0.3726718635034437 0.39682453701212733 0.0217435359954834
1403638183695097088.000000 -5.117186540755063 8.600129827171493 0.3542024254531078 -0.5586503747681337 -0.6201078547271328 -0.3779160133676113 0.4006937660077435 0.020041227340698242
1403638183845096960.000000 -5.075055267036634 8.813610747188092 0.35982094547019433 -0.5494943248082116 -0.6130766457164009 -0.39088543289654887 0.411584246333569 0.03246474266052246
1403638183995097088.000000 -5.029157885403242 9.023026408599437 0.38181865231580253 -0.5478362454730701 -0.6102601285701246 -0.3942410440835413 0.4147674321634528 0.024513959884643555
1403638184145096960.000000 -4.990936367055573 9.225306101868695 0.4103191978079514 -0.5535580172372963 -0.6145805438998492 -0.3870658320617436 0.4074853595682043 0.02737712860107422
1403638184295097088.000000 -4.965168267456463 9.42476326754483 0.43515099257029294 -0.5595629417038733 -0.617234666639725 -0.38024493341699284 0.40165217686521015 0.01804661750793457
1403638184445096960.000000 -4.94915056785998 9.639543314252036 0.4570716731388781 -0.5568152225882752 -0.6142372368851131 -0.38474671926204357 0.4057577931904765 0.027443408966064453
1403638184595097088.000000 -4.970948796480558 9.879448429482242 0.47269455349844314 -0.5541304491597685 -0.6126677657974118 -0.3880124921366413 0.40868564938435714 0.0429990291595459
1403638184745097216.000000 -4.977048440254322 10.07359155997798 0.47570225361216534 -0.5548499426005924 -0.6107979864992181 -0.38822812917135224 0.4103002322747726 0.028583526611328125
1403638184895097344.000000 -4.979022978394626 10.287867826261191 0.48889519036529466 -0.5543198594976047 -0.6111377853814994 -0.389620130441635 0.40918975378202643 0.01068425178527832
1403638185045097216.000000 -4.976565964114628 10.46923319641856 0.49787525488858947 -0.5554520771279681 -0.6081503660032368 -0.39086262027289825 0.4109167000959673 0.029433250427246094
1403638185195097088.000000 -4.998359485505857 10.677811841546445 0.5161364298075114 -0.5543303204543619 -0.610529910621785 -0.39234887338164154 0.4074720672847115 0.022573232650756836
1403638185345096960.000000 -5.019077399396744 10.867610964601036 0.5338280134638042 -0.5505454557787315 -0.6128999926480935 -0.397933907176133 0.4036110821730404 0.03379702568054199
1403638185495097088.000000 -5.062401081944199 11.066651757709803 0.5659310042011056 -0.5377656141807248 -0.6178491090430507 -0.40230464702188373 0.40892736964421206 0.039315223693847656
1403638185645096960.000000 -5.124247689716556 11.255090616342656 0.5908465499119008 -0.5208424024974452 -0.6275666595196026 -0.400048791130885 0.4181438081985842 0.0461888313293457
1403638185795097088.000000 -5.192897841100756 11.440178863588123 0.6169809822245746 -0.5161285121424599 -0.6305055760485572 -0.38435084391759083 0.43399136662510207 0.018358230590820312
1403638185945096960.000000 -5.26674470879614 11.630840159489448 0.6200089968072904 -0.5292335824334772 -0.6284385189250772 -0.3530678340224065 0.447571164994585 0.05120563507080078
1403638186095097088.000000 -5.335446692615034 11.811126019917646 0.6283310193109434 -0.5277350921621468 -0.6341624361155416 -0.348387446682284 0.44492680759290154 0.010655641555786133
1403638186245097216.000000 -5.403209442473667 11.97592470832448 0.6274246064783983 -0.5226503924358573 -0.639328528935392 -0.35387508831644127 0.43916741824158934 0.16627764701843262
1403638186395097344.000000 -5.4694220030078 12.149701744301819 0.6371048321665693 -0.5200087072173755 -0.6421257318783518 -0.35744954828630887 0.43531058947344586 0.012139558792114258
1403638186545097216.000000 -5.5161387023834925 12.299873087325727 0.6448953362322789 -0.5185328951764142 -0.6420196741265672 -0.36085245246306147 0.43441901685558876 0.020238637924194336
1403638186695097088.000000 -5.576863651063607 12.475882229756648 0.6623652176001744 -0.5160370618932729 -0.6440802444882643 -0.36625666568289306 0.4297934902431 0.03984689712524414
1403638186845096960.000000 -5.646751341931066 12.644390785372773 0.6658795095485275 -0.5047335638682087 -0.6515814775476844 -0.37237614087658105 0.4266399153004066 0.05443453788757324
1403638186995097088.000000 -5.730163072278637 12.814258317410196 0.663133134618291 -0.4899230234331256 -0.6647557347060532 -0.3637224921100168 0.43102342513932973 0.025371074676513672
1403638187145096960.000000 -5.822973475513267 12.982165284030488 0.6633718632839716 -0.4683855578277346 -0.6741182340807808 -0.34158211994474114 0.45771304442004723 0.028807640075683594
1403638187295097088.000000 -5.888045835472612 13.130994369534315 0.6922613178095944 -0.4393451525320285 -0.682734821133114 -0.32165571029364726 0.48722336252937687 0.028853416442871094
1403638187445096960.000000 -6.001455493770775 13.274716067216106 0.7323092919295722 -0.4115299613488342 -0.6914261487666906 -0.30851733471535275 0.5073362059759035 0.07813334465026855
1403638187595097088.000000 -6.096776822164956 13.412360649375664 0.7784159468634447 -0.3983039422602558 -0.7026393449541218 -0.2950897331644523 0.5104644648585382 0.012605905532836914
1403638187745097216.000000 -6.186006534350866 13.538572004788993 0.8183144245982075 -0.3933620530767561 -0.7126641147703068 -0.28802290284423543 0.5043996056254156 0.015020608901977539
1403638187895097344.000000 -6.274476189004219 13.657405062894881 0.8472408643208181 -0.3869096894656298 -0.7170439059331126 -0.29347009582388506 0.5000242314317529 0.016862154006958008
1403638188045097216.000000 -6.370342816795419 13.764560154472925 0.8702170306468273 -0.38008181666196367 -0.7144766958877774 -0.30556109056537706 0.5016904260684306 0.04901933670043945
1403638188195097088.000000 -6.4672381346275944 13.853848629236333 0.8831123994812049 -0.3746966934884367 -0.7106676231617218 -0.3175677302400579 0.503691030284121 0.016361713409423828
1403638188345096960.000000 -6.5214101824272115 13.935418535274023 0.907654680598371 -0.3789412031873266 -0.6914864040097668 -0.3181545019524247 0.5263343333699478 0.01758861541748047
1403638188495097088.000000 -6.622185692405491 13.978966290307977 0.8962559008236941 -0.3803213911206086 -0.6754330953665427 -0.3178504791728848 0.5460007747514866 0.062185049057006836
1403638188645096960.000000 -6.723758332732375 13.985113290574455 0.8849307906928187 -0.3784091561022357 -0.6724426800047801 -0.31469307782716976 0.5528070363640877 0.03781008720397949
1403638188795097088.000000 -6.767995523266723 13.90985293878978 0.8690450641820527 -0.3752607778369926 -0.6844534765466982 -0.3031452566058157 0.5466312655325416 0.013693809509277344
1403638188945096960.000000 -6.81875711740504 13.855377100389518 0.907833615549402 -0.3723003015977681 -0.6952350666441813 -0.29278318618735116 0.5406650473485914 0.059165239334106445
1403638189095097088.000000 -6.8756342263538 13.760388851086663 0.9702357519854353 -0.36524299741367844 -0.7029111087192084 -0.28257100328416723 0.5409872033443899 0.012664079666137695
1403638189245097216.000000 -6.863146479166792 13.63994118239737 0.9794703763093742 -0.35044424195612806 -0.7125033203887515 -0.26354812810887224 0.5477866700505851 0.051351308822631836
1403638189395097344.000000 -6.870675026925952 13.53802474738717 1.0138478970504508 -0.33410900160131546 -0.7315569468732753 -0.24201538273794584 0.5427929283332917 0.010935544967651367
1403638189545097216.000000 -6.868361055715892 13.431092953801349 1.049227051348122 -0.32376461338314844 -0.7512500956047784 -0.2231706807493344 0.5300892530777724 0.013378381729125977
1403638189695097088.000000 -6.872087019044295 13.315219261501303 1.0842274280320234 -0.31885284743710807 -0.7616051688974128 -0.21015662217797557 0.5235691191664525 0.015158891677856445
1403638189845096960.000000 -6.897199625071062 13.20419759232856 1.131104506240261 -0.3202049657716182 -0.7697783011932064 -0.1999166718346873 0.5147265985257029 0.04582476615905762
1403638189995097088.000000 -6.875241012631848 13.155364817299995 1.1243347915241089 -0.3233389946276087 -0.7727971429042897 -0.2007868117365726 0.5078593572090963 0.05482029914855957
1403638190145096960.000000 -6.900007030635567 13.114198161687746 1.135807485853382 -0.31880417728329036 -0.7639579984494992 -0.2087445606808212 0.5207281263173044 0.0161745548248291
1403638190295097088.000000 -6.920129577196218 13.05938438515296 1.143745009636002 -0.30578328306477626 -0.7543725543142267 -0.2266767530741253 0.5348235996207797 0.010854244232177734
1403638190445096960.000000 -6.968292884477082 12.952788867845706 1.1367007927718826 -0.2808478216562572 -0.7542715312218244 -0.2433479544285622 0.541276945134978 0.05771470069885254
1403638190595097088.000000 -6.994590556547874 12.870762770650785 1.1218714960337923 -0.2714543620905035 -0.7589256835219543 -0.23770510122954497 0.5420706790098724 0.010745525360107422
1403638190745097216.000000 -7.05796719537258 12.754286085737641 1.1049500569684578 -0.26810003807557 -0.7613571482896875 -0.22870574371216523 0.5441978915111104 0.04540514945983887
1403638190895097344.000000 -7.0872089630763355 12.639355203260152 1.0980348099325405 -0.2741200866414349 -0.7614133360375128 -0.21161323982085808 0.548021666119541 0.010603904724121094
1403638191045097216.000000 -7.201247065976571 12.526806773855053 1.0668613029161296 -0.27487398969655213 -0.7600193948358591 -0.20596894826598885 0.5517169578795241 0.01715397834777832
1403638191195097088.000000 -7.23307657613304 12.39805298570819 1.0879428578395045 -0.2759324792318402 -0.7629540325666292 -0.203001464259511 0.5482269754433682 0.012122869491577148
1403638191345096960.000000 -7.231300973270877 12.201366990558297 1.1098361846705775 -0.2801240847028416 -0.7729045040356147 -0.1983555087786882 0.5336705134706275 0.055092573165893555
1403638191495097088.000000 -7.27380289657199 12.069130671013252 1.1512855235359116 -0.2828901033906358 -0.7761429234298878 -0.19758425628364845 0.5277649225575535 0.013248920440673828
1403638191645096960.000000 -7.314741566952647 11.89480893170272 1.1722726898003282 -0.28193980290112375 -0.7761946897519756 -0.20127245233997185 0.5268027629672832 0.025155067443847656
1403638191795097088.000000 -7.384099047683697 11.779126208964191 1.2017573958999626 -0.27735922097030447 -0.7786839733572759 -0.2097397683673208 0.5222378402074038 0.012296676635742188
1403638191945096960.000000 -7.426371019454093 11.642353674093208 1.2037466952998443 -0.27680472395947403 -0.7789814299309873 -0.21185577490985472 0.5212333520159074 0.048333168029785156
1403638192095097088.000000 -7.46547137206076 11.505638628890276 1.2168710183640767 -0.2761456640282503 -0.7785575679602904 -0.21338051491467594 0.5215941348068459 0.014680147171020508
1403638192245097216.000000 -7.548522309671649 11.363801492746047 1.2436171447125943 -0.2773250432544443 -0.7751531338408257 -0.21079336941603893 0.5270622305676066 0.018680572509765625
1403638192395097344.000000 -7.641632898239957 11.235692105261153 1.3074099060604445 -0.27787945725616975 -0.7680737386005152 -0.20938183969582633 0.5375918382126306 0.013343334197998047
1403638192545097216.000000 -7.737623203378634 11.106786128512315 1.3627912192780498 -0.27743995302008995 -0.7644316019073868 -0.2097738339189479 0.5428317760379013 0.04021596908569336
1403638192695097088.000000 -7.834717934191624 10.974922407114553 1.4266726240764498 -0.27673740769118144 -0.7549062629630404 -0.21226790178296678 0.5554055087917285 0.018529176712036133
1403638192845096960.000000 -7.910811517857965 10.836869450367688 1.483803817351898 -0.27662444958502913 -0.7446631824240174 -0.212687712626752 0.5689636152967203 0.016178131103515625
1403638192995097088.000000 -7.9906211609772875 10.745357054869675 1.542545867894572 -0.2801082772602077 -0.7268139143308778 -0.20282196599327812 0.5934173380142912 0.01668548583984375
1403638193145096960.000000 -7.976493621328568 10.62007872844263 1.6132110667046606 -0.27660167255932117 -0.7296444094385458 -0.18908139949084338 0.5961197655497141 0.054406166076660156
1403638193295097088.000000 -7.98114964692991 10.486624135962975 1.673927095393056 -0.2655732828798184 -0.7444302917556193 -0.18466861744206473 0.5841163187834388 0.015264749526977539
1403638193445096960.000000 -7.9526811185937385 10.331891620755528 1.7600490434415248 -0.2527307426125799 -0.7519938103831609 -0.1892979298461208 0.5786179867925655 0.013208150863647461
1403638193595097088.000000 -7.9134242847897855 10.14802515989128 1.8246944467778892 -0.24625823174794886 -0.7542202379865679 -0.18834098755345433 0.5788232790025362 0.02046489715576172
1403638193745097216.000000 -7.857084025589334 9.966866968461742 1.8912864343013664 -0.2489055821046605 -0.7656183255585418 -0.1806198493258876 0.5650230621802694 0.09035491943359375
1403638193895097344.000000 -7.796063930027288 9.787258457295984 1.9348875081167567 -0.2512149233523999 -0.7732108877507531 -0.17716818165984227 0.554659734211963 0.013216257095336914
1403638194045097216.000000 -7.72894806572669 9.613412017840654 1.975052799283444 -0.25274862416832344 -0.7753314600805319 -0.175822423267929 0.5514215587611746 0.013103008270263672
1403638194195097088.000000 -7.641053429575494 9.450783994616557 1.9936071373163946 -0.2506024892264693 -0.7676077034981664 -0.1812528808083837 0.5613592424841959 0.014215469360351562
1403638194345096960.000000 -7.565478245383539 9.230924960436903 1.9558085597523103 -0.2509531786989702 -0.7662091795897416 -0.18105458553147635 0.5631742468111652 0.06798648834228516
1403638194495097088.000000 -7.539605257625449 9.010871044269864 1.9631532947450374 -0.2550257521339204 -0.7717860369889259 -0.17703279168350045 0.5549482584225334 0.013149023056030273
1403638194645096960.000000 -7.484264822625915 8.847064163799248 1.9690277189843406 -0.2582074432767967 -0.7780511125424043 -0.17583159899780165 0.5450216796622525 0.021018028259277344
1403638194795097088.000000 -7.381129016344355 8.668364174572194 1.9883028250494243 -0.26037588764088554 -0.7848218465182376 -0.17459448303169361 0.5345800528057706 0.016567230224609375
1403638194945096960.000000 -7.303715069887702 8.500573335360423 2.0026163686459526 -0.26115622511546155 -0.7887093434005614 -0.17527477557725216 0.5282175222031561 0.054326534271240234
1403638195095097088.000000 -7.23240920322502 8.344996135311906 2.0031047560099133 -0.2617347673244109 -0.7904392025551572 -0.17485887347433338 0.5254761202993821 0.013884544372558594
1403638195245097216.000000 -7.179103337938618 8.197897013321244 1.991810443162613 -0.26555953610150734 -0.7978880101045861 -0.1696113874346962 0.5138918498763857 0.018661975860595703
1403638195395097344.000000 -7.100840348122927 8.065245906555637 1.9817726624456231 -0.2681612423283513 -0.8035991989482985 -0.164930120495624 0.5050900225859422 0.0163729190826416
1403638195545097216.000000 -7.081085098553507 7.950273301447443 1.9548196535313735 -0.2648677247577448 -0.7899359368908392 -0.1701904352832499 0.5261953246924052 0.07524561882019043
1403638195695097088.000000 -7.064410750168666 7.837223100701671 1.9260173679310624 -0.2613153965847038 -0.7831553756024802 -0.17430579882457828 0.5366557645910857 0.013492107391357422
1403638195845096960.000000 -7.054044098592155 7.7365873358720645 1.8993236957642068 -0.2630838877116373 -0.7870295486505098 -0.17116654920099425 0.5311057992642605 0.016701698303222656
1403638195995097088.000000 -7.051359985362985 7.645842626875708 1.8926641647530675 -0.26435282831636164 -0.7941923909955475 -0.16807425822317915 0.5206986383395331 0.018745899200439453
1403638196145096960.000000 -7.069476634625931 7.5682533817540705 1.9031100927637963 -0.26302689690958014 -0.7927130160512106 -0.16979501158886248 0.5230607801438074 0.04902529716491699
1403638196295097088.000000 -7.123229660514887 7.511263755725077 1.9237127125712061 -0.25997870445405613 -0.7850585942170464 -0.17380004734235188 0.5346845990115499 0.015285015106201172
1403638196445096960.000000 -7.139787401621341 7.432523086287604 1.9422896644065681 -0.2601479004684291 -0.7833847388378964 -0.1740051389217807 0.5369856911190101 0.037839651107788086
1403638196595097088.000000 -7.1638088939268965 7.388593217247651 1.9465377506178305 -0.2637360795185649 -0.7868845522681084 -0.17008920030665545 0.531343246593987 0.01884603500366211
1403638196745097216.000000 -7.239184201534958 7.347645236646951 1.9195170839723548 -0.2679170220679456 -0.7941335148111056 -0.1657931731093522 0.5196970787779512 0.03144979476928711
1403638196895097344.000000 -7.282147274074454 7.365585205836659 1.900718881465073 -0.26712837494711344 -0.7923967711437349 -0.16694667696168994 0.5223778282340731 0.013727664947509766
1403638197045097216.000000 -7.3392609255728525 7.310784545877233 1.8868609559968446 -0.2645070135903444 -0.785136438049045 -0.1707574767474774 0.5333279455869627 0.06309843063354492
1403638197195097088.000000 -7.402353522365105 7.2753996785233594 1.879923605119417 -0.2616066981076393 -0.7827031081461705 -0.17514209932069816 0.5369013177941373 0.014549016952514648
1403638197345096960.000000 -7.472261703551782 7.24309662818714 1.9037955500256087 -0.25235385418483597 -0.7795039795308513 -0.1883746658934444 0.5414850537393975 0.0471799373626709
1403638197495097088.000000 -7.516007206261296 7.2264130374136935 1.9430679326188158 -0.247122358191947 -0.7764613817687879 -0.19537068001209695 0.5457733596420467 0.02093362808227539
1403638197645096960.000000 -7.584861700684655 7.197038635651133 1.9880164702015817 -0.24735514862023955 -0.7748391089391097 -0.19498932207169842 0.5481048713408095 0.0461578369140625
1403638197795097088.000000 -7.639155907080547 7.174767171356301 2.0484249214353953 -0.24724475639312493 -0.7752156022883014 -0.1935130597516396 0.5481455063306172 0.016411781311035156
1403638197945096960.000000 -7.689282640906748 7.131535180316134 2.09315793776902 -0.2489577260132336 -0.7668028250870897 -0.1892649235452304 0.5605464002312351 0.03355860710144043
1403638198095097088.000000 -7.723797077140685 7.062206077275647 2.1032427136064036 -0.24908189191597488 -0.7594272278570794 -0.18829376193249484 0.5707661131550991 0.018198728561401367
1403638198245097216.000000 -7.770442769648066 6.998015241782954 2.072677499192836 -0.2519927138375174 -0.7642933199890618 -0.18451564580335095 0.564189125778469 0.07324004173278809
1403638198395097344.000000 -7.801817976411009 6.934792391528943 2.015022359094378 -0.25078593326398935 -0.7697406236164095 -0.1857748711835759 0.556860382203885 0.013848543167114258
1403638198545097216.000000 -7.838179312969864 6.859309032399241 1.9636105313045216 -0.2432789834956728 -0.7753243635267046 -0.1957510923670692 0.5489708346973651 0.044706106185913086
1403638198695097088.000000 -7.865534497562026 6.781994941250578 1.89603177135143 -0.22468452070243475 -0.7759022126481679 -0.22140002028199077 0.5463283386238796 0.011046886444091797
1403638198845096960.000000 -7.8917274646819955 6.67726885022086 1.8451039873455588 -0.2123177793682637 -0.7740819548298619 -0.23612356853881844 0.5476896458318371 0.014719247817993164
1403638198995097088.000000 -7.940185811797156 6.55549196767602 1.8314237937152515 -0.2133153430701077 -0.7758763584955888 -0.23294270204452322 0.5461228234588839 0.018964529037475586
1403638199145096960.000000 -8.050344688132308 6.353913904572785 1.8545095117485582 -0.2175838817603487 -0.7766335031506748 -0.22878810523560852 0.5451180230782224 0.05219316482543945
1403638199295097088.000000 -8.096428334137315 6.180246775680208 1.8696509713216216 -0.21727972774159326 -0.7726715521135465 -0.22456129905868222 0.5525761625622837 0.018136978149414062
1403638199445096960.000000 -8.176215507495732 5.96365799742643 1.8971169826223175 -0.21518042366885085 -0.7726849276253059 -0.22905908893709334 0.551531795697835 0.01846766471862793
1403638199595097088.000000 -8.248437922427673 5.726377492351647 1.9433250801081818 -0.21096023054951676 -0.7784598551135168 -0.2310917083306799 0.5441439675710328 0.033692359924316406
1403638199745097216.000000 -8.289169829889854 5.477768259439293 2.0122890348088887 -0.2070898010247504 -0.7822407117970062 -0.2128515448784954 0.5476381131383026 0.026741981506347656
1403638199895097344.000000 -8.371616490481172 5.186493965964951 2.0730524377057593 -0.21117063572273945 -0.7867674232884845 -0.18649524352586322 0.5492026114310473 0.02789449691772461
1403638200045097216.000000 -8.434994952323768 4.910512668663585 2.1217315562631853 -0.20710738677450488 -0.7890722995289433 -0.17312408599462006 0.5518147219022601 0.019853591918945312
1403638200195097088.000000 -8.530668876728877 4.623560887400717 2.1617601087908715 -0.18409509843158747 -0.7916627096666976 -0.171479458645818 0.5567530369195872 0.023903369903564453
1403638200345096960.000000 -8.65773821632369 4.312922150263564 2.180956414898264 -0.16056800638400207 -0.788470990266858 -0.1604708244810917 0.5716472052969614 0.04485154151916504
1403638200495097088.000000 -8.745004020538234 4.010446392493503 2.246578379665011 -0.13460849479962558 -0.7918241684078695 -0.1565425112226399 0.574795164935366 0.025630950927734375
1403638200645096960.000000 -8.81535960932271 3.7003264865916203 2.3356226686344037 -0.11011306381072687 -0.7970279842750193 -0.15295716209139293 0.5737818505544262 0.0368955135345459
1403638200795097088.000000 -8.897998243626992 3.3603795249258126 2.4187050594330697 -0.08962363844080294 -0.803544553461211 -0.14749401116510985 0.5696747060436173 0.022049665451049805
1403638200945096960.000000 -8.972464495270698 3.003693422232375 2.495124756707105 -0.08827275691209709 -0.8075359439723784 -0.1307459648877748 0.5683301085155903 0.02346014976501465
1403638201095097088.000000 -9.049631433131877 2.6217890977125946 2.5449451971774866 -0.09649200173811015 -0.8064115858218186 -0.11178914693257946 0.5726192753313484 0.03259611129760742
1403638201245097216.000000 -9.101803128525958 2.2489516472480573 2.5813071353113317 -0.10279759681687164 -0.8044355413674251 -0.10384821876674483 0.5757878613973623 0.02716660499572754
1403638201395097344.000000 -9.173326157841714 1.8716265364863336 2.6087919565171886 -0.10357563662703756 -0.8052950802268665 -0.10697510454220661 0.5738712819682587 0.025943994522094727
1403638201545097216.000000 -9.27318163595719 1.4634959518901642 2.6223805471648047 -0.10528857823431698 -0.8031904703293612 -0.11048482509107398 0.5758406785649052 0.04135489463806152
1403638201695097088.000000 -9.322690251598797 1.0886868226863538 2.6075550154513776 -0.10752323728071898 -0.8006650390461728 -0.11170029292926377 0.5787031132224724 0.02795886993408203
1403638201845096960.000000 -9.302938481582428 0.715988585370253 2.5480548042285998 -0.11040125738294596 -0.7989428191296533 -0.110609922721125 0.5807472592488521 0.03962564468383789
1403638201995097088.000000 -9.39526339507737 0.3104161730668914 2.494022997378537 -0.10383997604364116 -0.8019767659356904 -0.10722363820953847 0.5784061010083632 0.03791046142578125
1403638202145096960.000000 -9.430855844208953 -0.08806168257985265 2.469255536179908 -0.10131318851993033 -0.8061022385806942 -0.09052209703843213 0.575969242872294 0.0248415470123291
1403638202295097088.000000 -9.455788258860467 -0.48581984330291206 2.4593978481266383 -0.10093489042923462 -0.8125303280124966 -0.07651018385226493 0.5689927993576331 0.027846813201904297
1403638202445096960.000000 -9.463715964757856 -0.8516176847946193 2.44785317590967 -0.09917764736262039 -0.8143323383670148 -0.07061018258419678 0.5674864219245707 0.03742790222167969
1403638202595097088.000000 -9.509552786218428 -1.2407526810852938 2.4368330208051514 -0.10025558498116456 -0.8155379480305159 -0.06584238254022773 0.5661373099025413 0.03099536895751953
1403638202745097216.000000 -9.485740830313809 -1.588081345566437 2.4155725897322946 -0.10145100868889691 -0.8157983990188892 -0.06589649238908696 0.5655424982130324 0.060364723205566406
1403638202895097344.000000 -9.511851978613791 -1.9076690723272858 2.3757792271528215 -0.10035328328143268 -0.8143213170711887 -0.06880247608851073 0.567517603587916 0.038008689880371094
1403638203045097216.000000 -9.568319978491825 -2.333445336645569 2.3382699469729444 -0.10118199583085438 -0.8129245366109895 -0.06810153855814133 0.5694541965263817 0.04079866409301758
1403638203195097088.000000 -9.593770624676806 -2.670935375001336 2.3219338353435743 -0.09886363756666626 -0.8101456127136221 -0.07212969532699041 0.573312632356895 0.03095531463623047
1403638203345096960.000000 -9.61540741546964 -3.0052887759776694 2.316864780928587 -0.09851527379625902 -0.8070527070700342 -0.07270372486305303 0.5776459445290126 0.025176286697387695
1403638203495097088.000000 -9.643927979475725 -3.3168406392875647 2.3180101901718735 -0.0998677485161585 -0.8061280734991085 -0.06995260853606726 0.5790428261207707 0.013808727264404297
1403638203645096960.000000 -9.645024155322279 -3.622791958732774 2.298634832714557 -0.10155595971511366 -0.8074183677235891 -0.06737812703114783 0.5772539774715216 0.022766590118408203
1403638203795097088.000000 -9.64759333874253 -3.9189440184731046 2.296484799906659 -0.10080746632165041 -0.8071494571802634 -0.0680871820878804 0.5776778896086878 0.016886234283447266
1403638203945096960.000000 -9.628247324638819 -4.213685849673631 2.3030646814766937 -0.09974022699656725 -0.807141064830199 -0.06757144371653206 0.5779353671281151 0.021274089813232422
1403638204095097088.000000 -9.627837070940311 -4.454081710988012 2.2807836230618066 -0.09978399800058749 -0.8094194860396691 -0.06451197033920393 0.5750838678360317 0.022242307662963867
1403638204245097216.000000 -9.672352788769084 -4.672436391273814 2.3113248428449595 -0.10596039448376296 -0.813978950300779 -0.05513343116417301 0.5684812820455505 0.03081655502319336
1403638204395097344.000000 -9.66443548298479 -4.912922925622673 2.356071599030935 -0.11849045835942064 -0.8198156360047502 -0.03847080197971974 0.558911738680571 0.04457974433898926
1403638204545097216.000000 -9.647396081358986 -5.106063333133562 2.4028014065172068 -0.12392188113037861 -0.8202642726507625 -0.033311292035440095 0.5574049230252219 0.03625822067260742
1403638204695097088.000000 -9.645326951978637 -5.305937377999466 2.4344806607895864 -0.11554180869903972 -0.819426726099664 -0.03213022180960396 0.5604976180525716 0.02044677734375
1403638204845096960.000000 -9.669592569787534 -5.310925379169557 2.480448682575962 -0.08981371531738767 -0.8210076531281573 -0.038009337946924494 0.5625257507658821 0.2445685863494873
1403638204995097088.000000 -9.631943832116626 -5.538757409758383 2.479074229194627 -0.04522997216722578 -0.8204701906637577 -0.03307600922019569 0.5689366339619858 0.022508859634399414
1403638205145096960.000000 -9.677233083458255 -5.721728405388178 2.4616414210137476 0.006902238496728325 -0.8215366840133055 -0.007617608798031509 0.5700629859588823 0.01967024803161621
1403638205295097088.000000 -9.707591988790773 -5.844460759943817 2.4243675374144664 0.06616807696501648 -0.817190955581028 0.03258961824047504 0.57162806482035 0.025477886199951172
1403638205445096960.000000 -9.71502309635012 -6.027974405019944 2.435500086673073 0.12551188402103414 -0.8051782058391415 0.07185131580457478 0.5751279963871547 0.06531023979187012
1403638205595097088.000000 -9.711761743409413 -6.195336246544611 2.465306027016973 0.17701117871278652 -0.790747095437742 0.08517774847231814 0.5797679060043519 0.020621538162231445
1403638205745097216.000000 -9.718995185100432 -6.336904799873847 2.5016703082105614 0.20864603468994253 -0.7760668260576076 0.08938622195823401 0.5883852624132148 0.01765298843383789
1403638205895097344.000000 -9.693718181626512 -6.511371343856141 2.54782864616126 0.23322262369588176 -0.7701893189638732 0.10506096335973888 0.5842754613436181 0.019906282424926758
1403638206045097216.000000 -9.618991670333443 -6.727538573792908 2.604231751705483 0.25875161136131214 -0.7648358567167443 0.13131594303869382 0.5751780932912403 0.10201334953308105
1403638206195097088.000000 -9.537161972435277 -6.93821056998561 2.675697711524705 0.2845380077048286 -0.7549591186460248 0.15649124885388604 0.5697239159248413 0.017385005950927734
1403638206345096960.000000 -9.442528777560032 -7.152017348476892 2.7478284203451424 0.302021513828857 -0.7461336845051804 0.18598633331410586 0.5634506312460957 0.0162506103515625
1403638206495097088.000000 -9.342843162259914 -7.345026252749505 2.7991700030068576 0.30751760565403724 -0.7408999137597283 0.2085388969083691 0.5594745467667639 0.03160524368286133
1403638206645096960.000000 -9.220550427628197 -7.540239608634161 2.831754953239343 0.31015851529877175 -0.7367234207041448 0.21992247496829775 0.559172962309037 0.018972396850585938
1403638206795097088.000000 -9.091299625267238 -7.728990988639258 2.8487442481402123 0.31904364362493837 -0.7333098434007191 0.2304773173309218 0.5543897845650457 0.014529228210449219
1403638206945096960.000000 -8.96195553626459 -7.910155104414534 2.861963269107085 0.3257173220815052 -0.7285962427423354 0.2380498492459076 0.5535232700002825 0.0318295955657959
1403638207095097088.000000 -8.821027502401638 -8.073922126289888 2.8527387079781827 0.32777522327436504 -0.7234291855382403 0.24404591931549777 0.5564667157920338 0.011393070220947266
1403638207245097216.000000 -8.665751796604443 -8.18954097389991 2.824755961514838 0.33057226799668626 -0.7204211012218301 0.250164194176715 0.5559975615933648 0.028150320053100586
1403638207395097344.000000 -8.475808520892613 -8.289870496114544 2.832914697667579 0.34199272011541587 -0.7107702886498458 0.26305212623751306 0.5555629172673401 0.02670884132385254
1403638207545097216.000000 -8.296311648296694 -8.406615065303681 2.802466410346926 0.3631329125519473 -0.6996650334506428 0.28062822212207045 0.5475866413058821 0.030306100845336914
1403638207695097088.000000 -8.10546238940348 -8.498044478355547 2.7712537834039392 0.38459132024520665 -0.7002023810361906 0.2899463051664774 0.5270078577247274 0.016513347625732422
1403638207845096960.000000 -7.87626150249685 -8.5733682254302 2.7758879965360808 0.39573356155880896 -0.703284128278356 0.2972433730283296 0.5103261313694164 0.03860616683959961
1403638207995097088.000000 -7.678235904678306 -8.622475833272533 2.797270486148549 0.40230400692959734 -0.7071795440019646 0.2970193406608669 0.4998280602636749 0.02339768409729004
1403638208145096960.000000 -7.498850541832999 -8.6735368335336 2.8095963325830016 0.40025476769496143 -0.7052246083972343 0.30052492715618967 0.5021345843558148 0.02034473419189453
1403638208295097088.000000 -7.324294532084959 -8.710815653981562 2.80786437481982 0.39713738183959985 -0.7017981876055308 0.30144653184428927 0.5088135142252316 0.020412683486938477
1403638208445096960.000000 -7.13650426433256 -8.750749248672248 2.7921407809202456 0.3994107438470093 -0.7060416180882465 0.29619513510968665 0.5042268667616433 0.2206707000732422
1403638208595097088.000000 -6.963306933196208 -8.766940211098436 2.768565988137638 0.40897974339237664 -0.7041646949187512 0.29949852925730064 0.4971803323718685 0.01386713981628418
1403638208745097216.000000 -6.793258799373398 -8.770668342467998 2.7599636320039274 0.4200002006366248 -0.6969691447252252 0.31098514590500387 0.491041833037295 0.01853346824645996
1403638208895097344.000000 -6.633269053802724 -8.77708870506446 2.7684862988876664 0.4293220890701511 -0.689425561294536 0.31771026132793534 0.4893210899982653 0.016440153121948242
1403638209045097216.000000 -6.483107699937793 -8.774973537195853 2.776963415836463 0.4344326846041842 -0.6849023073247911 0.3218657888181409 0.4884459908293394 0.08699822425842285
1403638209195097088.000000 -6.353190203066585 -8.795673772911018 2.7692260524181207 0.4370641571875129 -0.6839466966474248 0.3241818603660689 0.48589912539192653 0.02581477165222168
1403638209345096960.000000 -6.21267810922195 -8.777458205810449 2.7427203033531824 0.4371196497211788 -0.6844761078537284 0.32630527800226555 0.48367730477345056 0.014162302017211914
1403638209495097088.000000 -6.092359752976329 -8.799432565406063 2.69016398889293 0.43234601399814343 -0.6844663352288541 0.32688968866171353 0.4875714220141977 0.019052743911743164
1403638209645096960.000000 -5.9569241481977135 -8.771113754377097 2.620646811009584 0.4300381974508012 -0.683864485104089 0.32843426611868487 0.48941541412757517 0.07295656204223633
1403638209795097088.000000 -5.8259279679931675 -8.741551159996956 2.5107001041112156 0.43150161839020007 -0.6838938261539443 0.3240351073718203 0.4910161270932856 0.014998912811279297
1403638209945096960.000000 -5.703040841075186 -8.707962860997986 2.355152922337137 0.43142566129633303 -0.6799849088669472 0.3223996989285038 0.4975448287531904 0.013427257537841797
1403638210095097088.000000 -5.5753098500060645 -8.663288537546807 2.2034715900816093 0.42785914085405913 -0.6735607100551746 0.3263495649652798 0.5067035493309359 0.017271995544433594
1403638210245097216.000000 -5.4654725763979055 -8.600407918077211 2.0659248762632862 0.42443091335884114 -0.6705121558231134 0.330799543158143 0.5107284120990184 0.08422517776489258
1403638210395097344.000000 -5.350824420497651 -8.508632240200564 1.9291756828922273 0.4248179361589444 -0.67113050965741 0.3299637082907976 0.5101347972209165 0.013756752014160156
1403638210545097216.000000 -5.153667800960102 -8.466634129474496 1.866770085010777 0.42269958331304797 -0.6717729552867802 0.3300750285133854 0.5109761583128211 0.01546788215637207
1403638210695097088.000000 -5.033449783795328 -8.356362979703047 1.7238696424100308 0.41963719904904867 -0.672061390418092 0.3324860084877753 0.511557585070769 0.02057170867919922
1403638210845096960.000000 -4.9391848775820115 -8.220716142772618 1.532177018162455 0.4198862911087236 -0.6733164616972533 0.3318079913204425 0.5101410607296228 0.022696971893310547
1403638210995097088.000000 -4.8056926280573125 -8.076259850171665 1.38195889136229 0.42224663632586934 -0.6785706695475866 0.3298579054357777 0.5024374456215926 0.024048566818237305
1403638211145096960.000000 -4.642469345642957 -7.8890798823330615 1.2693466859170568 0.4245790200072214 -0.6825960492651437 0.3281413165998196 0.49610338200566817 0.018416881561279297
1403638211295097088.000000 -4.507541485858126 -7.725482351245843 1.1800720003315008 0.42488535875379857 -0.6854465428773989 0.3268794396442159 0.4927324839220179 0.014455556869506836
1403638211445096960.000000 -4.4041151553059805 -7.5720904552785875 1.1001877514812837 0.4162751252648619 -0.6922214634433418 0.32024050587279923 0.4949651341583725 0.022017478942871094
1403638211595097088.000000 -4.314067103550717 -7.411839673947412 1.0173954615130523 0.39723354979108066 -0.7037599867696622 0.31103722301800624 0.5001832002772475 0.0263216495513916
1403638211745097216.000000 -4.201618499688161 -7.239955546098995 0.9219811330015015 0.36881214623658765 -0.7188856100414344 0.29833517102279977 0.5081114112028124 0.02742314338684082
1403638211895097344.000000 -4.121437883053649 -7.0542018595873035 0.8311095122147016 0.3333086049995339 -0.7378909104319737 0.2829522525160222 0.514159898213821 0.024197816848754883
1403638212045097216.000000 -4.059572561238359 -6.86959128686369 0.7801647312309153 0.29972119087541704 -0.7531207935135817 0.26208896184978786 0.523722879196809 0.03708767890930176
1403638212195097088.000000 -3.971263885101445 -6.624198317133711 0.6876651746734236 0.2727807808192888 -0.7622797399238296 0.23614952582798762 0.5373580232661411 0.034173011779785156
1403638212345096960.000000 -3.9139217552605965 -6.399008671031601 0.6408653708771 0.24292164387242526 -0.7734320135066266 0.21229820587101927 0.5456385866169571 0.028328657150268555
1403638212495097088.000000 -3.8747614624821862 -6.184660992605521 0.6069072504605337 0.21196455098390504 -0.7817829948006166 0.1889510956133952 0.5551431001401965 0.01744532585144043
1403638212645096960.000000 -3.793757841048519 -5.921927651672751 0.5993033850488365 0.1805269398105879 -0.7900252043862929 0.1687512399651427 0.5610643630166219 0.0298159122467041
1403638212795097088.000000 -3.716323578986464 -5.6635113946520335 0.5843790769206806 0.14855371896015832 -0.7975490469488429 0.14340363928771271 0.5668180541700646 0.07482743263244629
1403638212945096960.000000 -3.642636765100834 -5.411376807502271 0.6064133187064116 0.11359617718402827 -0.8042057856852973 0.11907928079181324 0.5711121498318636 0.05990004539489746
1403638213095097088.000000 -3.566147511822759 -5.151853965803119 0.6162676735043738 0.07401615384277199 -0.8106051882481471 0.09294234716390437 0.5734130778585134 0.03998374938964844
1403638213245097216.000000 -3.5127068961833214 -4.887146330241393 0.6639432691650754 0.03426016439131014 -0.8198269193892809 0.0740454837321568 0.566769203220705 0.03523826599121094
1403638213395097344.000000 -3.4722433899942655 -4.599048072373332 0.6870643716265491 -0.00930533106783532 -0.8305316450358166 0.061574659953613824 0.553479140220673 0.029042959213256836
1403638213545097216.000000 -3.4629732792121812 -4.308026329175739 0.6674916355455228 -0.053252699262657514 -0.8332125488419904 0.0468932845824696 0.5483812709552928 0.06262063980102539
1403638213695097088.000000 -3.4627512888064094 -4.006182801734974 0.6673645139466772 -0.06586991008932565 -0.8210820862449819 0.012640070816945783 0.5668558822153607 0.032282352447509766
1403638213845096960.000000 -3.453937901790573 -3.7072842881090096 0.6772268504796898 -0.06596033544280688 -0.8125830662404965 -0.014250416400718613 0.5789256603743451 0.023340702056884766
1403638213995097088.000000 -3.4396992596354807 -3.409631174165595 0.6956853457563601 -0.06630630173425424 -0.8122340936133066 -0.022323059437490998 0.5791208272371549 0.021721601486206055
1403638214145096960.000000 -3.462913658714581 -3.1159164487552933 0.7387597730267466 -0.06325847994099353 -0.8218294257383166 -0.023137046949790227 0.5657379576841446 0.08019781112670898
1403638214295097088.000000 -3.4847694345002505 -2.8088916790684126 0.746536752870201 -0.05909632088830212 -0.8315739809962648 -0.019673797160052048 0.5519105730938627 0.029073238372802734
1403638214445096960.000000 -3.4961491325904936 -2.520379074018872 0.7619456256663052 -0.05303233853630258 -0.8352001896738539 -0.017329049243716643 0.5471086896499072 0.017323970794677734
1403638214595097088.000000 -3.5219007463405516 -2.232074460295589 0.7655729385563088 -0.04656406075239258 -0.8269500657864353 -0.016259003232961155 0.5601080447163106 0.017276763916015625
1403638214745097216.000000 -3.546685859147469 -1.9432448108773237 0.7544022448784831 -0.04105716281107344 -0.817490942869155 -0.014637608567617753 0.5742896552474422 0.039064884185791016
1403638214895097344.000000 -3.591079194414602 -1.5961439592784379 0.7068786296331987 -0.036747202541739556 -0.8124937265588487 -0.01140605313227663 0.5816987960790488 0.04288887977600098
1403638215045097216.000000 -3.614499515600677 -1.2595583570711855 0.6636354150734648 -0.035220647055756005 -0.8101552570041922 -0.009185755674475151 0.5850842567204606 0.03995394706726074
1403638215195097088.000000 -3.633561319519326 -0.9816201292075156 0.6218587136957352 -0.032862880162635874 -0.8116670087312006 -0.010367302415925655 0.5831030930164736 0.026451826095581055
1403638215345096960.000000 -3.6521899269080533 -0.718121858374151 0.5756008586173375 -0.02949261288379113 -0.814294029348572 -0.015658325698437843 0.5794913600640439 0.028822898864746094
1403638215495097088.000000 -3.6898259491604932 -0.5034165432118265 0.5530468290691622 -0.02553993463046577 -0.8142481644939488 -0.022220810697001225 0.5795290104293959 0.03987455368041992
1403638215645096960.000000 -3.6899586624588996 -0.2739720723283961 0.5266036751303488 -0.025545832954111756 -0.8123410442897965 -0.02256349637237598 0.5821858181133386 0.034694671630859375
1403638215795097088.000000 -3.696833446406071 -0.051368728574478134 0.5142878808230376 -0.03086301289362356 -0.8114906373124614 -0.018364314316269788 0.5832608095432408 0.023689985275268555
1403638215945096960.000000 -3.7030266540572367 0.16498960256594153 0.4919837789402395 -0.03908264074369211 -0.8111336501810698 -0.02033823083999846 0.5831990270077037 0.0237579345703125
1403638216095097088.000000 -3.6999488281567774 0.3812510276221633 0.4594673581996199 -0.04329389925224273 -0.8107514626496064 -0.024591224555072646 0.5832692138060629 0.018301010131835938
1403638216245097216.000000 -3.694680470862392 0.5346988874775984 0.45943242839514237 -0.04458259999638409 -0.8096746182977126 -0.028200208807871822 0.5845033383011669 0.035921335220336914
1403638216395097344.000000 -3.694331527652387 0.6493583649582011 0.4592022666241933 -0.04483855951822854 -0.808172907716576 -0.03200294459397195 0.5863632546046691 0.04241132736206055
1403638216545097216.000000 -3.67984156835856 0.807232894377257 0.4634041562739037 -0.045047109174165996 -0.8081643970286743 -0.03364296873681601 0.5862671882212954 0.33529067039489746
1403638216695097088.000000 -3.6630390399068924 0.9698461727864037 0.4557069126991836 -0.04311093496721506 -0.8105354396071728 -0.03787610001733353 0.5828714690860555 0.01445460319519043
1403638216845096960.000000 -3.6564411654917452 1.2380258303558818 0.3818153997520981 -0.04333879710955624 -0.8076168379755642 -0.043125374397662314 0.586529618831402 0.01692986488342285
1403638216995097088.000000 -3.6221849480560713 1.3784724947242826 0.3596176509434425 -0.05633949018798523 -0.8045038191324632 -0.04869601980405547 0.5892606931587089 0.02829766273498535
1403638217145096960.000000 -3.5930194990606474 1.4780882098978032 0.31757903688097033 -0.0789753030489431 -0.8065414828557453 -0.055962173735423205 0.5831997711350628 0.07732486724853516
1403638217295097088.000000 -3.552003451496499 1.6067321267200858 0.2754631500338844 -0.09479400053153601 -0.8080230228530844 -0.06568747887172974 0.5777525829644271 0.015586614608764648
1403638217445096960.000000 -3.511443519297573 1.729824396495494 0.2539827302601137 -0.10315487997384995 -0.8089528735913729 -0.07316791645678915 0.5741086787771226 0.07261347770690918
1403638217595097088.000000 -3.466743676204888 1.8365335297374012 0.24690023946750558 -0.10323495517193577 -0.8102365200444024 -0.08314742233222844 0.570916659221371 0.019690275192260742
1403638217745097216.000000 -3.4142389480432507 1.8820786948264485 0.27189766729035264 -0.09692150354306364 -0.8114057654946701 -0.09576831700948882 0.5683795697684166 0.07211780548095703
1403638217895097344.000000 -3.3722412607739507 1.9587541374549513 0.2978946768431542 -0.09227351527033377 -0.8127830926412942 -0.10093069205832395 0.5662881228639152 0.011717796325683594
1403638218045097216.000000 -3.3352841834935867 2.017198760918851 0.31854365530682716 -0.08816905949161667 -0.809957173870092 -0.10245880719408917 0.5706993834525335 0.011946678161621094
1403638218195097088.000000 -3.295585679119219 2.075908523109732 0.33103735436310283 -0.08652862792469587 -0.8073339260832884 -0.09989826680167269 0.5751043945532279 0.03141665458679199
1403638218345096960.000000 -3.2649547080361416 2.1218116206215445 0.3293801051115733 -0.08621060693090643 -0.8020447137109454 -0.09403833213093932 0.583479905867343 0.07223391532897949
1403638218495097088.000000 -3.226583173375777 2.1293346816375167 0.33604078258056014 -0.08870093514206542 -0.80204312554835 -0.08561861063558633 0.5844043312454047 0.011058807373046875
1403638218645096960.000000 -3.193834033916995 2.1277477940567353 0.36568371756934454 -0.08936223832113638 -0.804816602784748 -0.08201255010806952 0.5809979069403132 0.03843235969543457
1403638218795097088.000000 -3.14514710783764 2.113658639840706 0.38818883243841823 -0.09683231633625251 -0.8112747868442224 -0.08363270366044832 0.5704930267954739 0.010783672332763672
1403638218945096960.000000 -3.116602297736583 2.075772879822941 0.38808943114260197 -0.11295715579921368 -0.8126486815299988 -0.08262032694231441 0.5657001705296296 0.0767359733581543
1403638219095097088.000000 -3.075691253847177 2.0506739480767675 0.3870004947194048 -0.1320656517896787 -0.8085796915521004 -0.07050974275695773 0.5690218995814003 0.011692047119140625
1403638219245097216.000000 -3.0414519954213866 2.036352505311839 0.378872375834347 -0.13211527964042086 -0.8034460672245788 -0.07967504445052774 0.5750407439814136 0.06047630310058594
1403638219395097344.000000 -2.9969168882877724 2.0172759489224106 0.3690283691787048 -0.12772965763676192 -0.7929886613729861 -0.0904550896157261 0.5887885819685078 0.014259815216064453
1403638219545097216.000000 -2.954707933597851 1.999108375602197 0.36798923876235373 -0.12625243634885 -0.7880754285874587 -0.09425530026026653 0.5950742638910876 0.04895377159118652
1403638219695097088.000000 -2.8957338522481866 1.9715328577707556 0.37152656012563 -0.1311283768722316 -0.7912443797543893 -0.08633841782916449 0.5910019948297149 0.01181793212890625
1403638219845096960.000000 -2.8274297639962525 1.9421705130959774 0.36891983628061936 -0.13893357138635215 -0.7962075589184914 -0.07424077184671833 0.5841569084231515 0.010882854461669922
1403638219995097088.000000 -2.731638101059715 1.917951893366691 0.33868015558301956 -0.1463870124167884 -0.7993244903451909 -0.06251608031123251 0.5794332933415265 0.02006220817565918
1403638220145096960.000000 -2.6757197301330695 1.911472226783626 0.33452985648029393 -0.1478849151831481 -0.8030667951328785 -0.06362408473111929 0.5737296839613654 0.055408477783203125
1403638220295097088.000000 -2.597744774876914 1.917266429690179 0.32665358934654487 -0.13396195146461104 -0.8072713221874417 -0.08426632577494034 0.568565206703615 0.01171422004699707
1403638220445096960.000000 -2.5145819189634313 1.9274292395602155 0.3328871726699525 -0.1269062840363466 -0.8083971520607526 -0.09436277946626595 0.5669960365501256 0.057511091232299805
1403638220595097088.000000 -2.4343381281649377 1.926262397961344 0.353462777664508 -0.12632349567935058 -0.8077725515391637 -0.09725597690835289 0.5675272278709279 0.019670724868774414
1403638220745097216.000000 -2.357695521806878 1.9247088910587349 0.37002802178555605 -0.12820212299092268 -0.8075300630805595 -0.09755144051915088 0.567400325461985 0.020733356475830078
1403638220895097344.000000 -2.2751512093799064 1.9019182013630627 0.3591027207666401 -0.1302015810295751 -0.8071188579778147 -0.09816954796107281 0.5674235078379339 0.014871597290039062
1403638221045097216.000000 -2.1925366275179585 1.8897048431844292 0.33747820237060794 -0.132384744233015 -0.8078757258296778 -0.09724034983122487 0.5659994748003143 0.05359196662902832
1403638221195097088.000000 -2.1195861944408785 1.8727173178903345 0.31913421021501087 -0.13386684059719142 -0.8094025119054966 -0.09733685639964312 0.5634472283149804 0.015457630157470703
1403638221345096960.000000 -2.030010709769548 1.8512737361138865 0.30305007248028104 -0.13687692428024037 -0.8109696652283237 -0.09484993587968535 0.5608889367269262 0.05308175086975098
1403638221495097088.000000 -1.9575183143653183 1.8332913756508493 0.3033423576558132 -0.14032459593647084 -0.8115348445863243 -0.090935576882099 0.5598668811910886 0.017946958541870117
1403638221645096960.000000 -1.8598741485050478 1.8138865038072998 0.2869577574223235 -0.1420580517596964 -0.8097355748252937 -0.08962521147789304 0.5622411673473701 0.020795822143554688
1403638221795097088.000000 -1.7953586685534721 1.7984657669735578 0.2698504901834709 -0.14386388327202632 -0.8063170993251345 -0.08673263335551658 0.5671272950026403 0.012693405151367188
1403638221945096960.000000 -1.7382412905352076 1.7850859455808856 0.27599861123379865 -0.13991173786825917 -0.8049412346067909 -0.09136756811552837 0.5693384599103007 0.06562113761901855
1403638222095097088.000000 -1.6759581320537895 1.7748019271169893 0.28972336522348346 -0.1362339560685476 -0.806768543591995 -0.096076107483768 0.5668634825556607 0.014281272888183594
1403638222245097216.000000 -1.6256218336872663 1.7609186910178816 0.3065479758776163 -0.13728017602792086 -0.8124735579048906 -0.09553314783206504 0.5584928725063627 0.03778791427612305
1403638222395097344.000000 -1.5684605524036155 1.75098132848475 0.307080524561494 -0.13891030189196088 -0.8169338434833301 -0.09413145071802043 0.5517810194140054 0.014707326889038086
1403638222545097216.000000 -1.5084533049765483 1.681226685283709 0.29283278491436865 -0.14028689438261102 -0.817235336935525 -0.09525387815132443 0.5507927832002646 0.052884817123413086
1403638222695097088.000000 -1.4726906540349163 1.6703427346639426 0.2775662614074523 -0.14012489928653143 -0.8094034005841774 -0.09514455014494878 0.5622976634314113 0.012720584869384766
1403638222845096960.000000 -1.4489288399692803 1.6610065407646444 0.2539225356293489 -0.13866608333674538 -0.8054216512958182 -0.09698844710054431 0.5680325009055285 0.02036762237548828
1403638222995097088.000000 -1.4174216831068234 1.648394300344749 0.22995024854861398 -0.13774467575859733 -0.7970373456805033 -0.09712385039276772 0.5799351960138479 0.015403032302856445
1403638223145096960.000000 -1.3841994933350679 1.632037580839132 0.21600886211771028 -0.1379216030085491 -0.8037343587132919 -0.09706707735516963 0.5705845200678084 0.05569291114807129
1403638223295097088.000000 -1.347439174332328 1.6073698146814996 0.20784828992969703 -0.14480924344317594 -0.816253784942251 -0.08807443914872988 0.552270707850327 0.01739645004272461
1403638223445096960.000000 -1.3056436213946665 1.5827632752864487 0.20273120369719982 -0.1517840785319015 -0.8113778168146125 -0.08118273689390243 0.5586027167099977 0.04333949089050293
1403638223595097088.000000 -1.272246211472269 1.5764640537898191 0.1891243211168747 -0.1559236023935805 -0.8060073770243048 -0.07538249994158627 0.5660012518551224 0.014508724212646484
1403638223745097216.000000 -1.244873304326902 1.5824824022980912 0.17844748459701973 -0.14451241101234308 -0.807051556650741 -0.09247651944614588 0.5650062312241715 0.05218386650085449
1403638223895097344.000000 -1.1931666922308202 1.638131130828892 0.15619127098659208 -0.13290484882927242 -0.8089082218303503 -0.0990340581240265 0.5640886855312879 0.019617080688476562
1403638224045097216.000000 -1.1952768630815258 1.7066634066942359 0.1536120737984761 -0.12938816894358313 -0.8114047412266101 -0.10201498546001236 0.5607798056224906 0.043006181716918945
1403638224195097088.000000 -1.1686587702654188 1.7030726060832784 0.1267419673041391 -0.13270798613967408 -0.8200733273024556 -0.09794390853681663 0.5479738306181812 0.017887353897094727
1403638224345096960.000000 -1.1604305836019562 1.6871823068530563 0.09267413174932765 -0.1331092073379437 -0.8157414948713895 -0.09754290364838104 0.5543763472720477 0.04404258728027344
1403638224495097088.000000 -1.1538946693135175 1.6821441398568775 0.07256932535509059 -0.13816430678193278 -0.804948692466107 -0.09064108899858143 0.5698705289920896 0.011524438858032227
1403638224645096960.000000 -1.1555922958192058 1.658528837162278 0.048235520925420314 -0.1360787686087693 -0.8046934850311823 -0.09437629885676549 0.5701263702867901 0.0190427303314209
1403638224795097088.000000 -1.113588561127073 1.6410402271935205 0.011847733259681342 -0.1391405348760894 -0.8181986247215016 -0.09291448481835468 0.5500525616422297 0.024547576904296875
1403638224945096960.000000 -1.1076584446834778 1.629912743059844 0.008979423532811047 -0.14352910422806084 -0.8099839397830126 -0.08533098356507482 0.5621779404929512 0.04137825965881348
1403638225095097088.000000 -1.1080936847695146 1.6261247364238387 0.008413746243683682 -0.14499800141570643 -0.8022155906980247 -0.08112461666590122 0.573449668408031 0.011460065841674805
1403638225245097216.000000 -1.1036457906828376 1.6202721082805387 0.009232755099354383 -0.1388512623552482 -0.8097043451766357 -0.08829711699415307 0.5632963868825633 0.04158377647399902
1403638225395097344.000000 -1.100290740265348 1.623394179365862 0.013357780067881523 -0.13567079661777937 -0.8123402049585978 -0.09197837945135655 0.5596756239701912 0.011451244354248047
1403638225545097216.000000 -1.10134483988935 1.627655177305802 0.0076172088828234865 -0.13265158614262076 -0.7987986156832374 -0.09625138372251822 0.5788436744129548 0.03318142890930176
1403638225695097088.000000 -1.09701143539064 1.628212908980469 -0.013871976602243825 -0.13026023621812244 -0.7887778343550852 -0.09929620612082561 0.592454270252575 0.011314153671264648
1403638225845096960.000000 -1.0823640490366104 1.6451840983733166 -0.05398924160448378 -0.12990036704972546 -0.8027480897728536 -0.09643435717780968 0.5739527975034915 0.05716991424560547
1403638225995097088.000000 -1.0700553990037442 1.6323233852537404 -0.11075164174437813 -0.1334180206581806 -0.8167342734399876 -0.09094926999826894 0.5539611797219108 0.026134967803955078
1403638226145096960.000000 -1.0743350655429824 1.624618801287307 -0.10448620005568132 -0.14486910308220002 -0.8203984431252281 -0.06620814403061703 0.5491591929066487 0.03621077537536621
1403638226295097088.000000 -1.072944151786703 1.62028727582905 -0.10789281725480405 -0.1387416154663502 -0.8168201414232669 -0.08463757140927136 0.5535269661082487 0.010877609252929688
1403638226445096960.000000 -1.0648927389469456 1.6224549839436129 -0.09883359259919185 -0.13028075540275283 -0.8217517628641539 -0.08973043057291229 0.5474480932751007 0.0349428653717041
1403638226595097088.000000 -1.0538278546995992 1.6289418813730674 -0.08586802844671632 -0.1296083988247759 -0.8212070718924064 -0.09053490578148217 0.5482919285044385 0.010962724685668945
1403638226745097216.000000 -1.0416915310828836 1.632235644175331 -0.07062094513338954 -0.1304347726379974 -0.8215884406868392 -0.08907063548255893 0.5477642066723376 0.04983043670654297
1403638226895097344.000000 -1.027853720453727 1.638715542118194 -0.05628967790612071 -0.1294308581885492 -0.8215583593691848 -0.09012860363204506 0.5478743924537145 0.010665178298950195
1403638227045097216.000000 -1.0128354449892094 1.6394141622917604 -0.04025222199946389 -0.12926355688247992 -0.821563214534391 -0.09031182810062881 0.5478764377951754 0.025175094604492188
1403638227195097088.000000 -0.9963828804997248 1.6438395254291485 -0.024767118365782534 -0.12996172004898546 -0.8216082406730565 -0.08936473845785078 0.5477990449977018 0.011049032211303711
1403638227345096960.000000 -0.9799330253682491 1.6417365694962158 -0.00905597923101991 -0.12965891303719573 -0.8217602374095981 -0.08950277207824991 0.5476202445790722 0.02733016014099121
1403638227495097088.000000 -0.9617542519233728 1.6444651077907733 0.007322203094176457 -0.12939843762910744 -0.8218095318498385 -0.08968749801278708 0.5475776569584463 0.010627508163452148
1403638227645096960.000000 -0.9426550291152965 1.6400824050629574 0.022193397373015587 -0.1292214435021705 -0.8218398655868832 -0.08974767006388802 0.54756406893573 0.022835731506347656
1403638227795097088.000000 -0.9223219817160242 1.6407900226455205 0.03923793966640926 -0.12941541562908224 -0.8218827153236308 -0.08934907690130936 0.5475191274345506 0.01057744026184082
1403638227945096960.000000 -0.9010798232232545 1.6343519748631363 0.052596269595525706 -0.12923668747165953 -0.8219572642023186 -0.0894589283956639 0.5474314884683673 0.022012948989868164
1403638228095097088.000000 -0.8793579068898099 1.633095065024336 0.06991268999150413 -0.12911148577570286 -0.8220091714059938 -0.08946294654401377 0.547382432638174 0.011608123779296875
1403638228245097216.000000 -0.8546187874655259 1.6258647827521782 0.08181769236292562 -0.12906331908526422 -0.8220297039654425 -0.08942904745112765 0.5473684964785298 0.09061479568481445
1403638228395097344.000000 -0.8314885991164094 1.6233649109984325 0.09928213676120745 -0.1291735575833419 -0.8220463606118887 -0.08922502193740767 0.547350772801392 0.013165950775146484
1403638228545097216.000000 -0.8055258412655298 1.6154178392153347 0.10921258107901555 -0.1289551804323719 -0.8221182146714899 -0.08920911414890734 0.5472969363131716 0.025432825088500977
1403638228695097088.000000 -0.7804703661266851 1.61121005166157 0.12641890691412438 -0.12895217814993465 -0.8221602104267779 -0.08914759048013181 0.5472445808347217 0.011609077453613281
1403638228845096960.000000 -0.7518629950922584 1.602779577077877 0.13545812738943444 -0.12884943011997646 -0.8222320485146605 -0.0890937814390935 0.5471696088618461 0.023198843002319336
