1403638127295097088.000000 0.0 0.0 0.0 -0.008638543533493838 -0.8374413752469746 0.0 0.5464588901189876 0.344879150390625
1403638127445096960.000000 3.214407941656917e-05 -0.0004040288688720601 -0.00035653584922331477 -0.008668979589650332 -0.8374073073817662 -6.819908021208669e-05 0.5465106089412904 0.36393141746520996
1403638127595097088.000000 -0.0001855379702439349 -0.000652559837108112 -0.0007279118728669812 -0.00870186624293746 -0.8374481087919688 0.00016442374544988774 0.5464475414616455 0.24219369888305664
1403638127745097216.000000 0.0008414298172909823 0.0005635141287968226 -5.9743712092049945e-05 -0.008710909092827806 -0.8373595005763902 0.00039322491018657375 0.5465830515405733 0.40137505531311035
1403638127895097344.000000 0.001177634839852436 0.0011030581656257608 -0.00020475361731530305 -0.008903735684392719 -0.8373041770077007 0.0005941226214700202 0.5466645092509943 0.1855463981628418
1403638128045097216.000000 0.0014820726596017559 0.002018557318066652 -0.0002562413210565759 -0.00864500507569511 -0.8373650612147155 0.00016022841781431328 0.5465756969267579 0.3889315128326416
1403638128195097088.000000 0.001956987270924173 0.002850053918279374 -0.00028253784681758363 -0.009213348867949726 -0.8375450948422583 0.0006038025750961425 0.5462901827149745 0.2749655246734619
1403638128345096960.000000 0.004840386917317406 0.004454645708001192 -0.0012175822516378334 -0.009113169350176744 -0.8372361758293252 0.00024249727312515785 0.5467654682056601 0.2664306163787842
1403638128495097088.000000 0.006170546331776504 0.006173279778440566 -0.0016749767492487129 -0.00948146192849095 -0.8372333225522577 0.00037540553664588034 0.5467634996582059 0.15785789489746094
1403638128645096960.000000 0.007741643102438926 0.00821742904785488 -0.0024212584637814537 -0.009526010619318268 -0.8371618200330606 0.00024962659479668676 0.5468722701757489 0.3380391597747803
1403638128795097088.000000 -0.02258823429630588 -0.0038171227424288537 0.0037652320116446977 0.003919749327477748 -0.8381600488528965 0.0054272346142675235 0.5453832718341859 0.20905351638793945
1403638128945096960.000000 -0.026097885739410853 -0.008438632723112356 0.0043481358408340555 0.005658916154732176 -0.8381478556961348 0.005112803511146074 0.5453897761236283 0.03261566162109375
1403638129095097088.000000 -0.029966537580482795 -0.014942678147216748 0.005862249830843951 0.010424088610163529 -0.8380028714022058 0.0026158366802971505 0.5455599722274058 0.09536147117614746
1403638129245097216.000000 -0.054160688348323466 -0.033374071564588915 0.009236821265488845 0.00376357178351822 -0.8332677536148316 0.008180157114816332 0.5527963199431588 0.0666048526763916
1403638129395097344.000000 -0.059629269947953915 -0.03911598521067182 0.025754578171435377 -0.03236374518084159 -0.8148165467252367 0.045374395838997106 0.5770335756113985 0.02113652229309082
1403638129545097216.000000 -0.06535645656786858 -0.051372317337942015 0.03518118355780711 -0.01898987058924939 -0.8285490365639191 0.03863431642479025 0.5582591409179023 0.07626533508300781
1403638129695097088.000000 -0.0719261023291288 -0.06707928953242408 0.0505448890931851 0.007289277753580094 -0.8354287986133047 0.01792993830763709 0.5492577775413343 0.02186274528503418
1403638129845096960.000000 -0.07773680547141722 -0.08480490629169318 0.07449119830330268 0.009812273899747419 -0.8365355408221951 0.020677601330824393 0.547434420753242 0.02256178855895996
1403638129995097088.000000 -0.08456619812936535 -0.1076431904213313 0.1164320216661578 0.017907593868934275 -0.8388134529312338 0.02081868360679006 0.5437259343421892 0.040599822998046875
1403638130145096960.000000 -0.08956626443250816 -0.1183279397645145 0.174017627437505 0.007554691723447868 -0.8274812425688958 0.03440660323298732 0.5603872816932661 0.4349379539489746
1403638130295097088.000000 -0.09494888791205425 -0.1418398960768035 0.2346591575273632 0.014095598669845803 -0.8246684202131663 0.041319107040470586 0.5639291109657644 0.02877211570739746
1403638130445096960.000000 -0.09961917281760661 -0.15238461039833262 0.2946475255269012 -0.0010774503819009273 -0.817182260416391 0.05420092572503082 0.5738242344237321 0.4094524383544922
1403638130595097088.000000 -0.10240336075091723 -0.17395485055467946 0.35356120627337934 0.010627966800774633 -0.8195877227473509 0.044449968791363675 0.5711280165759163 0.024898052215576172
1403638130745097216.000000 -0.10551087580819095 -0.18169689396581928 0.4085066720084964 -0.017716021493105687 -0.8087574509745089 0.048116420641084956 0.5859030108647343 0.33298182487487793
1403638130895097344.000000 -0.10239357437093294 -0.19371695238536574 0.4468010380696776 -0.024282361607656774 -0.8040549500568656 0.06264922440272405 0.5907462051385043 0.05658769607543945
1403638131045097216.000000 -0.09770146898978614 -0.20924277074990077 0.45599275069540396 -0.034623186903876835 -0.7887174181790537 0.06012580566241983 0.6108280909413318 0.02989983558654785
1403638131195097088.000000 -0.0963171215850206 -0.2289915929000555 0.4246216893612509 -0.02492460153466685 -0.7961273095979182 0.04838380983481352 0.6026765949467321 0.027083396911621094
1403638131345096960.000000 -0.07688639303459473 -0.250738580271295 0.42337276031298277 -0.009783935584794318 -0.8101362984816177 0.03486677161182159 0.5851220049907071 0.17728853225708008
1403638131495097088.000000 -0.06993709388154724 -0.2709386717787969 0.37487713038289566 -0.009880836552111453 -0.8099766638596397 0.027750013232921204 0.5857218707180153 0.020351171493530273
1403638131645096960.000000 -0.06786241392147721 -0.2896928572285803 0.3119137565798348 -0.0065660590642822435 -0.8153177430940478 0.023477127848797356 0.5785003795438376 0.1337876319885254
1403638131795097088.000000 -0.05979578173705336 -0.31204023192484426 0.24897339140609803 -0.0008022641359787564 -0.8158117523185141 0.01358842887127496 0.5781573278546782 0.0243990421295166
1403638131945096960.000000 -0.05771712569702147 -0.32887067450274027 0.18476112832853714 0.0031543746323980503 -0.8179215175822162 0.0018824748252708216 0.5753180835722227 0.09647536277770996
1403638132095097088.000000 -0.05292115240566623 -0.35893658480572344 0.15962272274195552 0.023775048022840004 -0.8258368793042392 -0.011470536698296965 0.5632908863636978 0.023694515228271484
1403638132245097216.000000 -0.05492850016227546 -0.3841672779382165 0.19348250022959895 0.025668857654882596 -0.8225142497978213 -0.005946183778766935 0.5681338412070609 0.06553888320922852
1403638132395097344.000000 -0.053467664742783735 -0.4224783257236213 0.27467246755898334 0.016241860692622442 -0.8134921798742953 0.013440801294071106 0.5811936167106294 0.021961212158203125
1403638132545097216.000000 -0.058590886794242264 -0.4455180704174259 0.36172508067963055 -0.002953331088688037 -0.7970443153178344 0.042856416321619496 0.6023910398031112 0.08811211585998535
1403638132695097088.000000 -0.05952957834936091 -0.48927700539085256 0.43104694681633127 -0.012834375461728807 -0.7906837592301553 0.057346256033951486 0.6093979640719731 0.021723031997680664
1403638132845096960.000000 -0.06276981875477344 -0.5249351552180929 0.4746063154999416 -0.01828386369928355 -0.7927414872515103 0.062179105557834013 0.6061026262527803 0.10699224472045898
1403638132995097088.000000 -0.06022018140990808 -0.5630594982424684 0.4760131883720664 -0.023983394643237472 -0.7814294559434833 0.07187180995237069 0.6193764970512111 0.022046804428100586
1403638133145096960.000000 -0.07486301935223724 -0.5593660169624434 0.4488884232626683 -0.00821757501463541 -0.7900480225107173 0.05768958539750869 0.6102692072556566 0.12102627754211426
1403638133295097088.000000 -0.07594508078922235 -0.5491763934269106 0.41706317649179103 -0.01991714736767877 -0.7928024161656375 0.03504231921021578 0.6081444499681231 0.029758214950561523
1403638133445096960.000000 -0.07934731344104795 -0.5019670225804502 0.3786274600194516 -0.03383586080206523 -0.8011510290800863 0.006730733313145222 0.5974670370462034 0.09514021873474121
1403638133595097088.000000 -0.05974179953065634 -0.46688773910554493 0.3564649537520435 -0.06514241621358717 -0.8024210380797776 -0.008616570953284946 0.5931295794022036 0.06197524070739746
1403638133745097216.000000 -0.04200534346182222 -0.4194435765075479 0.32947116701511836 -0.09098667733982845 -0.8066336983352247 -0.015449514157069072 0.5838020330291822 0.08198785781860352
1403638133895097344.000000 -0.028788239061350675 -0.4084655094175545 0.3077721029902091 -0.10529763398284205 -0.8091316427427495 -0.03959771688911699 0.576758540298455 0.018911361694335938
1403638134045097216.000000 -0.04518220749129329 -0.4240538977123267 0.291017671804736 -0.1105027344518452 -0.8084333232075356 -0.04811264713295562 0.5761162042436795 0.084320068359375
1403638134195097088.000000 -0.08672516807753934 -0.48524958203571567 0.29340831022507946 -0.10058561702357913 -0.8122987175164414 -0.0525394590418938 0.5720952127161313 0.025574445724487305
1403638134345096960.000000 -0.14105689189279108 -0.5653231829344063 0.30317062580605825 -0.11144295963926602 -0.8028839907734928 -0.044925566091545265 0.583900212037832 0.0342097282409668
1403638134495097088.000000 -0.19336870170133635 -0.658436117300819 0.3087567464349153 -0.11753181364780445 -0.8052311762995985 -0.033105412305709445 0.5802525804956765 0.04030346870422363
1403638134645096960.000000 -0.24354468060546947 -0.7478295824103208 0.31446549398060925 -0.12363680866326741 -0.8047638513499801 -0.020254286958444778 0.580223101025558 0.18720364570617676
1403638134795097088.000000 -0.270186106411422 -0.8461835545389763 0.32517771455544353 -0.11744096476751723 -0.8144953829070622 -0.016490976833482038 0.5679198347483827 0.04347729682922363
1403638134945096960.000000 -0.27602725573805004 -0.9431243628138969 0.3518646703377772 -0.11461375872711091 -0.8138000033914253 -0.020137326849052974 0.5693748579432835 0.05051159858703613
1403638135095097088.000000 -0.2828687406731127 -1.0229803121667334 0.35903104927466484 -0.10787573666567306 -0.8164393099976864 -0.02393656603068996 0.5667598427341147 0.028496742248535156
1403638135245097216.000000 -0.2806042138510911 -1.0391705794563395 0.34631802273115886 -0.1006265214480136 -0.8228851576164007 -0.026095150900545823 0.5586173678425884 0.1682131290435791
1403638135395097344.000000 -0.26404276409148114 -1.0559198283237894 0.3350958227548705 -0.10249510997685947 -0.8197178446924308 -0.03165033123301161 0.5626327968190872 0.03090500831604004
1403638135545097216.000000 -0.2776022001688996 -0.9690935421224401 0.32429364167493807 -0.10474823791875819 -0.8251131814656493 -0.04423728337782162 0.5534068188809207 0.13144993782043457
1403638135695097088.000000 -0.2550216722498725 -0.9363049453402961 0.3271773095848619 -0.11518004702853239 -0.821951286024152 -0.05522793370380508 0.555049110897906 0.03435325622558594
1403638135845096960.000000 -0.22259593308394193 -0.8947220706572611 0.32202201075612097 -0.1274956357672914 -0.8197472916259124 -0.056142529767248754 0.5555243082742726 0.10325765609741211
1403638135995097088.000000 -0.18403812395754426 -0.8551207083770901 0.3303191827375578 -0.12092391212007839 -0.8288677624575497 -0.07478722945702335 0.5410753276082113 0.030770063400268555
1403638136145096960.000000 -0.15502256574374204 -0.7967020069335549 0.3549574741747268 -0.134648356445586 -0.8151756374486978 -0.08400847801311066 0.55704674475176 0.1399989128112793
1403638136295097088.000000 -0.12476526994257783 -0.7431428487715952 0.3610029779792776 -0.1462387503044099 -0.8074130665868794 -0.08972332259672158 0.5644892321350166 0.04015326499938965
1403638136445096960.000000 -0.09498431173086663 -0.7041190732758942 0.35153549110790877 -0.14802326911519248 -0.8106596975098734 -0.10334072849413647 0.556992513834749 0.1146082878112793
1403638136595097088.000000 -0.0870012431488157 -0.7105986565180706 0.35473390062317145 -0.16175923327414848 -0.8110789074579527 -0.09920422868204569 0.5533023380928133 0.03556966781616211
1403638136745097216.000000 -0.08301378891623212 -0.7392057419925826 0.3720558104677502 -0.1620655616574835 -0.8098822684890207 -0.07874976160096601 0.558232872517835 0.14477920532226562
1403638136895097344.000000 -0.1055470586373323 -0.806194398074673 0.38935565773873304 -0.16187195634037052 -0.8014488980927371 -0.04528673020388818 0.5739566582625544 0.023964643478393555
1403638137045097216.000000 -0.12987153749434568 -0.8768656686144627 0.3719525808651406 -0.1633451410058389 -0.7903367862461999 -0.022372884847968125 0.5900725237116121 0.09897184371948242
1403638137195097088.000000 -0.1469136833261289 -0.9378830632799341 0.32373434308975435 -0.14667475963426127 -0.8013764595437722 -0.024660403687319307 0.5793739288795269 0.022972822189331055
1403638137345096960.000000 -0.10993506160396879 -0.8805003364332269 0.2589701534365364 -0.1297865346305956 -0.8133371449636684 -0.026465305483753643 0.5665136641393406 0.07863450050354004
1403638137495097088.000000 -0.10564458605787037 -0.9033865418804368 0.20295308438884832 -0.11878046206336092 -0.8246199424314309 -0.03975662774546116 0.5516453234884777 0.0324244499206543
1403638137645096960.000000 -0.14388102436026975 -0.9080746405755374 0.13652048184523502 -0.10504107442334151 -0.8352539621944115 -0.05705089789851772 0.5367144365223463 0.09698176383972168
1403638137795097088.000000 -0.14405529173561524 -0.9113442172041145 0.10130713701892924 -0.1122768386234069 -0.8336317221095181 -0.06412524595579602 0.5369730125737806 0.039063453674316406
1403638137945096960.000000 -0.12524739971415597 -0.91424213212952 0.09451828423255737 -0.10511617789405735 -0.8445837535202331 -0.07370079848898575 0.5198048333141054 0.09640884399414062
1403638138095097088.000000 -0.123714612877255 -0.9177935780913166 0.08551051717669171 -0.09892468322874097 -0.8486217798534983 -0.07707704576771325 0.5139203350929945 0.03269171714782715
1403638138245097216.000000 -0.12344101898724956 -0.9150627424018792 0.08142280497718142 -0.10882307629568778 -0.838361720345426 -0.07323652858331665 0.529096942729842 0.07056975364685059
1403638138395097344.000000 -0.1215216681350874 -0.9153453480504373 0.08073109089976792 -0.11059838582053645 -0.8317974154301685 -0.07458808101069446 0.5388113537303437 0.028688669204711914
1403638138545097216.000000 -0.11429614607401033 -0.9186138534492156 0.08089528675702894 -0.11023852114176984 -0.8313952515585616 -0.07525227296054475 0.5394131065858739 0.07850980758666992
1403638138695097088.000000 -0.11355281350619165 -0.9184277822806637 0.08029465422682375 -0.11105346053303822 -0.8313224793373659 -0.07496847637386311 0.5393976193886968 0.02396225929260254
1403638138845096960.000000 -0.11384892654484843 -0.9175809876119772 0.07939893928172813 -0.11054196609250615 -0.8313415672515709 -0.07538844890786864 0.5394147328942458 0.07418513298034668
1403638138995097088.000000 -0.11386165174223407 -0.9173883565321679 0.07939558579950907 -0.11197677202402014 -0.8311638419177124 -0.07442421720981404 0.5395265575561364 0.02435898780822754
1403638139145096960.000000 -0.11407354772058251 -0.9161210797890366 0.0797471244440793 -0.11195588319695482 -0.8312077453682108 -0.07491751170341997 0.5393949672528039 0.08366727828979492
1403638139295097088.000000 -0.1149466188189103 -0.9145771257127961 0.08003178063624487 -0.11215165482490606 -0.8311621937613527 -0.07549660492386709 0.5393437462572642 0.025113344192504883
1403638139445096960.000000 -0.1161148214322204 -0.9110357915112341 0.08140914567352422 -0.11282458056177534 -0.8313557645941477 -0.07494267794649379 0.5389821905400471 0.08981776237487793
1403638139595097088.000000 -0.11919902963859969 -0.9077415248208854 0.08155052687347765 -0.11317188524589049 -0.8313276146444237 -0.07521209848193045 0.5389152639900341 0.024259328842163086
1403638139745097216.000000 -0.12300279167488803 -0.9046171191492359 0.0815417398114189 -0.11330155130237968 -0.831309050487521 -0.07554484202307975 0.5388701122661361 0.09841775894165039
1403638139895097344.000000 -0.1274027330914025 -0.9007768253725917 0.08183755075273448 -0.1138200544023848 -0.8312603960867845 -0.07567831684816138 0.5388171688731808 0.03310680389404297
1403638140045097216.000000 -0.13190752902850073 -0.8957735636774603 0.08188857730953425 -0.1141172213677667 -0.8312942626735689 -0.07569792598764544 0.5386992970428645 0.08274960517883301
1403638140195097088.000000 -0.13764909675886358 -0.8905745011593595 0.08236514604673911 -0.11451678257377905 -0.8312496091204118 -0.0759154628492703 0.5386527975853215 0.0247650146484375
1403638140345096960.000000 -0.14359186433487142 -0.8842096357245224 0.08291123851692087 -0.11486057376314793 -0.8312086955240436 -0.07595315662555845 0.5386374207930895 0.07968974113464355
1403638140495097088.000000 -0.15064408261891019 -0.8776378864454499 0.0833227923352501 -0.115282811879277 -0.8311650344123549 -0.0761635824130592 0.5385848749914215 0.029216527938842773
1403638140645096960.000000 -0.157933739567818 -0.868754158619009 0.08407393639102859 -0.11558616787167841 -0.8311301182826019 -0.07615526114089204 0.5385749163123463 0.07582521438598633
1403638140795097088.000000 -0.16632244355194292 -0.8600918558243886 0.0847621823069705 -0.11597396453177788 -0.8310718752415304 -0.07632904474064241 0.5385568258431872 0.03055596351623535
1403638140945096960.000000 -0.17560834718470308 -0.8466056096673503 0.08597109086189077 -0.11629158331278004 -0.8311175414757062 -0.07617426265189929 0.5384397660011971 0.08373403549194336
1403638141095097088.000000 -0.18560473175066375 -0.8351255345949079 0.08707572598403986 -0.11674011181804189 -0.8310397110656118 -0.07639429781150109 0.5384316634324018 0.026468992233276367
1403638141245097216.000000 -0.19799335634226517 -0.8152820029082181 0.08876699701441919 -0.11700193936085668 -0.831095894620892 -0.07602343974095693 0.5383405954784117 0.07521390914916992
1403638141395097344.000000 -0.20971827044549055 -0.799947568831075 0.09000188417583685 -0.11742566092844763 -0.8310407202754712 -0.07613127795073417 0.5383182738093993 0.027040719985961914
1403638141545097216.000000 -0.22785891503357403 -0.7759630802833496 0.09175528418199866 -0.11768589470458397 -0.8312419101693052 -0.07581660076535424 0.5379951301025443 0.07450747489929199
1403638141695097088.000000 -0.24236884246839902 -0.7563125021861755 0.09309277520978512 -0.11809950602317854 -0.8312196078616656 -0.07598269818181339 0.5379155135896264 0.029874324798583984
1403638141845096960.000000 -0.25725157504478874 -0.7341190301603772 0.09523333367306357 -0.11821050764445647 -0.8312216403341761 -0.0758542129038503 0.5379061246233758 0.08051061630249023
1403638141995097088.000000 -0.2735954596506731 -0.7111414943442621 0.09691104506778596 -0.11845066898476861 -0.8312032510742374 -0.07594959338128882 0.5378682493751566 0.025787830352783203
1403638142145096960.000000 -0.2956636475986151 -0.6777589137299055 0.10094513843380996 -0.11875734439573721 -0.8313786440525012 -0.07549128419182702 0.537594000502764 0.06234550476074219
1403638142295097088.000000 -0.314391839839121 -0.6494505821260074 0.1027475901180904 -0.11967536419689888 -0.8312826765496893 -0.07622370945790306 0.5374354519281377 0.02536296844482422
1403638142445096960.000000 -0.3313761139315739 -0.6159702078783705 0.10648279394909975 -0.11950541992609798 -0.8313472482875651 -0.07577302891832531 0.5374371176812439 0.0721883773803711
1403638142595097088.000000 -0.35030883746426467 -0.5832401338219929 0.10816742338430341 -0.11942919800139631 -0.8313608586368035 -0.07522632432831762 0.5375098041147444 0.027184009552001953
1403638142745097216.000000 -0.3664688146728376 -0.546160055599684 0.11241997689881526 -0.11957375326921243 -0.8313377483963291 -0.07535147474096957 0.5374958798677404 0.0682060718536377
1403638142895097344.000000 -0.38427464957990315 -0.5084695993600248 0.11386790029510381 -0.12002729745449102 -0.8313512669285339 -0.07569237391742942 0.53732595635502 0.025385618209838867
1403638143045097216.000000 -0.402734809463441 -0.46829044742942505 0.11521787129788365 -0.12007026704617041 -0.8313871659201245 -0.07545770459256398 0.5372938173219437 0.027161836624145508
1403638143195097088.000000 -0.421073298406902 -0.42560240950525846 0.11663892663471001 -0.12044932452356423 -0.8313507085170053 -0.07561989501946363 0.5372425812864573 0.026096105575561523
1403638143345096960.000000 -0.43818679511503805 -0.38826983721957353 0.11797283830771887 -0.12002790114891031 -0.8313030592421089 -0.0756951012720767 0.5374000170114515 0.06332826614379883
1403638143495097088.000000 -0.45710943594550796 -0.34286786156877663 0.11897124415166772 -0.12053816008944859 -0.8312608454974961 -0.075828918051005 0.537332237905239 0.022821664810180664
1403638143645096960.000000 -0.47411794014264547 -0.3090675739556193 0.12117299315228094 -0.12022039996060133 -0.8312301582981693 -0.07594108581845033 0.5374350480324376 0.07526612281799316
1403638143795097088.000000 -0.49416354673992346 -0.2620312738580189 0.12262528906760009 -0.12042050310494197 -0.8312056576059773 -0.07602008363108073 0.5374169741276239 0.028985023498535156
1403638143945096960.000000 -0.5106369289579759 -0.23285583919942138 0.1252007880841782 -0.1199929680422653 -0.8311394100282807 -0.0763151074516952 0.5375732257961564 0.07384371757507324
1403638144095097088.000000 -0.53155556262435 -0.18518472205230663 0.12699652833320837 -0.12035054720851468 -0.831147506738369 -0.07633717830668237 0.5374776302669513 0.027933359146118164
1403638144245097216.000000 -0.5468200732988016 -0.16393155391382191 0.13025202204461178 -0.11976154005019432 -0.8310407051842301 -0.07670232011793765 0.5377223018810254 0.07430458068847656
1403638144395097344.000000 -0.5685298235848265 -0.11679346217160821 0.13238097991953535 -0.12002760648039092 -0.8310114191135336 -0.07677965161909667 0.5376972011111361 0.02885913848876953
1403638144545097216.000000 -0.5910680681946343 -0.06782861529684543 0.1344907783191277 -0.12047153371612214 -0.8309813279089086 -0.07688888935058882 0.5376288133324566 0.02397942543029785
1403638144695097088.000000 -0.6140665799058606 -0.016914708944393207 0.1369679323397073 -0.12066399415363309 -0.8309347163673659 -0.07695362534273309 0.5376484327113653 0.02736186981201172
1403638144845096960.000000 -0.6221925955685716 -0.01697990757451199 0.14089200943557356 -0.12004228048413011 -0.8307549924977979 -0.07748794501573339 0.5379884865992876 0.06803750991821289
1403638144995097088.000000 -0.6439862270770552 0.031113077660385735 0.14325224243195053 -0.12033641399628654 -0.8307220482763013 -0.07762334019216872 0.5379541272558023 0.024625062942504883
1403638145145096960.000000 -0.6485027173011765 0.026655696761798298 0.1463295579533716 -0.11976304415981637 -0.8306109451903328 -0.0782063719482924 0.5381691503331281 0.06626439094543457
1403638145295097088.000000 -0.6692196223149693 0.07142760741340135 0.14942452144868404 -0.12008849206130727 -0.8305369910062779 -0.07828980618006721 0.5381986314484336 0.020563602447509766
1403638145445096960.000000 -0.6691376239492424 0.06129318818726351 0.15212150359323517 -0.11958790630396823 -0.8303477474418551 -0.07898403013764065 0.5385005793565008 0.06872749328613281
1403638145595097088.000000 -0.6875402239170875 0.10237063375471733 0.15574471303974957 -0.11980998189110086 -0.830308280277052 -0.07893349507602641 0.5385194808896904 0.024356842041015625
1403638145745097216.000000 -0.8126879448851028 0.0898065313092802 0.14452799559816595 -0.1192540166234128 -0.8309802280720674 -0.0796447931265012 0.5375007413951298 0.07104682922363281
1403638145895097344.000000 -0.8418357873569497 0.12672765874857544 0.14674660960566133 -0.11947242238590114 -0.8309111814905631 -0.07985681926080257 0.5375275222542089 0.028903722763061523
1403638146045097216.000000 -0.8712395816022218 0.1644485313716167 0.14861147850570905 -0.1197886509529352 -0.8308655776401086 -0.0798919129244302 0.5375224211555456 0.02774953842163086
1403638146195097088.000000 -0.9006260737387465 0.2029447224097425 0.15024851223492905 -0.11997884509113932 -0.830809305232476 -0.08001207631773373 0.5375491072572367 0.030185461044311523
1403638146345096960.000000 -0.9085789995920909 0.19020923641154258 0.1488801124491903 -0.11964570865030803 -0.830651264920598 -0.08048892436219035 0.5377963495063851 0.0742330551147461
1403638146495097088.000000 -0.9366278577662501 0.22497667819256253 0.14956390148602652 -0.11990871602356096 -0.8307470052829901 -0.08064896887514192 0.5375658628059459 0.03127622604370117
1403638146645096960.000000 -0.954856185411271 0.19686436095798282 0.14652339702661388 -0.11947883710007473 -0.8307910843678298 -0.08151373539449715 0.5374630150644555 0.07465171813964844
1403638146795097088.000000 -0.9834158043231386 0.22566054242022943 0.14592602256895532 -0.11956420821388777 -0.8304667693529387 -0.08169834808638719 0.5379170243026659 0.031230449676513672
1403638146945096960.000000 -1.0000779659264132 0.2152265799473112 0.14018631385386335 -0.11916934131541049 -0.8306023545405451 -0.0821864626644303 0.5377209146730878 0.06570959091186523
1403638147095097088.000000 -1.0286044633253677 0.23931402898301232 0.13940787208843164 -0.11934126163397568 -0.8307510875677524 -0.08222275932991711 0.537447403589209 0.028612852096557617
1403638147245097216.000000 -1.0475198916469477 0.23492231149348441 0.13807191036033226 -0.11905348335666716 -0.8307803985269664 -0.08240420514770955 0.537438130856002 0.06965994834899902
1403638147395097344.000000 -1.0751391730915072 0.25535407376992736 0.13798066764052141 -0.11912875201683487 -0.8305628303064349 -0.08267802313317595 0.5377156031277742 0.027445316314697266
1403638147545097216.000000 -1.0997198738325729 0.2564971948055931 0.12286461800979732 -0.11895966343927879 -0.8301884741363968 -0.08287901654162041 0.5382998834317063 0.06508946418762207
1403638147695097088.000000 -1.131789649638727 0.2699262208351377 0.11784720892540516 -0.11791488182355624 -0.8302320657741377 -0.08197152527962105 0.5386013986690691 0.0322415828704834
1403638147845096960.000000 -1.183736352760169 0.28149075611064406 0.1215260987304764 -0.11657753495580847 -0.8254793035321926 -0.08235390069627321 0.5460873857028213 0.0377354621887207
1403638147995097088.000000 -1.2294212941667062 0.2992986139256725 0.13455857111471034 -0.11905588641189661 -0.8141511482172985 -0.0854796498745333 0.5618512554266114 0.03967618942260742
1403638148145096960.000000 -1.2889130566469567 0.33664582304675766 0.16585711918010712 -0.11616652619766943 -0.8077738635657549 -0.08756674003785067 0.5712607019307059 0.07095694541931152
1403638148295097088.000000 -1.3261728428668866 0.28144995931999567 0.2257544379882334 -0.1113242646391713 -0.8066083169304333 -0.08519346878445325 0.574222956731681 0.03828167915344238
1403638148445096960.000000 -1.3431730065118566 0.28147317065878047 0.2813096685714055 -0.1037739920504451 -0.8073988760151396 -0.0811749325236032 0.5751075063961449 0.07967996597290039
1403638148595097088.000000 -1.3811865413158697 0.29101939499908613 0.3029480112767303 -0.10026062228834158 -0.8146125684120274 -0.08089708078835728 0.5655173147865912 0.022884368896484375
1403638148745097216.000000 -1.3842041533967309 0.2673756357010264 0.2774005714346239 -0.09835813804206238 -0.8195563020760849 -0.07877889716835594 0.5589696143523452 0.1608133316040039
1403638148895097344.000000 -1.4142223419992845 0.17699032489604716 0.28488558221098437 -0.09545218484388543 -0.8215865381872197 -0.07562473158760874 0.5569248967772684 0.029572486877441406
1403638149045097216.000000 -1.4332598542692687 0.16692251780418801 0.29796843458675965 -0.09351881589291457 -0.8175082208464354 -0.07419738234649532 0.5634086335648495 0.1275920867919922
1403638149195097088.000000 -1.4843670419403836 0.16366974057242664 0.3411028832668605 -0.09175815273485959 -0.8136087773902598 -0.0742732085088688 0.5693019315424909 0.02580118179321289
1403638149345096960.000000 -1.5368987369755316 0.15720927452545946 0.3797533876109216 -0.09321785866993211 -0.8116491358682655 -0.07154127456621873 0.572204471410991 0.02743220329284668
1403638149495097088.000000 -1.5877387935323435 0.14830757207949224 0.40829067862697055 -0.09232663808323921 -0.8102815624856118 -0.07237671007245747 0.574178711931407 0.024731159210205078
1403638149645096960.000000 -1.630864615171432 0.14004424442349134 0.4389811000767782 -0.08896440192961529 -0.8104779071957017 -0.07236963356125023 0.574433227864816 0.17699885368347168
1403638149795097088.000000 -1.67793033387186 0.12509219538558794 0.44147269665740435 -0.08083542887790626 -0.8112818778375279 -0.06730097589894816 0.5751155768831068 0.02282238006591797
1403638149945096960.000000 -1.7154840290239806 0.11647803350774691 0.457119587050154 -0.07539307927781601 -0.8119223029051419 -0.06371735966775272 0.5753591536763715 0.10808539390563965
1403638150095097088.000000 -1.7578864466418576 0.09684775788937036 0.43945610343848446 -0.06659825527128815 -0.8126665339024652 -0.06994265851374755 0.5746701676525442 0.022923707962036133
1403638150245097216.000000 -1.7962566351281877 0.0783613865004923 0.4254369909404903 -0.05790110299441195 -0.8129902215910519 -0.07990877309124952 0.5738544674849314 0.10827493667602539
1403638150395097344.000000 -1.8392715811684326 0.03852385449096225 0.38468597400788423 -0.05893739451955843 -0.8187659679685934 -0.07557453385776056 0.5660716942719185 0.023513078689575195
1403638150545097216.000000 -1.876422422124506 -0.00741714168225913 0.3775475219205962 -0.05723093416169927 -0.8265765575401814 -0.0588728116996816 0.5568032028846244 0.09354829788208008
1403638150695097088.000000 -1.9298555838388505 -0.06792851608292418 0.3693062363631173 -0.050845974507784074 -0.8284963488540533 -0.04869294791020127 0.555551513035174 0.023182153701782227
1403638150845096960.000000 -1.9952989149805682 -0.12856415190750797 0.3849934581114833 -0.0387864278436153 -0.8268677677418765 -0.04297590037540973 0.5594089556591145 0.03768324851989746
1403638150995097088.000000 -2.0200399470470165 -0.18328763009996343 0.3599812680981494 -0.015043481813485565 -0.8220661126032327 -0.029383190208926213 0.5684343658660009 0.07080578804016113
1403638151145096960.000000 -2.138185831623679 -0.23446710287888117 0.3945053186767117 0.005820974301092721 -0.8194890294020959 -0.01990208892562658 0.5727196118557435 0.1792137622833252
1403638151295097088.000000 -2.203270677870131 -0.3066222823156108 0.39209414458205977 0.033818491746131336 -0.8197581171671002 0.0001679131273430304 0.5717105130744485 0.03352785110473633
1403638151445096960.000000 -2.308867698045611 -0.5623841902917615 0.3321695176569551 0.06076348801397609 -0.8193493676357827 0.022141618103203288 0.5696351121788319 0.14429235458374023
1403638151595097088.000000 -2.377485932800656 -0.6567267811315934 0.33685266606569864 0.08760014994603002 -0.8171866707005042 0.04187880573782133 0.5681358328681907 0.03573489189147949
1403638151745097216.000000 -2.4423026320903127 -0.7520704488092698 0.35253429914224305 0.10479950940987658 -0.8149487029446056 0.05383229101586188 0.5674308405791297 0.03782057762145996
1403638151895097344.000000 -2.5083246348264 -0.8495256258834782 0.3864016353170379 0.11360553363539067 -0.8148614079587919 0.05942664140836624 0.5652991622475262 0.02845144271850586
1403638152045097216.000000 -2.5670921373392996 -0.9439669782390596 0.4309548856679492 0.11723684366117683 -0.8152933349421285 0.059969175034017226 0.563875871564874 0.17246699333190918
1403638152195097088.000000 -2.6496289024846127 -1.0481809063803742 0.4690698699500545 0.11789265420439524 -0.8156503554532247 0.05886504673590589 0.563338908656637 0.03429007530212402
1403638152345096960.000000 -2.724647627664688 -1.1492894538495482 0.49701578503977323 0.11921218052420841 -0.8151926020850517 0.054202882632434966 0.5641910359397787 0.04389142990112305
1403638152495097088.000000 -2.7995850827908204 -1.2671544661830507 0.497308200282508 0.12016468550206115 -0.8160764159732489 0.04839532707867133 0.5632385142791606 0.026474714279174805
1403638152645096960.000000 -2.8759211274196286 -1.3978412628037478 0.4933103872720941 0.11753705430911286 -0.8173705700026332 0.050302695120548545 0.5617473017483186 0.17102980613708496
1403638152795097088.000000 -2.9671060222495886 -1.5340493087385105 0.49631830668991145 0.11961336194342467 -0.8166709844644435 0.060951628394720854 0.5612718109565988 0.037955284118652344
1403638152945096960.000000 -3.0432783204153893 -1.675917354158767 0.5137690117541025 0.13085757408371104 -0.810579719141084 0.07669813899911694 0.5656449502083083 0.040993690490722656
1403638153095097088.000000 -3.123472889608789 -1.8196747753580758 0.5423319533466986 0.14856938839060546 -0.811013552190188 0.08990802450200355 0.5586597373421871 0.03875732421875
1403638153245097216.000000 -3.196598267447508 -1.9461745255354403 0.5761625515953157 0.16132722476506428 -0.8120567604791546 0.09703614260907219 0.5523778881682856 0.14710640907287598
1403638153395097344.000000 -3.2820558285646237 -2.085645134184242 0.5939288682632008 0.17629062228534897 -0.8104073276936622 0.10470391514774277 0.5488156975409832 0.040737152099609375
1403638153545097216.000000 -3.4059755401275202 -2.282120073831331 0.5922261159617953 0.20348018942076404 -0.8068676462904796 0.10570074678429765 0.5444150677674099 0.038297176361083984
1403638153695097088.000000 -3.2413955533187533 -2.6337526432480227 0.6502443084878095 0.23040196028599771 -0.7994008058362909 0.11912279207724175 0.5419253165634362 0.07036685943603516
1403638153845096960.000000 -3.330175265374609 -2.7822154278574636 0.6613113874864661 0.24930591421224393 -0.7911276908522015 0.1382381687962723 0.5411596313413578 0.14950180053710938
1403638153995097088.000000 -3.4117466831722187 -2.943693114397181 0.6620969565365972 0.2575705511890306 -0.7832919569288735 0.152606238530311 0.5448141493503493 0.03757357597351074
1403638154145096960.000000 -3.503307437760907 -3.12560034443964 0.6552432041425809 0.2614085997370355 -0.7771666188483933 0.15928695722483902 0.5498229313054622 0.03143811225891113
1403638154295097088.000000 -3.5408123097334605 -3.255678623548198 0.635390295726634 0.2629157940185492 -0.7699860682159884 0.16076267118310575 0.5587057396903595 0.05042910575866699
1403638154445096960.000000 -3.606011506471423 -3.433129778890052 0.6189662532331296 0.25921347987898724 -0.7624204532482581 0.16461485533806897 0.5695835089956287 0.1868610382080078
1403638154595097088.000000 -3.6503980774751663 -3.615237855424425 0.601829497062352 0.2578804955205482 -0.7620027080689417 0.16715204398106792 0.5700085237245379 0.03717851638793945
1403638154745097216.000000 -3.6898842139405796 -3.7923361843601366 0.5961059948685365 0.2670476125566927 -0.766032593184476 0.17045856429651274 0.5593062816246651 0.03730344772338867
1403638154895097344.000000 -3.7408618802231994 -4.006043768081909 0.5990988776088273 0.2809862799790044 -0.7662693635155429 0.16836443971360665 0.5527489379826693 0.05127072334289551
1403638155045097216.000000 -3.793597988688713 -4.137183551125569 0.6437513623744111 0.294987204068533 -0.7609887073786213 0.17363172802866378 0.551117736695005 0.1755073070526123
1403638155195097088.000000 -3.7883650187589804 -4.295285666609489 0.6788514394026707 0.3075698970242769 -0.7536925270966818 0.18551646531393517 0.5503925636675309 0.0525510311126709
1403638155345096960.000000 -3.798428815332514 -4.458405215895675 0.7005315869571909 0.31588216334499664 -0.7446479271819224 0.19504891627485652 0.5546835527435038 0.04138064384460449
1403638155495097088.000000 -3.706501510444742 -4.684754009358772 0.6487348065012839 0.3345177515370385 -0.7333893449815433 0.20528300337781158 0.5550647089289075 0.06456851959228516
1403638155645096960.000000 -3.522253520697097 -4.728452496505306 0.7526697718423592 0.344388491964774 -0.7244665465730606 0.23014025081297504 0.5509811743194799 0.22540020942687988
1403638155795097088.000000 -3.5021534529804397 -4.965807213552688 0.7219214925218032 0.3640205696967297 -0.7129954959981665 0.25385696474866376 0.5428472059176436 0.046184539794921875
1403638155945096960.000000 -3.4353346149041935 -5.116406560404736 0.705300075930097 0.3904391829447151 -0.7063697260417356 0.2733740042773275 0.5233218018949398 0.06322574615478516
1403638156095097088.000000 -3.3494514245795175 -5.238352774738571 0.7095384609106099 0.4232623506327353 -0.7005293160695326 0.28923710093479926 0.49643686336415144 0.0615384578704834
1403638156245097216.000000 -3.2833609007597486 -5.324549925428533 0.7173037194239896 0.4471822156613519 -0.6902648173482082 0.3072276220914981 0.4787209376572666 0.15770363807678223
1403638156395097344.000000 -3.2153685992597345 -5.4485770519662715 0.7311156626321639 0.46676670773097195 -0.6838423335605093 0.31784031527973716 0.4620238493491262 0.05499601364135742
1403638156545097216.000000 -3.15919008459797 -5.575800075603443 0.7334789784026994 0.47663922330716774 -0.6799384009204902 0.3240584363528014 0.4533044799992652 0.032242774963378906
1403638156695097088.000000 -3.119806974697054 -5.719683758782993 0.7206792347241698 0.48021373363984254 -0.6783468919281812 0.32628663371912886 0.45030800225101264 0.04671335220336914
1403638156845096960.000000 -3.083387581780963 -5.854938554013891 0.6975005988665101 0.480690372322855 -0.6782405269387598 0.3255846177306968 0.45046776829325397 0.22948908805847168
1403638156995097088.000000 -3.052539117708763 -6.003654207580153 0.6741240971374022 0.47886526644390126 -0.6799836017695665 0.32321128638016294 0.45149177431552345 0.03356480598449707
1403638157145096960.000000 -3.0440673453426434 -6.15659556481353 0.6686436012467128 0.4771922393663002 -0.6850746805161743 0.31860490404397207 0.4488331136662813 0.06572246551513672
1403638157295097088.000000 -3.0320322057343803 -6.327470799703571 0.6777464596581833 0.47625655954960183 -0.6866045811504489 0.31723669532884174 0.4484581560926604 0.03951406478881836
1403638157445096960.000000 -3.12528874659549 -6.481659988619757 0.6657342947584457 0.4796078171661871 -0.6796246661380765 0.3162581267001657 0.45614411339607935 0.2092137336730957
1403638157595097088.000000 -3.104278265118573 -6.6592194102384745 0.662614885147259 0.4865062726454065 -0.6678596292041811 0.3239862902190448 0.46076897259475735 0.06250286102294922
1403638157745097216.000000 -3.126935068132563 -6.843561887679475 0.6527332287976151 0.5034365122969173 -0.6478938702411416 0.33500719087200626 0.4632012446597243 0.06958603858947754
1403638157895097344.000000 -3.1238955544205127 -7.020973225733631 0.6719274773805781 0.5233288335773968 -0.6292825353052965 0.35300834505558637 0.45333820821476745 0.06265568733215332
1403638158045097216.000000 -3.092989839102963 -7.196056605766841 0.6863193727028556 0.5408898563811967 -0.6161710653284154 0.3682761465410248 0.4383424020156709 0.17079710960388184
1403638158195097088.000000 -3.0769697649867154 -7.369150037740638 0.7071665486041155 0.5482108660025854 -0.6107628221890095 0.38311035057461584 0.4238632806825887 0.05009198188781738
1403638158345096960.000000 -3.06176315827966 -7.551677750499042 0.7152921946558186 0.5554274739531534 -0.6043722130267156 0.38558526522087366 0.4213769720140838 0.04588007926940918
1403638158495097088.000000 -3.0511905393344385 -7.723243984830585 0.7112267932554424 0.5601959464844806 -0.5987479573145306 0.38283853581433736 0.42557730278947975 0.0499570369720459
1403638158645096960.000000 -3.0402304567876386 -7.8944703719078735 0.701949607448483 0.5609842642002503 -0.5954972144369148 0.38101258276548294 0.43070771375952294 0.26807284355163574
1403638158795097088.000000 -3.0111627785977655 -8.040534448318347 0.6827249549122695 0.5577411849930874 -0.6005951096848702 0.38385966612175143 0.4252787809308417 0.03676462173461914
1403638158945096960.000000 -2.9924890370189243 -8.2052433889534 0.6796078540772075 0.55539579036202 -0.6094164860580924 0.38328255416423007 0.4162229525652066 0.04528045654296875
1403638159095097088.000000 -2.9750526458399325 -8.380514498707228 0.7052454176387128 0.5588634450872615 -0.6184112860313637 0.3746246166187161 0.4060733033302144 0.05360245704650879
1403638159245097216.000000 -2.9937506471014497 -8.553782213916763 0.716442536027151 0.5640697707679605 -0.6266698918218416 0.36441199068537367 0.3953657059413537 0.15943646430969238
1403638159395097344.000000 -2.9878332046734593 -8.734742352550356 0.7367360213947375 0.5514702405304831 -0.6182916746066205 0.38100613645206644 0.41040261074615675 0.04987072944641113
1403638159545097216.000000 -2.992416127479812 -8.925629790612076 0.745413959258019 0.5321252048714484 -0.6063262057483226 0.4090978613539871 0.4264390207274138 0.08889269828796387
1403638159695097088.000000 -3.0039877247935856 -9.094025044685539 0.7729408517118894 0.5149005747822873 -0.6048609008873442 0.432954011766391 0.4261120889648734 0.07363128662109375
1403638159845096960.000000 -3.0330677568051856 -9.292289483161927 0.8381007687138639 0.5148915038954728 -0.6014602118251646 0.43311952361928685 0.43074334709579526 0.171295166015625
1403638159995097088.000000 -3.0769568121791604 -9.426493972124558 0.908078129172565 0.527722022423113 -0.5932248682994693 0.41673335441989284 0.4426364580495835 0.012509346008300781
1403638160145096960.000000 -3.125060441192628 -9.53261279596767 0.997043473753897 0.537200860961597 -0.5934441940238436 0.40576139013124557 0.44113140654488525 0.015522956848144531
1403638160295097088.000000 -3.175717081700935 -9.644447611100373 1.1025788847962785 0.5504732401386337 -0.6045663112311689 0.3894634853912616 0.4240247407433936 0.019146442413330078
1403638160445096960.000000 -3.2503205184331967 -9.702374053396154 1.211988761988417 0.557036472911255 -0.6099556897338605 0.3809056360995172 0.4154218588320811 0.09658241271972656
1403638160595097088.000000 -3.3022013522299223 -9.801789784217625 1.3241027966557142 0.5582460155940228 -0.6114352662393667 0.37893348388882303 0.4134219588508478 0.01178288459777832
1403638160745097216.000000 -3.3591253885962176 -9.89612017209451 1.4254713478658012 0.5551369116301191 -0.6113834047143493 0.3830948432232861 0.41384983131733866 0.01623368263244629
1403638160895097344.000000 -3.472355989234071 -9.93154242784199 1.4928198615366208 0.5357521907028646 -0.6108447135194772 0.40078841463763554 0.42332844555337906 0.03522896766662598
1403638161045097216.000000 -3.534797833368623 -10.033868717019573 1.5435836979299544 0.5133699480781444 -0.6170698940597201 0.40158186951980335 0.44091727606020253 0.08905220031738281
1403638161195097088.000000 -3.604700413963451 -10.102001970465269 1.6104237053355985 0.4960301931614285 -0.6322085047142828 0.3856874654121435 0.45333390901533416 0.02500462532043457
1403638161345096960.000000 -3.692873663301122 -10.159974342485723 1.6876349587083015 0.4738033207330715 -0.6552712057856868 0.36088270915391096 0.46464365955452375 0.02525043487548828
1403638161495097088.000000 -3.785108050703253 -10.208353696743119 1.7477975568710669 0.460623350442209 -0.6767701243622964 0.3365087715770408 0.46537100731539643 0.029035329818725586
1403638161645096960.000000 -3.8758760848962046 -10.25600510107799 1.8002109905670287 0.4500629773749424 -0.6896062565555734 0.3243954207578396 0.4654612103141947 0.09284234046936035
1403638161795097088.000000 -3.9843996671231303 -10.303413282348464 1.8295650418562284 0.4383071416995661 -0.6959210731933759 0.3246339780690732 0.4671118599474703 0.07296633720397949
1403638161945096960.000000 -4.044789033862449 -10.411833620167362 1.8513633585912612 0.4256872242082504 -0.6980656695151782 0.32039900797836457 0.4783713869753088 0.024110794067382812
1403638162095097088.000000 -4.151386385104133 -10.45799402249307 1.8809063407673035 0.4166271443599975 -0.7028660926191994 0.31528719608012346 0.482695620879853 0.011804580688476562
1403638162245097216.000000 -4.221868382987802 -10.539597505447016 1.9467827745805684 0.41210577731487624 -0.7096973283815114 0.313022294386611 0.47803302564654343 0.11499166488647461
1403638162395097344.000000 -4.333662940195363 -10.5666632263877 1.9920891215640815 0.40688603880379054 -0.7128720530790627 0.3159765678261005 0.47583189883638566 0.0177614688873291
1403638162545097216.000000 -4.461239001187686 -10.593086248730476 2.020869774238472 0.4065536332414852 -0.7103999644613688 0.31569439487736467 0.4799823776290634 0.021456003189086914
1403638162695097088.000000 -4.5942885580276664 -10.623962345768948 2.065365338010048 0.41288307703125254 -0.7076693917401868 0.3089139982540866 0.48301525687906915 0.013454914093017578
1403638162845096960.000000 -4.728504753304118 -10.682363298964171 2.141326369860616 0.41238508288048453 -0.7110429802634284 0.30642287187871275 0.4800640032593155 0.07584452629089355
1403638162995097088.000000 -4.87282888789569 -10.705282952690048 2.2175374416895415 0.3985862377147573 -0.7109479683062654 0.3135431065049466 0.4872091109870752 0.013081073760986328
1403638163145096960.000000 -5.050134458169384 -10.713186749202983 2.2720168946676926 0.3855893534502765 -0.7107402534989583 0.3145800269434802 0.4972007132037058 0.023999452590942383
1403638163295097088.000000 -5.20844890502525 -10.765529755661293 2.300876475583003 0.37743968661970795 -0.7180138573282547 0.2970012622742272 0.5037714103207257 0.03500819206237793
1403638163445096960.000000 -5.367472154708707 -10.782143131334433 2.314574812976354 0.36264051137775205 -0.7259718595016478 0.2775195429619532 0.5142369317674402 0.06890416145324707
1403638163595097088.000000 -5.53344123328404 -10.788802186799877 2.326023877741012 0.3490785642130829 -0.7338765065892691 0.26589866102006005 0.5185241856953274 0.018290281295776367
1403638163745097216.000000 -5.732124658726238 -10.763675673431788 2.3357865507885918 0.34167586918461956 -0.7380635551808259 0.25940939672212515 0.5207941568633793 0.08012223243713379
1403638163895097344.000000 -5.896846694454091 -10.739223734652393 2.3937697108473914 0.33690014094823634 -0.7387045855631432 0.2597281298465018 0.5228337487801283 0.022541284561157227
1403638164045097216.000000 -6.0524708968197976 -10.760354406960882 2.4519815014499358 0.3350804645967159 -0.7413285213304794 0.26614390045103054 0.5170304922925978 0.09373998641967773
1403638164195097088.000000 -6.218938417905406 -10.726162548529269 2.515300000751425 0.33198132902474226 -0.7412975163402886 0.27421426255202036 0.5148523357815686 0.01465296745300293
1403638164345096960.000000 -6.383444029213123 -10.66900597578475 2.58142308401687 0.3309859133596897 -0.7385487562996262 0.2793474905521207 0.516680790477022 0.026007413864135742
1403638164495097088.000000 -6.551019784007871 -10.62940189096186 2.63728247650991 0.3318716064064498 -0.7376535931637415 0.28257494266189626 0.5156353509346017 0.020145177841186523
1403638164645096960.000000 -6.722389668116488 -10.599788623218108 2.694244090936332 0.3282739873214557 -0.73995427912165 0.28423849303722976 0.5137239853594117 0.0919790267944336
1403638164795097088.000000 -6.885337523988842 -10.5500569571705 2.7455242052271545 0.32698120085445725 -0.738543092510511 0.2703794400408901 0.5239583506310045 0.019841432571411133
1403638164945096960.000000 -7.0326976845944005 -10.518617941280606 2.7891000132646098 0.33164222505908897 -0.7319834404824218 0.25042442349534105 0.5399085899801924 0.039528846740722656
1403638165095097088.000000 -7.211513156469789 -10.427145043099912 2.805156372202792 0.31485963543951806 -0.7327645897958489 0.25850869083182176 0.5450621273548851 0.03421139717102051
1403638165245097216.000000 -7.358142021204662 -10.34001211138711 2.807099872618795 0.3072861579491332 -0.7456969048807703 0.2516120035695972 0.5349791985150384 0.08744239807128906
1403638165395097344.000000 -7.511542995797353 -10.235846460917845 2.7992941077892572 0.2997439970791407 -0.7581584745409862 0.2488076588431276 0.5229187437811987 0.010915279388427734
1403638165545097216.000000 -7.714596056378845 -10.111867797326243 2.791706375752358 0.294865010010786 -0.7520580385117368 0.24649700074281777 0.5354461328705377 0.031006574630737305
1403638165695097088.000000 -7.8621566209281175 -9.975167898246188 2.7589053616738637 0.2927291666675651 -0.738169371872221 0.2439704684656349 0.5566812588263975 0.024411439895629883
1403638165845096960.000000 -7.97197260909424 -9.853964775647798 2.729561747347731 0.2973686335651364 -0.7379106110605046 0.23556031748233347 0.5581855987783442 0.1028289794921875
1403638165995097088.000000 -8.103561095608951 -9.710676916636597 2.7006841469525753 0.30322451982442894 -0.7478842090183703 0.22878585221557812 0.5444089770606314 0.01459956169128418
1403638166145096960.000000 -8.224794785984923 -9.563976462387327 2.6870660046711357 0.311197389222796 -0.7542846831791762 0.22036674523056649 0.5344616911048837 0.01947641372680664
1403638166295097088.000000 -8.370469378472105 -9.406130037461761 2.70768934095245 0.31621482053224714 -0.7547641041216788 0.21828124028225915 0.5316884750923205 0.032303571701049805
1403638166445096960.000000 -8.449789293558249 -9.270095400543344 2.7678685674661976 0.32128466753055684 -0.7541019859838041 0.2153927201088773 0.5307657988879472 0.07046222686767578
1403638166595097088.000000 -8.557307225229463 -9.134730386958312 2.8377559448198646 0.3228781280999085 -0.7528520478534357 0.21747002551898426 0.5307261972414398 0.01403665542602539
1403638166745097216.000000 -8.62879281517407 -9.005859931287901 2.8896259555816943 0.32053120552993414 -0.7545656650048792 0.22405774673101353 0.5269616016438886 0.021045207977294922
1403638166895097344.000000 -8.726556545917296 -8.89234035370496 2.923297909025152 0.31403017011953893 -0.7684704268940447 0.2356093122486431 0.5052984338247051 0.02227473258972168
1403638167045097216.000000 -8.851550230704415 -8.71554633824474 2.955793892539759 0.313186954623817 -0.7807737280219185 0.23135077729652384 0.48865441257447884 0.08438944816589355
1403638167195097088.000000 -8.968234225004695 -8.630323252673392 2.9874546314588644 0.32020996320978634 -0.7794348766244853 0.22298414246971318 0.49012745767770155 0.020758628845214844
1403638167345096960.000000 -9.127480343987619 -8.561658429720328 3.040127272589972 0.32417902400441984 -0.7757214085966109 0.2175249137772132 0.4958297777732272 0.015929460525512695
1403638167495097088.000000 -9.22996522157043 -8.442275521877459 3.0818677473982756 0.32014874317046205 -0.773180773328629 0.21962421684219743 0.5014593476821109 0.023883342742919922
1403638167645096960.000000 -9.377708147721595 -8.3858836887008 3.117661955314618 0.30928372590204045 -0.7695968198755997 0.23059958058333024 0.5088105199033404 0.08338379859924316
1403638167795097088.000000 -9.488217880864227 -8.307120924243844 3.1350474256836285 0.28967892192069494 -0.7726601350454955 0.23546286010964682 0.5134585469298623 0.022047996520996094
1403638167945096960.000000 -9.645935946436094 -8.205467821158791 3.1370369291081137 0.266656943019086 -0.7794377246888236 0.23086843220320186 0.517755420139337 0.029879093170166016
1403638168095097088.000000 -9.844748768539354 -8.121898754638588 3.1517898395354007 0.24708532708889538 -0.7845034928890803 0.22071062478866701 0.5242040927802858 0.025828123092651367
1403638168245097216.000000 -10.047084423697743 -8.031583200761405 3.182784417081701 0.23301852556954736 -0.788807628513458 0.20398700452792504 0.5309182554066991 0.02107715606689453
1403638168395097344.000000 -10.206541611042404 -7.928296551093727 3.2245549416893673 0.21524669305853786 -0.7921768256723798 0.18378383053290026 0.5406923724537364 0.02659893035888672
1403638168545097216.000000 -10.399037585980182 -7.7947268123886415 3.278965657467745 0.20899050449432147 -0.7987408995165859 0.15697152524355681 0.541937159395216 0.03833723068237305
1403638168695097088.000000 -10.611322769801646 -7.686109809448797 3.3108877556631495 0.21118145142243172 -0.805737905365541 0.1334141668932987 0.5370190708945379 0.01751708984375
1403638168845096960.000000 -10.82488645538138 -7.5892308434704105 3.3271149473000827 0.21159048729744037 -0.8087698327882715 0.12496432013850754 0.5343264376288935 0.018232345581054688
1403638168995097088.000000 -11.047152309849062 -7.514302951446517 3.3350931044503818 0.21329201871449177 -0.8090867735897587 0.12323435420291591 0.5335713649541193 0.01986384391784668
1403638169145096960.000000 -11.279799718365226 -7.457655539700556 3.3287120744611847 0.21182846601397648 -0.8006495952414187 0.1349076547167858 0.5439566630943451 0.025445222854614258
1403638169295097088.000000 -11.505158901347494 -7.418785083972561 3.313873930424204 0.1994613212699716 -0.796864951888065 0.15425742002188256 0.5490228393590394 0.0272519588470459
1403638169445096960.000000 -11.750450055803965 -7.345466521173546 3.28198541090378 0.1704717256390687 -0.7925507984274126 0.17311789607808542 0.5593145954891633 0.09331560134887695
1403638169595097088.000000 -11.949938973753419 -7.263457178619724 3.250119175650495 0.14536929181736943 -0.7922148581074598 0.16455209826823872 0.569373334944493 0.03991866111755371
1403638169745097216.000000 -12.166394739556543 -7.159174523415919 3.242557873630155 0.12750163247893795 -0.7972728485542759 0.1351363132453551 0.5743148226502689 0.023862361907958984
1403638169895097344.000000 -12.360478618226008 -7.035509431055497 3.2549954412093225 0.11230946161211364 -0.8010992578977104 0.09184369034352205 0.5806817548125808 0.03168463706970215
1403638170045097216.000000 -12.569064563641891 -6.9447632097027645 3.2783371274698174 0.08923601906177933 -0.7948991722447772 0.058804973912041945 0.5972555683371882 0.03591728210449219
1403638170195097088.000000 -12.744762062661732 -6.846379966873935 3.307863484291992 0.053130794689881834 -0.7946342278772907 0.043091761254859876 0.6032219016692266 0.025562763214111328
1403638170345096960.000000 -12.893211113780692 -6.742756168092975 3.3122680393620625 0.014201684666700192 -0.798397148044491 0.030836266564890226 0.6011733783289057 0.04665541648864746
1403638170495097088.000000 -13.029498161019907 -6.624561372634257 3.3075974417012515 -0.0225838284395912 -0.8032431950654667 0.017028120656173616 0.5949793134058954 0.020390033721923828
1403638170645096960.000000 -13.147407534673004 -6.519635052405968 3.304910899813032 -0.05857016855903213 -0.7978828202869491 0.007356033499745383 0.5999153517097735 0.21417641639709473
1403638170795097088.000000 -13.263284946095832 -6.3798811815691145 3.324022742260066 -0.08743533110748569 -0.7934985687634958 -0.009887600732942719 0.6021771496795226 0.01809525489807129
1403638170945096960.000000 -13.326294446273607 -6.248708744992887 3.3541211647616818 -0.11255025618817338 -0.7912702389830673 -0.03213909216067001 0.600159085148883 0.02393484115600586
1403638171095097088.000000 -13.386365298900794 -6.106116549577563 3.3634947241533997 -0.13637758994451762 -0.7862660676589237 -0.050954650233074064 0.6004918379368056 0.023799896240234375
1403638171245097216.000000 -13.415943376761373 -5.944420550450891 3.3653348598117807 -0.15359632633172307 -0.7813702882464407 -0.06034237758923506 0.6018533364948233 0.09163117408752441
1403638171395097344.000000 -13.448217832926355 -5.777133371788431 3.363872872038518 -0.1630584878660399 -0.7775871676687227 -0.06584654339646324 0.6036839892978046 0.014429807662963867
1403638171545097216.000000 -13.482648923439735 -5.624330775747679 3.341312470593542 -0.1730766445850968 -0.7731171357037011 -0.06808983181736863 0.6063811873595286 0.017976045608520508
1403638171695097088.000000 -13.450680324342105 -5.450066674467922 3.3196691076882185 -0.1859637958178348 -0.7673647056775212 -0.07183642171758925 0.609432854086721 0.018091201782226562
1403638171845096960.000000 -13.385055549657123 -5.275174244947506 3.3038241298625395 -0.20122074447612176 -0.7610866242236497 -0.07655456855344693 0.6118796944285044 0.0947265625
1403638171995097088.000000 -13.299263476767393 -5.0737826449686905 3.3016351704299427 -0.20902485050327327 -0.7545482550774034 -0.08642106667413268 0.616033231138252 0.014786720275878906
1403638172145096960.000000 -13.150933705964018 -4.887363962586609 3.333629238433601 -0.21065978230138271 -0.7534665539869163 -0.09631247653594951 0.615332848958454 0.017335891723632812
1403638172295097088.000000 -13.003230006623685 -4.714322649570395 3.321613977806389 -0.21097041136414144 -0.7552265919398474 -0.10208320307423221 0.6121301332281178 0.02787160873413086
1403638172445096960.000000 -12.832545784905834 -4.503137386594858 3.294200233025552 -0.2102302613509086 -0.7542897577542691 -0.10291188394994535 0.6133998228734728 0.01929783821105957
1403638172595097088.000000 -12.647402402797379 -4.312041505034549 3.2496105307926952 -0.20930986948065006 -0.7511736804547602 -0.10028777047169682 0.617956182446506 0.019689083099365234
1403638172745097216.000000 -12.432543873781118 -4.0943827016401535 3.1848734815094852 -0.20866972706929265 -0.7512261740195858 -0.09446549941967636 0.6190254032688102 0.01762676239013672
1403638172895097344.000000 -12.220774056888638 -3.785733505627828 3.107506022456417 -0.2050576193720975 -0.7523313424834239 -0.08602914164039063 0.6201192713044442 0.03020620346069336
1403638173045097216.000000 -11.948503142729294 -3.558898061457113 3.017341236913511 -0.20571075534874483 -0.7578029411866438 -0.0753433500571128 0.6146065140111127 0.02990245819091797
1403638173195097088.000000 -11.653467667454997 -3.314112971608965 2.9170366466660576 -0.20455936860710586 -0.7653840952131956 -0.06944187751683903 0.6062346716880161 0.01797628402709961
1403638173345096960.000000 -11.358565538366483 -3.0997831848619026 2.8023883201578483 -0.19542933987455835 -0.7721175293978192 -0.07845292299401056 0.5995723749360858 0.047724008560180664
1403638173495097088.000000 -11.068408551918576 -2.8398899921135428 2.6729041503221893 -0.17996496408165888 -0.7784892063023979 -0.09887912651410255 0.5931189473567322 0.03181648254394531
1403638173645096960.000000 -10.738470366048965 -2.585003338267422 2.530384605395932 -0.17396074807049236 -0.7801321111920549 -0.10826718420359635 0.5911089273919033 0.02538275718688965
1403638173795097088.000000 -10.418784568828263 -2.3355520266260306 2.3716938150434763 -0.1747476228420577 -0.7809960448807513 -0.10942326598190331 0.5895209877973195 0.02899456024169922
1403638173945096960.000000 -10.105882554646815 -2.1283318575052053 2.2254878159401073 -0.17328049050305208 -0.7810467105282205 -0.11074680152298731 0.5896397659049939 0.04742574691772461
1403638174095097088.000000 -9.751870091379274 -1.8942823394337385 2.0936263815081118 -0.17442584973427339 -0.781640253794751 -0.10968798736920218 0.5887127330192952 0.02775287628173828
1403638174245097216.000000 -9.376476519108028 -1.6356757217034008 1.951924108345187 -0.17404889552453756 -0.7878354041929883 -0.1110924073417542 0.5802420485433413 0.020290851593017578
1403638174395097344.000000 -9.040266825249802 -1.4504115487749762 1.8161407417065327 -0.173744491173019 -0.7946180732141935 -0.10793189263470558 0.5716167212920577 0.04424905776977539
1403638174545097216.000000 -8.702417542278644 -1.3168027975736345 1.682166008526672 -0.17127815113363296 -0.7989167769271183 -0.10573590379905803 0.5667589409408783 0.04029965400695801
1403638174695097088.000000 -8.366174624767542 -1.1121703261982676 1.5612551870550337 -0.16748192583830393 -0.8057032012298583 -0.10990283509466967 0.557416830463169 0.025426864624023438
1403638174845096960.000000 -8.033897544757934 -0.898845854916002 1.4575726612773106 -0.166646072578017 -0.8112912559610532 -0.1106255277860956 0.5493610625968196 0.031790971755981445
1403638174995097088.000000 -7.7840335010880155 -0.7204560165291231 1.3647837123237758 -0.16549004379287963 -0.8140256247893455 -0.11117919796612909 0.5455405700141419 0.027512788772583008
1403638175145096960.000000 -7.511658009949526 -0.522972396599567 1.2973476148978476 -0.1653091209742327 -0.8122313797944944 -0.11482863952634736 0.5475102407666789 0.03316521644592285
1403638175295097088.000000 -7.3339952082760815 -0.29241764581436785 1.262300904115545 -0.16660297927172688 -0.815846703794379 -0.11641731904039793 0.5413728946235467 0.029725313186645508
1403638175445096960.000000 -7.137737749128448 -0.02016100089587103 1.1406849017271865 -0.1656865747239033 -0.8252429733229047 -0.11765305154247187 0.5269532743993308 0.07217669486999512
1403638175595097088.000000 -6.823173650016552 0.28024604166138045 1.0794304817144404 -0.16466410376838916 -0.8354473333547465 -0.11818800228246451 0.5108278401155092 0.06559419631958008
1403638175745097216.000000 -6.770053128656053 0.46234063518100227 1.1553132275444291 -0.16708427162010342 -0.8448111265350987 -0.11401740983858012 0.4953554652099622 0.0692281723022461
1403638175895097344.000000 -6.659204242701681 0.6615089987910964 1.1365271236257652 -0.1638733878797903 -0.8491900056796344 -0.11583901081932085 0.4884702350921943 0.041762351989746094
1403638176045097216.000000 -6.586055593885953 0.8763431895228964 1.1097661890773094 -0.15321739874153953 -0.8448804325085915 -0.125557308574593 0.49692740490988835 0.038945913314819336
1403638176195097088.000000 -6.539599801763435 1.0690949859073393 1.0740583514636801 -0.1449721500706646 -0.8245903564810874 -0.13398546570132838 0.5301714012308475 0.025812387466430664
1403638176345096960.000000 -6.481284283476362 1.2742265563816293 1.0348542359336599 -0.1458366065789767 -0.8089259186597525 -0.13204633059441878 0.5540165240121939 0.04026293754577637
1403638176495097088.000000 -6.451706352143801 1.445593948546437 1.0155417507744722 -0.14497770493131779 -0.8064733213569001 -0.13475252253423556 0.5571570736184529 0.021043777465820312
1403638176645096960.000000 -6.492990910213076 1.5453539835244643 1.0378670330147508 -0.1455880903751764 -0.8086888357184253 -0.13632631774934456 0.553391010059065 0.2619338035583496
1403638176795097088.000000 -6.4973844711894255 1.6113757119002026 1.0743562667034678 -0.148888201901305 -0.8076640139098766 -0.13374273953632548 0.55463864235275 0.015676021575927734
1403638176945096960.000000 -6.550628581148782 1.6700956296868745 1.1157365832785735 -0.15277092120183175 -0.8079544123591802 -0.1297239744001294 0.5541140709730353 0.016668319702148438
1403638177095097088.000000 -6.700188714128675 1.7818050595218078 1.1437717103304552 -0.15104911746499772 -0.8099090736290183 -0.13356057414607925 0.5508112467989378 0.026702404022216797
1403638177245097216.000000 -6.790957490472419 1.7867576550555646 1.1484405427560482 -0.15120919842569744 -0.8097793197652489 -0.13890739695430132 0.5496343936321387 0.08564496040344238
1403638177395097344.000000 -6.740807181106398 1.8803461035014428 1.1169683668489434 -0.1515586778031338 -0.8091950825684595 -0.13998564626278423 0.5501248079935868 0.0200650691986084
1403638177545097216.000000 -6.781720803362141 1.9383949119551083 1.087312034643526 -0.15996794214763405 -0.8079945043083604 -0.13045202358539087 0.5518490808500225 0.059566497802734375
1403638177695097088.000000 -6.824177254607664 1.9898627779095157 1.0544172470973245 -0.1738339401389746 -0.805251354720183 -0.11372411434335984 0.5553546999836122 0.010995149612426758
1403638177845096960.000000 -6.83224079021296 2.0463713547592244 1.0000272885213786 -0.1856787164923304 -0.7959394118785852 -0.10484782565266994 0.5665781502282274 0.022998809814453125
1403638177995097088.000000 -6.8676706017632965 2.106553780091779 0.9627753369595783 -0.18970271345955303 -0.7861723631477882 -0.10551250131120948 0.5786302861031015 0.021060466766357422
1403638178145096960.000000 -6.8939370105631985 2.1726904534493485 0.935488858501953 -0.19230007906021682 -0.7815492414976557 -0.11940697341541041 0.5813290268063731 0.06184864044189453
1403638178295097088.000000 -6.905906176422568 2.2379858801390307 0.9207137411205044 -0.21356737689496452 -0.77314206446605 -0.13502061986353492 0.5817299681906073 0.06585288047790527
1403638178445096960.000000 -6.844532492995734 2.2527250834262214 0.9382245224172057 -0.24223076135486263 -0.7641158525838408 -0.1526982519337035 0.5780436540088515 0.046957969665527344
1403638178595097088.000000 -6.810605633680681 2.328888973643817 0.9441899384597588 -0.27864574131170006 -0.7603071704848723 -0.16879099079320886 0.5619601042646957 0.02216506004333496
1403638178745097216.000000 -6.775150778941631 2.396101674979526 0.9390349933377078 -0.3117807810996556 -0.7514772002970406 -0.1843451835627977 0.5514450247012923 0.05368471145629883
1403638178895097344.000000 -6.704914542687267 2.4366131481368414 0.9238145931458177 -0.33820337132188255 -0.745298496195012 -0.20192963766183436 0.5379340597412724 0.017484188079833984
1403638179045097216.000000 -6.670273780690299 2.5045046691564323 0.8984617945239372 -0.35409258097835394 -0.7470472991213409 -0.2119355316170975 0.5211737785132479 0.020453691482543945
1403638179195097088.000000 -6.637359771224611 2.5964998473938983 0.8685053794409167 -0.36203851086379285 -0.7495144904424955 -0.22299712533074148 0.5073740507381898 0.017981767654418945
1403638179345096960.000000 -6.588631890374451 2.69428638687026 0.8334559882089749 -0.3726625796893077 -0.7488693271273393 -0.23667493637940917 0.4942694680808831 0.158677339553833
1403638179495097088.000000 -6.482862715615481 2.731676186136405 0.7536707089548695 -0.3947307378851444 -0.7282324359765381 -0.2540069823808433 0.4993451878831966 0.0180208683013916
1403638179645096960.000000 -6.463974290312913 2.9068111377765233 0.7207295351400663 -0.41853523062296255 -0.7078923251319033 -0.2713510941066749 0.5000852931989122 0.027415037155151367
1403638179795097088.000000 -6.412799752693674 3.0172503802626114 0.6827159865794415 -0.44347601196494824 -0.6892963285147552 -0.29162414375997836 0.49310744983624333 0.014948129653930664
1403638179945096960.000000 -6.376145744300285 3.1201233440188396 0.6553147319134207 -0.46866768417990157 -0.6752124125080686 -0.30786210309207557 0.479228260101808 0.07534193992614746
1403638180095097088.000000 -6.3225144597096445 3.233654405142498 0.6398909992452664 -0.4890273495204886 -0.6687438846898572 -0.3121597612464907 0.4649625270593523 0.011421680450439453
1403638180245097216.000000 -6.26834745982252 3.352410819913097 0.6312259979661827 -0.4977623123322214 -0.6636218087704325 -0.3176152610804799 0.4593030821524259 0.0164947509765625
1403638180395097344.000000 -6.212961035198276 3.4821853096159114 0.6116014193312685 -0.5017159779248399 -0.662815270471335 -0.3187343816959348 0.4553738998337991 0.012992620468139648
1403638180545097216.000000 -6.194042447132061 3.6140206723760224 0.5903912862425347 -0.49872960278758893 -0.6653465080026384 -0.3240681951260694 0.45117913570970974 0.09242987632751465
1403638180695097088.000000 -6.142685270362153 3.756867902947571 0.5606255937603521 -0.4962702247274614 -0.6703746171544336 -0.32423866809676505 0.44629925255912933 0.0117950439453125
1403638180845096960.000000 -6.0990932424250675 3.908472425657906 0.5498256948692283 -0.4958796833837313 -0.6762000994223578 -0.3185545619577037 0.44201782340125095 0.012537956237792969
1403638180995097088.000000 -6.078963698975684 4.0709633805291645 0.5525080282382763 -0.49445288904951507 -0.6762222797881886 -0.3145422842523936 0.4464335563619061 0.015410900115966797
1403638181145096960.000000 -6.076972238596015 4.270307821602655 0.5205003481437567 -0.49339146348255125 -0.6750196244277554 -0.309888883691876 0.45263920528845186 0.07270359992980957
1403638181295097088.000000 -6.045787594016777 4.442968252396013 0.5081064006880954 -0.4936100307916781 -0.6651143146346946 -0.31106091709428774 0.46606136058068565 0.019108295440673828
1403638181445096960.000000 -6.046362779899263 4.720037584539252 0.4599669255061959 -0.5051583280135853 -0.6484499221220322 -0.3149020238988547 0.4745149918420436 0.02045607566833496
1403638181595097088.000000 -6.006364725072684 4.878005344391381 0.4605012451489059 -0.5200671068497933 -0.6194911888894028 -0.3341867649255869 0.48381822765357935 0.022943496704101562
1403638181745097216.000000 -6.048989314636845 5.108558428271996 0.4118465190360045 -0.5333359433757732 -0.6069017909007246 -0.35491756362130783 0.47037911384125275 0.06172823905944824
1403638181895097344.000000 -5.93271425473539 5.205999043061914 0.3705381515662696 -0.5526433768489909 -0.5964889917689231 -0.3764605155342241 0.44391852965059286 0.01723456382751465
1403638182045097216.000000 -5.835968422053815 5.338578670678463 0.36199300983648275 -0.5734291928397125 -0.587966208401939 -0.3833037332717218 0.4225552586782047 0.021376848220825195
1403638182195097088.000000 -5.7446923044497105 5.4913861429402555 0.36353196807962357 -0.5877031192566207 -0.5825842594846619 -0.3839206556022249 0.4096407626429583 0.02368760108947754
1403638182345096960.000000 -5.6456019386085075 5.643802846351661 0.3757686759839439 -0.5997814115313576 -0.576975347005472 -0.37631183644403227 0.4071254218069509 0.06120753288269043
1403638182495097088.000000 -5.5299926518861 5.825773181134586 0.3680950840409487 -0.6013993626106362 -0.5815688410868255 -0.3755696256682646 0.3988031419182235 0.020145893096923828
1403638182645096960.000000 -5.417957100755598 5.997562305078942 0.39426263080076884 -0.5950810617014103 -0.5909977370213617 -0.3816182405416148 0.38854565153386295 0.017412185668945312
1403638182795097088.000000 -5.322182907365593 6.179508417069045 0.4409267007446009 -0.592274685487304 -0.5934811485362462 -0.38139795584030706 0.3892639497100244 0.017104625701904297
1403638182945096960.000000 -5.230610299225233 6.370118336387625 0.4748202302273799 -0.5886520773906949 -0.5914083748726271 -0.38327496549641804 0.39601157399482295 0.024899721145629883
1403638183095097088.000000 -5.1469275229795395 6.60792950921227 0.4893905904759338 -0.5798651704023189 -0.589047915143804 -0.3892565191912665 0.40651974132399366 0.019940853118896484
1403638183245097216.000000 -5.0576823447816635 6.790264293049139 0.5092396762648124 -0.5732496059170882 -0.5929114026384862 -0.39538079270078064 0.4043698637392115 0.01865243911743164
1403638183395097344.000000 -4.967803476925933 6.987962928174208 0.5093292946857261 -0.5776757941276656 -0.599358970077881 -0.38769775759318564 0.3959165955392222 0.025515317916870117
1403638183545097216.000000 -4.887346476052211 7.192046151484288 0.5140667702701716 -0.5790108159003785 -0.6067233282922749 -0.38384816244723446 0.3863856443531566 0.023303985595703125
1403638183695097088.000000 -4.816775027609936 7.398424298630357 0.5103435373103082 -0.5752779044219406 -0.6044901759191417 -0.38917291137715293 0.3901171682345913 0.020761966705322266
1403638183845096960.000000 -4.760526550026871 7.611020401799588 0.5161872990713781 -0.5659889857469607 -0.5976828419651457 -0.40239416867532934 0.40063776837647747 0.033120155334472656
1403638183995097088.000000 -4.703069817461912 7.817537888538693 0.5382744169477037 -0.5642687718188857 -0.5948987250329388 -0.40582534157280764 0.4037351263409025 0.025123119354248047
1403638184145096960.000000 -4.655153931863317 8.018448358612444 0.5679274384417924 -0.5700931970057421 -0.5991105880841308 -0.3984293182834263 0.39662870333028494 0.026013851165771484
1403638184295097088.000000 -4.61825978237623 8.216076441656963 0.5927912323445382 -0.5762130178919643 -0.6015794236553774 -0.3914360894072643 0.3909712814975636 0.01954936981201172
1403638184445096960.000000 -4.5870474722948105 8.424475326229887 0.6119511448116755 -0.5734560323701039 -0.5984633540974793 -0.3962644270580492 0.3949231527640403 0.03221893310546875
1403638184595097088.000000 -4.548124259039373 8.666036612344538 0.6221646996542487 -0.5722527126512261 -0.5958023925221885 -0.39981358731545175 0.39710884820927744 0.029641389846801758
1403638184745097216.000000 -4.537008249690625 8.854077256677337 0.6228219436377848 -0.5731588519313175 -0.5936447865679825 -0.40036354475726005 0.39847688748888566 0.03320431709289551
1403638184895097344.000000 -4.524890111640386 9.067152106181787 0.6351506705028641 -0.572685351204056 -0.5939625733603006 -0.401738045327347 0.397298996852571 0.010888814926147461
1403638185045097216.000000 -4.5295951764222515 9.263780928394224 0.6400793620207194 -0.5727343484962908 -0.5920599369699767 -0.4021551995899966 0.3996393280576459 0.028085708618164062
1403638185195097088.000000 -4.543247495388486 9.473226785587624 0.6561016049862625 -0.5715715541787774 -0.5945722986674614 -0.4035868941632696 0.3961153354398109 0.01990342140197754
1403638185345096960.000000 -4.555057975253265 9.665306062987124 0.6666378632659593 -0.5676393055683814 -0.597224129005963 -0.40886422167268777 0.39235061710529046 0.035994768142700195
1403638185495097088.000000 -4.598153066917953 9.872505616096523 0.6983344477466128 -0.5545216558699423 -0.6030633058648293 -0.41299974933063194 0.3978084832472477 0.03693962097167969
1403638185645096960.000000 -4.624338839125287 10.047246673033662 0.7294016039674822 -0.5386994240614028 -0.6124259263918385 -0.41133581197904306 0.40686639696902105 0.047306060791015625
1403638185795097088.000000 -4.68181630309516 10.236341310325873 0.753960261679342 -0.5339953263343236 -0.6155139096694152 -0.3961499293586168 0.42315109822111224 0.016780614852905273
1403638185945096960.000000 -4.746875716057743 10.427235602815164 0.7555504699013786 -0.5465011601798528 -0.6133624012489075 -0.36501152845959006 0.4380520867977268 0.039053916931152344
1403638186095097088.000000 -4.802474974690973 10.608063656163965 0.7634617327335056 -0.545183859884452 -0.6191079199644832 -0.3602599965280788 0.4355372283287964 0.010823249816894531
1403638186245097216.000000 -4.861644143794665 10.779368624841343 0.7630930952872088 -0.5401544452891189 -0.6245137542096045 -0.36558790950324754 0.42960589668028937 0.17483901977539062
1403638186395097344.000000 -4.8858695067195335 10.97495946937411 0.7628778766759807 -0.538123367341793 -0.6269552685747024 -0.36893588708596065 0.42571897297072403 0.013620376586914062
1403638186545097216.000000 -4.95265657034774 11.10884639477271 0.7985830346224999 -0.5363130325459758 -0.6273295266833863 -0.3724328033879954 0.42440523445534545 0.023247957229614258
1403638186695097088.000000 -4.999549644630803 11.28614832035107 0.8189978859256662 -0.533976325676477 -0.6294661918347916 -0.37774146417121185 0.419467499575168 0.022329330444335938
1403638186845096960.000000 -5.077547302168971 11.466959063259688 0.8111088680032031 -0.5225410059382837 -0.6375589298437347 -0.3838051683165458 0.4161287070883554 0.06026315689086914
1403638186995097088.000000 -5.151801185585044 11.640882292716277 0.8083791965280083 -0.5080568906605979 -0.6511704571679561 -0.3752599820476239 0.42075548414438707 0.014303207397460938
1403638187145096960.000000 -5.233038783155699 11.82588890089777 0.8068307807159238 -0.48765419940649457 -0.6608219867937867 -0.3540069440462336 0.44742235878213577 0.03547811508178711
1403638187295097088.000000 -5.308790598961972 12.028390659232512 0.8418225888729454 -0.4585285664958095 -0.6709451225010351 -0.33398719887603573 0.4775319332634293 0.028207778930664062
1403638187445096960.000000 -5.391393199000869 12.169503909304119 0.8755964611908852 -0.4315044682946288 -0.6797519459480716 -0.3221161260305114 0.49797829990138676 0.041585683822631836
1403638187595097088.000000 -5.479968248701994 12.320477822571696 0.9209749975887973 -0.4186307487485709 -0.6913220740624855 -0.3087669847912008 0.5014828364152705 0.010760307312011719
1403638187745097216.000000 -5.562962902443565 12.460186457167858 0.9601568999904267 -0.4139970053037168 -0.7014743934539666 -0.3015172672854979 0.49560820458970384 0.015367746353149414
1403638187895097344.000000 -5.645757706092937 12.593043875546957 0.9883732859897065 -0.4076894989499248 -0.706042368485427 -0.3068276702451885 0.49107049099020145 0.01622295379638672
1403638188045097216.000000 -5.738661407832896 12.711195842822248 1.009734881542588 -0.4007227788792762 -0.7036533285798972 -0.3190391284445297 0.4924502839749987 0.05323648452758789
1403638188195097088.000000 -5.8326218628996385 12.815298748368054 1.0217776101238183 -0.39522428584721075 -0.7000256975740641 -0.33109929383621256 0.49410023703057343 0.011850357055664062
1403638188345096960.000000 -5.8886992693437055 12.89835107132745 1.048804904109729 -0.39864310582413487 -0.6807476483272328 -0.3322503415470384 0.5169874505417961 0.01859569549560547
1403638188495097088.000000 -5.988942668144579 12.954371766971786 1.0374023275493303 -0.3995536102245334 -0.6646699907830328 -0.33249695273516044 0.5366716802020183 0.027319908142089844
1403638188645096960.000000 -6.092903138278824 12.968279227074662 1.0227462121000133 -0.39741685030026913 -0.6617601062350863 -0.3294434278780788 0.5436914903886966 0.047577619552612305
1403638188795097088.000000 -6.138732052917741 12.890799216941213 1.003391827368516 -0.39465326373952064 -0.6737115708701046 -0.3178300888240401 0.5379085008935843 0.018216848373413086
1403638188945096960.000000 -6.178650652164151 12.816236631089065 1.0326273506082515 -0.3919675687885227 -0.6843498604605806 -0.3073328256791271 0.5325159413254049 0.031909942626953125
1403638189095097088.000000 -6.246627898595781 12.726568802147211 1.0965386305169345 -0.3848482694098786 -0.6922951137379283 -0.29705634282836 0.5332699262214684 0.018698453903198242
1403638189245097216.000000 -6.242806661486508 12.58913303254448 1.0967703714012131 -0.3697378749179786 -0.702413435330537 -0.2781793733362789 0.5408562710818152 0.05227327346801758
1403638189395097344.000000 -6.253821284998811 12.490889220910004 1.129572121025309 -0.35392216314559866 -0.7219002912849779 -0.25653015616517 0.5364618820148156 0.010853767395019531
1403638189545097216.000000 -6.255135696990614 12.387122011011689 1.1633433049492947 -0.34411368547687965 -0.7418689321779999 -0.2373548322291707 0.5242889876337816 0.013953208923339844
1403638189695097088.000000 -6.264562967179574 12.27576738662179 1.1971493009997332 -0.3394328831748583 -0.7523871558753353 -0.22413708263227522 0.5181326603125108 0.016463518142700195
1403638189845096960.000000 -6.299043711171072 12.16620961011244 1.2438875241409846 -0.3408732674374097 -0.7605842353705675 -0.21364160086024753 0.5095824789317073 0.04588651657104492
1403638189995097088.000000 -6.283264234705044 12.096374911528462 1.2434970049963279 -0.343797989221995 -0.7636734544026405 -0.2143068248365793 0.5026712469160287 0.014154672622680664
1403638190145096960.000000 -6.307732514707876 12.053822928449938 1.2554749205531506 -0.33901670711134196 -0.7549171107816751 -0.22262248586441974 0.5153707955792379 0.014542102813720703
1403638190295097088.000000 -6.32916650802078 12.001323870893085 1.2625539197028306 -0.3257482261116338 -0.7456686244467939 -0.24092667839827397 0.5289808421263711 0.010816335678100586
1403638190445096960.000000 -6.387051226932004 11.895501287009878 1.2561496938987708 -0.30075638290949014 -0.746254749199441 -0.25781205906904076 0.5349601757468131 0.06254982948303223
1403638190595097088.000000 -6.416514681758669 11.815591036286653 1.2406271173954528 -0.29148644295970966 -0.7511561011091795 -0.2521975732163044 0.5359072208889883 0.010838985443115234
1403638190745097216.000000 -6.488890156478925 11.702396763847764 1.2240654156839543 -0.2881485135511005 -0.7537077889743584 -0.24326944549098067 0.5382517811100918 0.0531923770904541
1403638190895097344.000000 -6.523312448847617 11.589458589148972 1.2165264071206894 -0.2941593454254473 -0.7536058788513947 -0.22628375813257737 0.5425349017942409 0.011118888854980469
1403638191045097216.000000 -6.643016325726075 11.473914622873169 1.1920284230985165 -0.29483297968115496 -0.7521429991292548 -0.2206222735677475 0.5465164547925154 0.02812361717224121
1403638191195097088.000000 -6.6803972292881895 11.346695695607579 1.21325833041457 -0.2959657561307917 -0.7550553507352797 -0.2175625747193119 0.54310423917095 0.012548208236694336
1403638191345096960.000000 -6.692964449007777 11.146238108969875 1.2423742518175958 -0.3006259515721082 -0.7649613880244529 -0.21259401898416302 0.5284523584631144 0.06396341323852539
1403638191495097088.000000 -6.741522632728634 11.017233254008024 1.284401190459276 -0.30349187950432754 -0.768126501779676 -0.21165464001487694 0.5225673829266625 0.012108564376831055
1403638191645096960.000000 -6.779388047076955 10.879507811648056 1.3031555784311386 -0.3027525933858362 -0.7681282787415247 -0.21529994193952126 0.5215033553071083 0.01580667495727539
1403638191795097088.000000 -6.853114878275703 10.767915486107421 1.3334340678330705 -0.298266678061575 -0.7707324963558676 -0.22363581283420333 0.5167160061747172 0.012793302536010742
1403638191945096960.000000 -6.908244197516663 10.630909056745363 1.334927616828948 -0.2975873161272748 -0.7711284001347958 -0.22573400632265891 0.515603469902247 0.06233096122741699
1403638192095097088.000000 -6.959937652585912 10.501218155372074 1.347402289666974 -0.2968468263744237 -0.7707567550852285 -0.22727998612353556 0.5159067687766924 0.018274545669555664
1403638192245097216.000000 -7.045570640192524 10.374759131942247 1.3752031829985076 -0.29795284985030496 -0.7673085821412329 -0.22479166688270363 0.5214694099739582 0.021220922470092773
1403638192395097344.000000 -7.143909240541877 10.249970201956348 1.4392007466486345 -0.2983541633780784 -0.7601953239956591 -0.22368600895613372 0.5320267211027829 0.014712810516357422
1403638192545097216.000000 -7.2473350600790445 10.123334423403362 1.4939189119895258 -0.2977989614813093 -0.7565769732137956 -0.22424796118993945 0.5372335749424644 0.04395794868469238
1403638192695097088.000000 -7.3545321173281035 9.993995514814063 1.5572961761676969 -0.2968337394803945 -0.7470746118929598 -0.22703863302781235 0.549747864465094 0.014757156372070312
1403638192845096960.000000 -7.437434317241277 9.861054134816724 1.6143942761535905 -0.29643232048737345 -0.7368409164039829 -0.22780650983769338 0.5632916982869345 0.01696920394897461
1403638192995097088.000000 -7.529887612178261 9.757191176107023 1.6707157005945892 -0.29940631570315623 -0.7188531228496339 -0.2185680776585214 0.5880765607597789 0.017995119094848633
1403638193145096960.000000 -7.5363596892346125 9.608686077901204 1.7407530153003554 -0.2958907912283 -0.7218073962743344 -0.2049163061116928 0.5911446775870486 0.06379938125610352
1403638193295097088.000000 -7.551135219088249 9.473850668895949 1.803031287440526 -0.2851076374770049 -0.7369680245568782 -0.20005129271147426 0.5792851164301406 0.017738819122314453
1403638193445096960.000000 -7.530262456239875 9.317884656383828 1.8891533684735258 -0.2724743864807531 -0.7448675804397518 -0.20453744086756084 0.5736675270617262 0.015729665756225586
1403638193595097088.000000 -7.507085831322915 9.134350505138766 1.9551803280211741 -0.2659774482345268 -0.7473446405827273 -0.20347867352955745 0.5738714269255577 0.016669273376464844
1403638193745097216.000000 -7.461277304799264 8.949740470912662 2.0220148753055374 -0.26887899560805995 -0.7586936058814507 -0.19536796830300523 0.5602851551456266 0.09115242958068848
1403638193895097344.000000 -7.409535096368448 8.767217045932318 2.0656772204370517 -0.27138181796823 -0.7662302425842497 -0.19163907159667248 0.5500159910976279 0.017240524291992188
1403638194045097216.000000 -7.351406299309541 8.590381055151502 2.105871000240231 -0.2729751999380344 -0.7683100562316464 -0.19020855700080205 0.5468134074396744 0.013892650604248047
1403638194195097088.000000 -7.272720738231047 8.424368173260339 2.124658026757974 -0.27061736129260955 -0.760650430975121 -0.19588461382238184 0.5566025365483385 0.01396322250366211
1403638194345096960.000000 -7.211918806717487 8.2010344148216 2.087300508675543 -0.27084734228325263 -0.7592900362200765 -0.19567111715563307 0.5584202467551476 0.07610034942626953
1403638194495097088.000000 -7.199898315845251 7.981639133359686 2.0946327475025472 -0.27498498528370147 -0.7648088507605942 -0.19134824341984857 0.5503058507838348 0.017240285873413086
1403638194645096960.000000 -7.150457103703376 7.814156103962696 2.0997865797308397 -0.2785038329055818 -0.7709326269936234 -0.190024236564781 0.5403603327517508 0.024425983428955078
1403638194795097088.000000 -7.058242718781594 7.631047174511962 2.1191338252959424 -0.28081821024526493 -0.7776567105599911 -0.1884879767075616 0.5299655233619921 0.01875448226928711
1403638194945096960.000000 -6.989968536105982 7.459584699138673 2.13344064724232 -0.28169060819081654 -0.781523661448502 -0.18899504667552464 0.5235953019129673 0.0630800724029541
1403638195095097088.000000 -6.927475673917551 7.301021997090681 2.1339645379436996 -0.28230848284151505 -0.7832414193459878 -0.1885008268225653 0.5208668139014173 0.015238523483276367
1403638195245097216.000000 -6.882021244663371 7.151589182535883 2.12263572823707 -0.2863343951738798 -0.7905876916560429 -0.18295468949651175 0.5094225137679067 0.018703460693359375
1403638195395097344.000000 -6.811018284138678 7.01484204722204 2.1127294824850247 -0.28909677134591194 -0.7962256850299071 -0.17805312131389453 0.5007442473822385 0.017726421356201172
1403638195545097216.000000 -6.7964382134490275 6.898257899784151 2.08562401529909 -0.28545702323218225 -0.7826331301042895 -0.18387400383841365 0.5217183361383946 0.08114361763000488
1403638195695097088.000000 -6.785824446081636 6.784808255345911 2.056743803649803 -0.28173112219104496 -0.7759440894532986 -0.18825952211930083 0.5320683200143365 0.014463424682617188
1403638195845096960.000000 -6.78163644387494 6.684351889624478 2.0300660642607613 -0.28358069549772374 -0.7797797310884124 -0.18496105614335748 0.5266070335981514 0.018276214599609375
1403638195995097088.000000 -6.784014091433856 6.593773673562902 2.0234164531457273 -0.2850341840256993 -0.7869085426654219 -0.18159683952889477 0.5162877562852933 0.01792740821838379
1403638196145096960.000000 -6.805371202887358 6.516077914291048 2.0336500425303923 -0.2836641343197468 -0.7854519701858245 -0.18338471017417504 0.5186230900241228 0.052529096603393555
1403638196295097088.000000 -6.861004036930539 6.461527621334949 2.054176796470604 -0.2804309749596292 -0.7778632743411519 -0.18770547169880977 0.5301451222153998 0.01872849464416504
1403638196445096960.000000 -6.88162733150771 6.383204239847704 2.0726280051763566 -0.2805401928027163 -0.7761855880601849 -0.18796747338395478 0.5324484595334389 0.045438289642333984
1403638196595097088.000000 -6.907826670864449 6.340329020609418 2.076836120581423 -0.2842224601336944 -0.779590018006204 -0.18390872433051347 0.5269104080351426 0.017601966857910156
1403638196745097216.000000 -6.98340381311486 6.30178523731751 2.050056172890873 -0.28861442273728455 -0.7867189911832486 -0.17932160209979184 0.5153820979816816 0.0258026123046875
1403638196895097344.000000 -7.025127312289737 6.320993627734139 2.031135063499691 -0.2877944102894908 -0.7849951855629235 -0.18056305249816865 0.5180288796212998 0.01495981216430664
1403638197045097216.000000 -7.085212140764465 6.269359031114026 2.0172332753359767 -0.28497580243965437 -0.7778057765198304 -0.1846534440542509 0.5288762347044553 0.07075119018554688
1403638197195097088.000000 -7.151171475857662 6.238303579138908 2.010266320802513 -0.2820167195937122 -0.7754468912147509 -0.18913144569299023 0.5323325887310105 0.017176389694213867
1403638197345096960.000000 -7.222466829750831 6.209285321057215 2.0339893090829073 -0.27271348542839285 -0.7724788451908081 -0.2025051739484469 0.5365588906376287 0.05149197578430176
1403638197495097088.000000 -7.267544324873466 6.194365124867874 2.073042383524084 -0.2674072620650454 -0.7695694979337503 -0.20961638911250585 0.5406635862163333 0.015265941619873047
1403638197645096960.000000 -7.33706640923322 6.168389579890074 2.1179752992771035 -0.2676404935400458 -0.7679267565345659 -0.2093283377323573 0.5429905246301732 0.0597686767578125
1403638197795097088.000000 -7.392078999357049 6.148610807376626 2.178278116100431 -0.2675630408840515 -0.7682975445595587 -0.20786845937349202 0.543065010633463 0.020580768585205078
1403638197945096960.000000 -7.444653962962348 6.1092469989543545 2.222940737303524 -0.2690313565462944 -0.759847903846748 -0.2039312225901117 0.5555765911802496 0.02737116813659668
1403638198095097088.000000 -7.48212016410565 6.0422203005715245 2.2330939102931326 -0.2689434366963616 -0.7524748516938973 -0.20321920325825513 0.5658206260408658 0.0268709659576416
1403638198245097216.000000 -7.53171908523845 5.980301191814413 2.202524776233333 -0.2720018346674542 -0.7572575914332754 -0.1992852876520166 0.5593400721204108 0.07864618301391602
1403638198395097344.000000 -7.566395824157064 5.918854550317022 2.144872765217609 -0.2709421603571257 -0.762735691548544 -0.20035252075996715 0.5519814109226006 0.012237071990966797
1403638198545097216.000000 -7.606533755627358 5.8453356489051975 2.093419553896243 -0.26359085463566223 -0.7685148624804657 -0.2101216581233949 0.5438323788508251 0.0511019229888916
1403638198695097088.000000 -7.637949346147215 5.769617288065105 2.0258421406475398 -0.24502627715513356 -0.7695798802598073 -0.23569639939223105 0.5405146979651286 0.011230707168579102
1403638198845096960.000000 -7.669614300608452 5.666366544702519 1.9751959169631463 -0.23257702708619638 -0.7680961307452373 -0.2504234517077763 0.5415019438937456 0.016323089599609375
1403638198995097088.000000 -7.72473190516287 5.54685828634069 1.9612751310130958 -0.23362097406932145 -0.7698667734494625 -0.24720447542671284 0.5400151284384719 0.019526958465576172
1403638199145096960.000000 -7.84307604039429 5.349953994738231 1.9842262721257593 -0.23800921165978514 -0.7704825434494911 -0.24309509016505704 0.5390853759306902 0.06563782691955566
1403638199295097088.000000 -7.897304271303979 5.178765186480679 1.999099608101338 -0.23739897860549639 -0.766583174738868 -0.23892519856396416 0.5467236145032659 0.02065253257751465
1403638199445096960.000000 -7.988357891551362 4.966784312073799 2.026678112368999 -0.23530003881149938 -0.7666543095981531 -0.2433921775603158 0.545559629382833 0.020364761352539062
1403638199595097088.000000 -8.072861203068927 4.733660541419906 2.0729014413904188 -0.23123168979726277 -0.772539782737866 -0.24523024846296032 0.5381229552431563 0.018672704696655273
1403638199745097216.000000 -8.128068603323259 4.488382179274107 2.1415951866949707 -0.22741249828192997 -0.7764303799882335 -0.22704966882066105 0.5421142578321722 0.028185367584228516
1403638199895097344.000000 -8.225809896425 4.201687775998687 2.201669682920904 -0.23151576055951206 -0.7808515134875145 -0.20066202170228706 0.5444319236995196 0.031652212142944336
1403638200045097216.000000 -8.304244440013434 3.929806903140393 2.2502883626719408 -0.22744664500942813 -0.7832789126840807 -0.18732335721720283 0.5474049035762062 0.02114558219909668
1403638200195097088.000000 -8.41376844298029 3.6483014083262346 2.290727805550107 -0.20451095406526612 -0.7864474594507509 -0.18579805382870687 0.5524081338867477 0.026479482650756836
1403638200345096960.000000 -8.559947023381842 3.3446489483350157 2.310282769196004 -0.180818109851476 -0.7839023165842336 -0.1751395341012983 0.567563311709268 0.04498863220214844
1403638200495097088.000000 -8.662720036417427 3.047180648838932 2.37590517821522 -0.15495159153105187 -0.7879237630712095 -0.17129140557863165 0.5708111791517363 0.025501489639282227
1403638200645096960.000000 -8.748904015620479 2.7407953077429212 2.4647316636877883 -0.13062518880832877 -0.7937557505184547 -0.16771284817789045 0.5698782932554399 0.040381669998168945
1403638200795097088.000000 -8.84957981793937 2.4055417011715226 2.5478071514350096 -0.11027266922158653 -0.8008095624751804 -0.16213115611523535 0.565912953808087 0.02262139320373535
1403638200945096960.000000 -8.942389819288294 2.0530708947166794 2.6241011874766507 -0.10903050596426418 -0.8048369418694096 -0.145360104957293 0.5649958280007722 0.022428274154663086
1403638201095097088.000000 -9.038736769907679 1.6753038227802224 2.6737867700254703 -0.11725502081175294 -0.8034924695502218 -0.12655032349065146 0.5697684855227891 0.03310132026672363
1403638201245097216.000000 -9.10513767320071 1.3058386493970817 2.7111066693784984 -0.12347510623421559 -0.8012491405894132 -0.11873185546763175 0.5732856699259012 0.02939915657043457
1403638201395097344.000000 -9.195584601374907 0.932124253802493 2.738596651768966 -0.12427858566675051 -0.802090087309385 -0.12180519732132027 0.5712878599184562 0.02264118194580078
1403638201545097216.000000 -9.31810115137175 0.5294641209521438 2.751276823219212 -0.12589569218658267 -0.7999783426270111 -0.12531150132869842 0.5731334518690645 0.044538259506225586
1403638201695097088.000000 -9.386786777265762 0.15672661249603137 2.7362398385428155 -0.12809453009925156 -0.7973927841382792 -0.12662681611696952 0.5759532868236233 0.031084299087524414
1403638201845096960.000000 -9.38779097173323 -0.21568814305326817 2.6773958213746494 -0.13093471215695968 -0.7956184361185443 -0.12557910999255661 0.5779941975436546 0.04294252395629883
1403638201995097088.000000 -9.50083167498393 -0.6142505907685345 2.623479745236656 -0.12429729268242189 -0.7988588890279145 -0.12198867788703986 0.5757546534074028 0.03896307945251465
1403638202145096960.000000 -9.556531604750035 -1.0107294205165283 2.5986888219418263 -0.12188140941190496 -0.8030478910032225 -0.10523634137125125 0.5737458664337702 0.02640056610107422
1403638202295097088.000000 -9.601590887429479 -1.4069963545483952 2.5887345061370097 -0.12168425814250183 -0.8094853846334149 -0.09106427827836912 0.5671275435092544 0.021085262298583984
1403638202445096960.000000 -9.628432137206985 -1.7727426172938727 2.5771434264466015 -0.11998694285658083 -0.8113365243688084 -0.08515098315442926 0.5657609811898551 0.023948192596435547
1403638202595097088.000000 -9.694753116998 -2.159642230001534 2.5663425238028847 -0.12116168653605952 -0.8125125280957275 -0.0803959894039812 0.5645172471156062 0.026397228240966797
1403638202745097216.000000 -9.688673413459577 -2.5074449244764785 2.5446330541402866 -0.12224473082512473 -0.8127678546871415 -0.0803487596573873 0.5639226161400818 0.06475472450256348
1403638202895097344.000000 -9.731235802553384 -2.8257784282843117 2.504876378898254 -0.12112565005944109 -0.8113184403076582 -0.08331512567017425 0.5658175988328655 0.036438703536987305
1403638203045097216.000000 -9.809356644900594 -3.2469642684813556 2.4673187998321664 -0.121870527816188 -0.8099134146268512 -0.08259963239797324 0.5677720810193101 0.04521679878234863
1403638203195097088.000000 -9.852077854114528 -3.5830497593597115 2.4509942956194615 -0.11948688835184698 -0.8071937740817516 -0.08672561838686602 0.5715240692316176 0.029407501220703125
1403638203345096960.000000 -9.890586494608884 -3.915894180366659 2.4460423949346826 -0.11902552339167412 -0.8041165959843153 -0.0873810732795756 0.5758419686654012 0.026673316955566406
1403638203495097088.000000 -9.93533503639068 -4.2258308893524585 2.447321231043796 -0.12035526873820576 -0.8031617262261525 -0.0846660246888156 0.5773019271367227 0.017723560333251953
1403638203645096960.000000 -9.952039137112731 -4.5314109958572875 2.4278979606761935 -0.12206585694254188 -0.8044137423320172 -0.08203418278282425 0.5755769718911938 0.023964643478393555
1403638203795097088.000000 -9.969672616808413 -4.827436172479305 2.4257367973969526 -0.12131096434422954 -0.804164036165211 -0.08275154284493183 0.5759826690319192 0.01829218864440918
1403638203945096960.000000 -9.965332163402646 -5.12283380798913 2.432443713091982 -0.1202234849166972 -0.8041889686385886 -0.08222504285179846 0.5762512114716182 0.0224306583404541
1403638204095097088.000000 -9.976667085048875 -5.362878450203855 2.4100318159485816 -0.12032142637454325 -0.8064664303990263 -0.07908847474150951 0.5734803084306466 0.023198366165161133
1403638204245097216.000000 -10.031504296559051 -5.57702513161343 2.440547574340764 -0.12655195733127567 -0.8108841429068668 -0.06948800166249355 0.5671180886753414 0.03531241416931152
1403638204395097344.000000 -10.035707641702896 -5.817645250433002 2.4853012412495854 -0.1392143440247743 -0.8164058216503599 -0.05257595299606854 0.5579755101791726 0.04745292663574219
1403638204545097216.000000 -10.028189393785846 -6.010530628028819 2.5321566457522633 -0.14463218188363736 -0.8167238204301444 -0.04735239127313078 0.5565981352342854 0.0418093204498291
1403638204695097088.000000 -10.036245332994854 -6.2103510695460695 2.5638446906652725 -0.136231517061249 -0.8160981180580651 -0.046247224168535085 0.5597195991905056 0.019953250885009766
1403638204845096960.000000 -10.06007923167659 -6.212663397956666 2.6099797822922217 -0.11051230675612937 -0.818331469014814 -0.05215629612153351 0.5616051617020437 0.25324535369873047
1403638204995097088.000000 -10.043459597551683 -6.44012829322341 2.6076942388001854 -0.06641808435443147 -0.8189740773361822 -0.047649834765080015 0.5679785136507343 0.026236295700073242
1403638205145096960.000000 -10.098566741662191 -6.621016252914229 2.5889768665236925 -0.014444273116774967 -0.821350001860184 -0.022301493413387045 0.5698053885406285 0.024434804916381836
1403638205295097088.000000 -10.133999187374004 -6.744293663534151 2.552347785832982 0.044995065523703796 -0.8185208355210163 0.017877960526381867 0.5724329344332942 0.025929927825927734
1403638205445096960.000000 -10.150110174350228 -6.9265803361354115 2.5630768056773463 0.10470545737240379 -0.8080322970978263 0.05706647293444364 0.5769436642429384 0.07291412353515625
1403638205595097088.000000 -10.155577780625245 -7.093779014842737 2.59268694292527 0.15656998384906037 -0.7949296451799199 0.07026910975806369 0.5819234928969965 0.019181013107299805
1403638205745097216.000000 -10.169962707808601 -7.235611352669584 2.6290842839022077 0.18857777902176254 -0.7810656340016824 0.07425579162392604 0.5906445412014518 0.02263617515563965
1403638205895097344.000000 -10.153707287676335 -7.411357579401526 2.6751681497619426 0.21330531285210344 -0.7758220853381834 0.09003207921904212 0.5869371006522546 0.021886587142944336
1403638206045097216.000000 -10.08847811233871 -7.631155091598584 2.731424859038686 0.2390603757138611 -0.771099811036085 0.11657940992545969 0.5785019095604553 0.11127781867980957
1403638206195097088.000000 -10.018022974385755 -7.846044100131831 2.802661599743304 0.26507582192918133 -0.7618933420568744 0.141868609297206 0.5736956001696825 0.022409439086914062
1403638206345096960.000000 -9.935161000139981 -8.065005446484813 2.87475188939236 0.2827537180735164 -0.753530063611468 0.17149782498208127 0.5681824303652084 0.021030664443969727
1403638206495097088.000000 -9.84454365562061 -8.263632651418177 2.9260140812403237 0.28841770371386266 -0.7484251544898424 0.19418004043745274 0.5647735193924972 0.03371834754943848
1403638206645096960.000000 -9.732794423964089 -8.46518046182082 2.958405863912133 0.29115775640112157 -0.7443225769670486 0.2055632420856805 0.5647608483312394 0.022952795028686523
1403638206795097088.000000 -9.613510082913123 -8.660679246516537 2.9751887347663204 0.30012824763886 -0.7411394519716692 0.21623730860228016 0.5602470652032041 0.013140439987182617
1403638206945096960.000000 -9.493110806564813 -8.848314018706239 2.989475479460168 0.30693694574980307 -0.7365911336648189 0.2238762576665954 0.5595557473508421 0.037459373474121094
1403638207095097088.000000 -9.36087863432845 -9.019400635069214 2.980133399701867 0.30912560401712974 -0.7314795800393595 0.22979625999515005 0.5626479039494668 0.011567115783691406
1403638207245097216.000000 -9.212163700332573 -9.143134293272757 2.952082105686793 0.31197860538121114 -0.7285514551554958 0.23591394722996795 0.5623404097853719 0.025544404983520508
1403638207395097344.000000 -9.027150690619969 -9.251827344730422 2.961304312310235 0.3236680654774742 -0.7191757296430473 0.248871939375162 0.562217049789586 0.029206037521362305
1403638207545097216.000000 -8.853526640510093 -9.377649152153145 2.930829191308097 0.34509174327448944 -0.7086062867431784 0.2666431762890588 0.5546983285086591 0.02956223487854004
1403638207695097088.000000 -8.66782013773497 -9.478662331069785 2.89970135495194 0.36651605247239416 -0.7097008353129011 0.27648248694205513 0.5343670480583175 0.019982099533081055
1403638207845096960.000000 -8.442048144625568 -9.56445533569721 2.904443489211343 0.37761126688424784 -0.7130474982906606 0.2842479683296457 0.5178572088944717 0.04471540451049805
1403638207995097088.000000 -8.247109330234927 -9.623575579364497 2.9257614817014064 0.38407209421062116 -0.7171172320279593 0.28429060381292 0.5073562402897113 0.025287151336669922
1403638208145096960.000000 -8.070262346000314 -9.68363253030291 2.938094988095151 0.3820828399663108 -0.7151063928739653 0.28774674239914366 0.509742447234626 0.02145075798034668
1403638208295097088.000000 -7.897521466972953 -9.729693840162867 2.9363869414376547 0.37906380788011806 -0.7115969801167589 0.2885092160097738 0.5164327639892341 0.01817917823791504
1403638208445096960.000000 -7.712220600232726 -9.778930214804685 2.9206148901631486 0.3812296021620131 -0.7158991915096335 0.28338347034703076 0.5117090450298097 0.22874784469604492
1403638208595097088.000000 -7.539640269731317 -9.80363404891198 2.8971097175601424 0.39085453107533036 -0.7142608825369566 0.28687749508013244 0.504742934603309 0.015029191970825195
1403638208745097216.000000 -7.369444700862648 -9.815765721707795 2.8885955055896613 0.4020730401097484 -0.7073351375363857 0.2985319535006594 0.4988917180735386 0.020179271697998047
1403638208895097344.000000 -7.20997561521698 -9.830381741617703 2.897129472697312 0.4115829281737649 -0.7000318030894441 0.30529941014728584 0.4973401633318695 0.015092611312866211
1403638209045097216.000000 -7.060430448748344 -9.835930188050106 2.9055444486724613 0.4167900789922175 -0.6956491492609913 0.3094697228099839 0.49657505157834114 0.09748673439025879
1403638209195097088.000000 -6.932602459724295 -9.863823120692329 2.8978479697150497 0.41941130829575596 -0.6947826108657024 0.3118307156871935 0.4940980498507288 0.0195159912109375
1403638209345096960.000000 -6.791083385143968 -9.852709415559703 2.8713898047451707 0.41946279435501255 -0.695308755013691 0.3140212032880587 0.49192213127558626 0.01617264747619629
1403638209495097088.000000 -6.67072204027659 -9.879587193907339 2.818819476289311 0.41474967155461073 -0.6951436577136544 0.31454475709586305 0.4958019774762187 0.023216724395751953
1403638209645096960.000000 -6.534857519504706 -9.85862975465194 2.749242624877816 0.4124257837480185 -0.6945018997348111 0.3160270100724189 0.49769369402199437 0.08226394653320312
1403638209795097088.000000 -6.402662581442825 -9.835914078849218 2.6392895186913323 0.4138799854493229 -0.6945739969435998 0.31158910050015975 0.4991818835492351 0.012546539306640625
1403638209945096960.000000 -6.278309187851337 -9.808687216479655 2.483629002381757 0.413906002025689 -0.6906626234114435 0.30979636444784275 0.5056611263330736 0.0145263671875
1403638210095097088.000000 -6.148410842436954 -9.770583405561577 2.3319629923345366 0.41050264411562815 -0.68414821705503 0.31351883008606135 0.5149123609469566 0.020742416381835938
1403638210245097216.000000 -6.0359051493262585 -9.713698922611941 2.1943722811599518 0.40714248354111393 -0.681022563421535 0.31785725246807095 0.5190472360587081 0.09111475944519043
1403638210395097344.000000 -5.916167330267257 -9.62760203545819 2.057687562809279 0.4075360909633278 -0.681637217766088 0.31706067078722594 0.5184183339335051 0.017876386642456055
1403638210545097216.000000 -5.718470303084324 -9.596452218681284 1.9952650564040728 0.4053480097772317 -0.6822596413835019 0.3171119290112265 0.5192829644689604 0.04738473892211914
1403638210695097088.000000 -5.592958903353627 -9.492620606560566 1.8523961786016907 0.40227215514891124 -0.682474836316078 0.31950491793903557 0.519924819949926 0.021486759185791016
1403638210845096960.000000 -5.490929324471735 -9.36119553055094 1.660905692123684 0.40253538579155895 -0.6837096834706186 0.3189014707190562 0.518467148320287 0.027191638946533203
1403638210995097088.000000 -5.3504515362233045 -9.224008494974315 1.5107948317651567 0.40475699668103643 -0.689027463981643 0.31714737521846503 0.5107156448639606 0.021707534790039062
1403638211145096960.000000 -5.178206605527832 -9.04576075331981 1.3982110253936 0.4069756513262946 -0.6931187590563034 0.315588065516274 0.5043425204912672 0.05575299263000488
1403638211295097088.000000 -5.0352553855253595 -8.889261050913019 1.308980439046485 0.40720978857863166 -0.6959778130395189 0.31441581708578126 0.5009368880495381 0.01447153091430664
1403638211445096960.000000 -4.924435689014972 -8.741526629684275 1.2291116180985149 0.39841287246122964 -0.7025416349708913 0.3077130347928881 0.5030060858559963 0.022253036499023438
1403638211595097088.000000 -4.825208168003976 -8.58494578851155 1.1463264375290423 0.3791466340158321 -0.7135607156764558 0.2984200830198783 0.5079610113071454 0.032810211181640625
1403638211745097216.000000 -4.70563854308616 -8.420807351311195 1.050822047705976 0.35025222065487477 -0.7280116045003145 0.2854489502351426 0.515598082278107 0.03796052932739258
1403638211895097344.000000 -4.616818232089176 -8.240582877853303 0.9599464916389113 0.3142178554781237 -0.7461322538298859 0.2698779518762225 0.5212673883762146 0.03001880645751953
1403638212045097216.000000 -4.54683585577226 -8.061307638842921 0.9092266015049477 0.2801664684018801 -0.7605337842745248 0.2487128356818083 0.530317865366992 0.0351409912109375
1403638212195097088.000000 -4.4473483477090525 -7.821790978986828 0.8167622396500256 0.252975943605783 -0.7690044946050366 0.2224013362395069 0.5432981730807658 0.027837276458740234
1403638212345096960.000000 -4.378330545474654 -7.599816938992606 0.7700612810731566 0.22283228577306835 -0.7793889874880338 0.19833856374640008 0.5509631500659028 0.031133174896240234
1403638212495097088.000000 -4.326363429408045 -7.385765435445613 0.7363170706749211 0.19178003282973852 -0.7869141954297602 0.17482589934270046 0.5598413819627605 0.05513882637023926
1403638212645096960.000000 -4.23480997627975 -7.131484835056346 0.7286289088794956 0.15993108430099756 -0.7943878333371706 0.1543238124457065 0.5652912341726215 0.03222012519836426
1403638212795097088.000000 -4.144697018596047 -6.879228257333789 0.7133969239974648 0.12765963976054112 -0.8011012992448772 0.12875848704868054 0.5704042222295637 0.03469133377075195
1403638212945096960.000000 -4.058049415859255 -6.631544807504655 0.7356463946011523 0.09254615199067266 -0.8068403576315883 0.10431309041615493 0.5740754534174765 0.060314178466796875
1403638213095097088.000000 -3.9678790706790656 -6.375321486193276 0.7457091919211131 0.05285921060378227 -0.8122094779884741 0.07816127613670766 0.5756843602467561 0.04282522201538086
1403638213245097216.000000 -3.900756337742302 -6.1149200217007476 0.7933505722810817 0.012858264040623832 -0.8203911014520052 0.05940923648788086 0.5685627918921133 0.03833484649658203
1403638213395097344.000000 -3.8464450918109576 -5.834199701985571 0.8164236985166718 -0.03123430629562403 -0.8299468932112344 0.04711667557966733 0.5549708023324935 0.03398013114929199
1403638213545097216.000000 -3.8214221209443453 -5.541672215271567 0.7967571246619406 -0.07514406974598105 -0.831475724389008 0.032637883044430764 0.5494872674813891 0.06421256065368652
1403638213695097088.000000 -3.8060394594776734 -5.241517135693047 0.7965861053501028 -0.08752633210941108 -0.8190102085509503 -0.0021456834499973937 0.5670597988919109 0.047653913497924805
1403638213845096960.000000 -3.7812785302260448 -4.9430158352096525 0.8063581855520527 -0.08738808176836747 -0.8105120768812905 -0.029342533090554585 0.578422433992884 0.026723146438598633
1403638213995097088.000000 -3.7513100974346236 -4.6458613748971285 0.8247801974318509 -0.0877100218400574 -0.8101551432329932 -0.037407591726636436 0.5784083920926097 0.02287125587463379
1403638214145096960.000000 -3.7581640292966525 -4.3506556630490465 0.8674589920090466 -0.08490876910739587 -0.8198195248957778 -0.03787651790008934 0.5650237312893083 0.03143906593322754
1403638214295097088.000000 -3.7633664438969108 -4.041524371454595 0.8751769241243558 -0.08094457167592832 -0.8296746227389559 -0.034019072086824836 0.55129910160776 0.026722431182861328
1403638214445096960.000000 -3.7595951401353407 -3.752432983304588 0.8906196278222834 -0.07497856173253152 -0.8334585707852282 -0.031551519269595776 0.5465615497791134 0.021074295043945312
1403638214595097088.000000 -3.769871219384432 -3.462634284586204 0.8940988430614429 -0.06829507923506965 -0.8253738688618835 -0.030829600280656917 0.5595920786597833 0.016123533248901367
1403638214745097216.000000 -3.7795000271607346 -3.1728458940009543 0.8830088125883444 -0.06254785271060588 -0.8160595145601811 -0.029592375620431866 0.5738108801009557 0.03526568412780762
1403638214895097344.000000 -3.8052190508732524 -2.8226163161033058 0.8356918029510072 -0.058018776095847435 -0.8111797720472007 -0.02651610374210456 0.581307229685069 0.032225847244262695
1403638215045097216.000000 -3.8106482212374324 -2.4834420302698197 0.792537149890285 -0.05634707880320172 -0.808885676115648 -0.024335867958301626 0.584753567937805 0.029028892517089844
1403638215195097088.000000 -3.8152215433516914 -2.2033701322111003 0.7508164896778181 -0.05396708048955631 -0.8104631333209433 -0.025422405119679733 0.5827441677691537 0.027521133422851562
1403638215345096960.000000 -3.82010678045101 -1.9391649436658647 0.7045755476886664 -0.05067096989119229 -0.8131769365478417 -0.03062553836482008 0.5789972358110342 0.024078845977783203
1403638215495097088.000000 -3.8462440883706335 -1.7226844127023189 0.6819542525558195 -0.04672766735199997 -0.8132313824149593 -0.037197929710810464 0.5788674786032851 0.03481626510620117
1403638215645096960.000000 -3.834445413024491 -1.4942533114696521 0.6556266021836249 -0.046702095517102506 -0.8113242570133572 -0.03763173439688557 0.5815115792676167 0.033000946044921875
1403638215795097088.000000 -3.829685519980119 -1.2716040914419455 0.6433704593437779 -0.05199435375751554 -0.8103353713362473 -0.03346665457304148 0.5826947366935565 0.040688514709472656
1403638215945096960.000000 -3.824588320664771 -1.0551972368811455 0.6210925990430342 -0.0602080569136114 -0.8097655028348362 -0.0354453661796758 0.5825791330949995 0.02419590950012207
1403638216095097088.000000 -3.8102029908726913 -0.8391247865750068 0.5885909510877139 -0.06440932570790978 -0.8092738875421698 -0.039700989563161294 0.5825384494880502 0.014712333679199219
1403638216245097216.000000 -3.797338440295262 -0.6875756533419 0.5885544261935411 -0.0656849013891992 -0.8081678410445102 -0.04336028878749051 0.5836695296031925 0.028301477432250977
1403638216395097344.000000 -3.791187342541625 -0.5739046213892071 0.5883604456009952 -0.06593040009281705 -0.8066600358231414 -0.04723012148397 0.5854247044445758 0.041168212890625
1403638216545097216.000000 -3.7685529876161104 -0.41822505734425686 0.592659125626819 -0.06615076835718299 -0.8066443402530219 -0.04888756782275004 0.5852853918353828 0.31284403800964355
1403638216695097088.000000 -3.7430446307787015 -0.2574188607341043 0.5850250294395118 -0.06428407277357627 -0.8090635953021106 -0.053045157260467324 0.5817816326042587 0.0141143798828125
1403638216845096960.000000 -3.722528598197829 0.010814411603906782 0.5111717306453868 -0.0644036730346483 -0.8061402616619323 -0.0583665667154232 0.5853062355016659 0.02092289924621582
1403638216995097088.000000 -3.6808802621113426 0.14842182849576105 0.48899083414393785 -0.07733562324072298 -0.8026862651620899 -0.06402386769681938 0.587890215485208 0.029633283615112305
1403638217145096960.000000 -3.6471074888715966 0.2471909202369329 0.447055472063392 -0.09996182426814024 -0.8041404021084653 -0.07109046544248997 0.5816459344902115 0.08785653114318848
1403638217295097088.000000 -3.599318476882577 0.3732367510538654 0.40495028196077587 -0.11583025964573199 -0.8052079352557132 -0.08068287085471766 0.5759460098848455 0.016313791275024414
1403638217445096960.000000 -3.5523470600385356 0.49429715943153807 0.38351261299136385 -0.12420414907422837 -0.8059199860730955 -0.08806126835587748 0.572111456288233 0.020761728286743164
1403638217595097088.000000 -3.5021519606979723 0.5985203666711106 0.37643315391848964 -0.12431762982430906 -0.8072013581905183 -0.09795626165132768 0.5686612920302782 0.026090621948242188
1403638217745097216.000000 -3.447292144658121 0.6408414116327017 0.40149075598934225 -0.11801541084793309 -0.8085352377771806 -0.11050082639996356 0.5658027036343295 0.08025407791137695
1403638217895097344.000000 -3.401323460814511 0.7152026885729807 0.4274833794015049 -0.1134057767365373 -0.8100329616987226 -0.11561020896353183 0.5635778653813394 0.010926961898803711
1403638218045097216.000000 -3.361342333414867 0.7716175883031582 0.4481273449041802 -0.10922971309287652 -0.8073138154571516 -0.11725569666853089 0.5679475105574823 0.010487079620361328
1403638218195097088.000000 -3.3183562362944317 0.8275265159950635 0.4605966394752789 -0.10755044780945146 -0.8047292901187361 -0.11483491271753507 0.5724129747150545 0.015315055847167969
1403638218345096960.000000 -3.285353922059324 0.8717168302918868 0.4589533548579088 -0.10709393154500023 -0.7994492386991244 -0.1091976116958945 0.580936903776596 0.07659244537353516
1403638218495097088.000000 -3.2466323203736125 0.8771820195288903 0.4656077291495889 -0.1095826777067128 -0.7993822492623314 -0.1008071280686504 0.5820803889854678 0.01097416877746582
1403638218645096960.000000 -3.214296664269427 0.8746473693099603 0.4953387960809439 -0.11027667819171295 -0.8021439321041122 -0.09708588182175933 0.5787732699308481 0.04670357704162598
1403638218795097088.000000 -3.1664101681630608 0.8579930532989716 0.5178416885312833 -0.11791267382075725 -0.8084066788277476 -0.09843374065881946 0.568230623672328 0.010805606842041016
1403638218945096960.000000 -3.1400425269085006 0.8187772380811691 0.5177567346657045 -0.13406232905190912 -0.8093631517806144 -0.09729135843114431 0.5634651471418181 0.0418851375579834
1403638219095097088.000000 -3.1005213568176995 0.7915265998138683 0.5166650478415743 -0.15305715907656284 -0.804797965075393 -0.08527119178871281 0.5671001369395451 0.01081538200378418
1403638219245097216.000000 -3.067206413700797 0.7758351765078775 0.5086780102813239 -0.15296596018066896 -0.7996656356565988 -0.09457927777796621 0.5728796089851095 0.05688285827636719
1403638219395097344.000000 -3.0237610557078356 0.7544389179435328 0.4988464638609042 -0.14831161079755292 -0.7893237140705077 -0.1057158923540935 0.5863411043175742 0.01109170913696289
1403638219545097216.000000 -2.9824632893493175 0.7338430141310043 0.4977558339415706 -0.14671136449876437 -0.7844461683334698 -0.10968641944559308 0.592527530080294 0.0551142692565918
1403638219695097088.000000 -2.925032022192346 0.7031819470538042 0.5013017307412312 -0.15166724062082876 -0.787487533453671 -0.1016679769603605 0.5886629385635764 0.011654138565063477
1403638219845096960.000000 -2.8583822763673825 0.670244665446697 0.4987039976823901 -0.1595975155395016 -0.7922467829992792 -0.08939770733387487 0.5821354806094183 0.010938882827758789
1403638219995097088.000000 -2.7643266639439124 0.6416287104883855 0.4687459011731512 -0.16708767828501078 -0.7951798869627177 -0.07753255049005411 0.5777191002120247 0.019962549209594727
1403638220145096960.000000 -2.7084172553384405 0.6310711066470123 0.46430461116002864 -0.16874951622177692 -0.7988672600761475 -0.07853737035690887 0.5719847751564432 0.0635526180267334
1403638220295097088.000000 -2.630304463677139 0.632715492367751 0.4564469055434272 -0.15494341219288774 -0.8034330632268852 -0.09904193546355423 0.5662848637845815 0.01519465446472168
1403638220445096960.000000 -2.54732549915386 0.6402987887044388 0.46264304143796975 -0.14782968477698258 -0.8047581501483313 -0.10903283919222265 0.5644666013558789 0.052512407302856445
1403638220595097088.000000 -2.467342532882999 0.6349447286851824 0.48321670762063357 -0.14722739900078946 -0.8041491399345524 -0.11193856634142504 0.5649230134198895 0.013255596160888672
1403638220745097216.000000 -2.391105640963357 0.629857454920129 0.4998152147159777 -0.14907230621341808 -0.8038626654255875 -0.11221251951693051 0.564792539892964 0.017406225204467773
1403638220895097344.000000 -2.309822634758987 0.6028695318449924 0.4888647122331972 -0.15105432332632562 -0.803400840995739 -0.11282270492715181 0.5648014848995051 0.012386083602905273
1403638221045097216.000000 -2.228012558162519 0.5865705076505593 0.46726779976573407 -0.15324576543753018 -0.8041026287453673 -0.11184759463976188 0.5634046622043118 0.05461287498474121
1403638221195097088.000000 -2.156096665158125 0.5657751597058547 0.4488625636040649 -0.15476735836879132 -0.8055899878970111 -0.11187789952226639 0.560852183540481 0.014315366744995117
1403638221345096960.000000 -2.0680244972046653 0.5406624324024774 0.43277810037814923 -0.15777390300590916 -0.8070862129278817 -0.1092899266299222 0.5583681154661663 0.05502820014953613
1403638221495097088.000000 -1.9965512470080211 0.5186647569804583 0.4330519343798548 -0.16124393480767668 -0.8075603411827325 -0.10535799739146023 0.557446303442966 0.01429438591003418
1403638221645096960.000000 -1.9005197983026267 0.49509587260082594 0.41670163409628724 -0.16288759690443771 -0.8057284717964226 -0.10407772124433225 0.5598545243649337 0.021142244338989258
1403638221795097088.000000 -1.8369257627557631 0.4762791436456711 0.3995866612812314 -0.16460392820232148 -0.802263802611531 -0.10131321580178843 0.564813217040423 0.010805845260620117
1403638221945096960.000000 -1.780680098192352 0.4605892707461229 0.40577067104763215 -0.16059633170794232 -0.8009938907689609 -0.10598385218372908 0.5669083067560855 0.06442856788635254
1403638222095097088.000000 -1.719034890289707 0.4470362697013529 0.41949154600808664 -0.15696708596530784 -0.8029153991180502 -0.1106289180308745 0.5643132448188504 0.011245965957641602
1403638222245097216.000000 -1.6694976450036232 0.43064536247176755 0.43629244042364557 -0.1581603973882137 -0.8085923027281111 -0.10986952095083319 0.5559608484712636 0.04111814498901367
1403638222395097344.000000 -1.6126007920909455 0.41638750883362113 0.43677212910482893 -0.1599618800730922 -0.8129984287781036 -0.10833565946360434 0.5492805627513161 0.014461040496826172
1403638222545097216.000000 -1.556586491126445 0.3449415202180416 0.42253677692055286 -0.1613052929935055 -0.8132735844649066 -0.1093982295717408 0.548268826973092 0.05348920822143555
1403638222695097088.000000 -1.5214556589191532 0.33224185116774657 0.4072764034099491 -0.16093896342688413 -0.8054470554390277 -0.10958455644270883 0.5597722000286678 0.012460470199584961
1403638222845096960.000000 -1.4977165322339467 0.32212725307122864 0.3836651398972478 -0.15937105190270076 -0.8015012397113082 -0.11156074513306484 0.5654651454351702 0.020124197006225586
1403638222995097088.000000 -1.46686716375601 0.3079024217043151 0.35970973928076155 -0.1582336875969494 -0.7931416195853239 -0.11200293440654806 0.577359345707128 0.015136003494262695
1403638223145096960.000000 -1.434668255441186 0.28963349674167266 0.34580115429749686 -0.15858846878801838 -0.799833937542008 -0.11171252488021985 0.5680102831009358 0.06102299690246582
1403638223295097088.000000 -1.3991924469705956 0.2628318337675355 0.33765800846859556 -0.16580385191656843 -0.8121733261667787 -0.10225563733508472 0.5499339556583278 0.018172502517700195
1403638223445096960.000000 -1.3586907415874356 0.2354083468485732 0.332587328847905 -0.1726845763394929 -0.8071111317658449 -0.09554938543408546 0.5564368544743199 0.049170494079589844
1403638223595097088.000000 -1.3256303781660441 0.22732353278176215 0.3189895419965373 -0.17668482469580965 -0.8016340185716373 -0.08994351761459331 0.5639818584227796 0.013931989669799805
1403638223745097216.000000 -1.2981507978044635 0.23248669256953547 0.308356921759261 -0.16529095990315248 -0.8029763491638168 -0.1069945344389879 0.5625478209521629 0.0569305419921875
1403638223895097344.000000 -1.2439950759107914 0.28640230035944414 0.28622647480028157 -0.1536815397655665 -0.8051423502304175 -0.11348981541798511 0.5614693598025774 0.02305459976196289
1403638224045097216.000000 -1.2422524884078507 0.3539212912571432 0.28366903820964046 -0.1502753512475701 -0.8077214981619822 -0.11641638698278704 0.5580775260268563 0.04988813400268555
1403638224195097088.000000 -1.2161633153607174 0.34976480565586293 0.25680002006677144 -0.15378087496338513 -0.8163104757321099 -0.1119934225726611 0.5453862145360602 0.018561124801635742
1403638224345096960.000000 -1.2085816978124806 0.33267181812185675 0.22265722738339977 -0.1541028248811635 -0.8119623396222955 -0.1117772178755512 0.5517928342799813 0.047698974609375
1403638224495097088.000000 -1.2023137330989377 0.3272684979698738 0.2025473523118998 -0.15887703374816742 -0.8010404822259108 -0.1052771023072706 0.567458338305508 0.010868310928344727
1403638224645096960.000000 -1.2048696959985188 0.3023734774080341 0.17816689753773945 -0.1568409291132785 -0.8008297592283865 -0.1090561549099811 0.5676084696032456 0.021863460540771484
1403638224795097088.000000 -1.1630828916738245 0.27931289015957783 0.14166530212255327 -0.16038903162850707 -0.8142279208514606 -0.1071710123704306 0.5475606135823453 0.02562880516052246
1403638224945096960.000000 -1.157696520564759 0.26772788552228655 0.13873229039224985 -0.1645683710079847 -0.8058989944565967 -0.0999081670402216 0.5598771473781439 0.04229903221130371
1403638225095097088.000000 -1.158345360225337 0.26393065706532537 0.13814944260009546 -0.16583428574153466 -0.798093375353822 -0.09599724180665913 0.5712534318973082 0.010704517364501953
1403638225245097216.000000 -1.153723375068441 0.25717678030462 0.13882829926010323 -0.15995351890860537 -0.8057258408303452 -0.10289007127050208 0.5609227883059655 0.04796719551086426
1403638225395097344.000000 -1.1501409563127822 0.26027134133652013 0.14289920495451697 -0.15684412246944548 -0.8084441356439753 -0.10647600987864718 0.5572080940815358 0.010860443115234375
1403638225545097216.000000 -1.1509012085143453 0.26480430738221933 0.1371073251009207 -0.15347093794588035 -0.7949834790822143 -0.11124577945179706 0.5762571611238443 0.034882545471191406
1403638225695097088.000000 -1.1464667418461105 0.26531950971507673 0.11556147699847232 -0.1508211696252173 -0.7850261194591635 -0.11464508970428773 0.5897825615991581 0.011083602905273438
1403638225845096960.000000 -1.131878422617346 0.2848855735204983 0.07554804763860583 -0.15066695405228633 -0.7990307608626399 -0.11119752308815668 0.571388154419512 0.06606459617614746
1403638225995097088.000000 -1.1194503872374177 0.2690716598380089 0.018612651767960613 -0.15464406949610973 -0.8129048600386852 -0.10526635643854619 0.5515341281347158 0.03190279006958008
1403638226145096960.000000 -1.1239445446084706 0.26174238951698553 0.024823995240496378 -0.16618115026020377 -0.816269806775516 -0.08040686593171024 0.5473775331121087 0.03615856170654297
1403638226295097088.000000 -1.1226691617099052 0.25757435702443665 0.02134834150754896 -0.15996582382356786 -0.8128518315979483 -0.09894436249600279 0.5512647714180253 0.010993242263793945
1403638226445096960.000000 -1.1143519849795653 0.2595515428355627 0.030332889198506005 -0.15163249187160513 -0.8180024611194684 -0.10387669810491743 0.5450588891139381 0.04384016990661621
1403638226595097088.000000 -1.1028240500497593 0.26570557609056694 0.0432161744917466 -0.15094629286986835 -0.8174750983352292 -0.10470256835253812 0.5458819033921469 0.010669708251953125
1403638226745097216.000000 -1.0904799872790856 0.2689049556913739 0.05842454130999466 -0.15176457530644047 -0.8178335469767563 -0.10322434111269414 0.545399430255775 0.05182838439941406
1403638226895097344.000000 -1.076151444252479 0.27490269992750044 0.07267587530326557 -0.15076028425439875 -0.81782923687901 -0.10428484767040241 0.545482673000518 0.01063084602355957
1403638227045097216.000000 -1.0612029633727234 0.2752206665078723 0.08870943887654285 -0.15057125375450553 -0.8178421231082122 -0.1044670220788963 0.545480705901332 0.029798030853271484
1403638227195097088.000000 -1.0443765295216918 0.2789948138848159 0.10411637567672066 -0.15126987727225047 -0.8178687062807269 -0.10351815417874477 0.545428451102575 0.010844945907592773
1403638227345096960.000000 -1.0282578899265558 0.2764277078249944 0.11985764430382723 -0.15094610245149293 -0.8180329768379023 -0.1036507849563885 0.5452465843435869 0.031159162521362305
1403638227495097088.000000 -1.0098142654446325 0.2783645611755993 0.13616304016148367 -0.1506864980570224 -0.8180887511991282 -0.10383461542405338 0.5451997313870401 0.010808944702148438
1403638227645096960.000000 -0.9914029278822749 0.27342069908024663 0.15105621965858357 -0.15047673349042626 -0.8181304216698743 -0.10389219244708683 0.5451841690336051 0.02642202377319336
1403638227795097088.000000 -0.9709572461689665 0.2731483818082262 0.16802746419715042 -0.1506709226543448 -0.818168029478859 -0.10349302943377338 0.5451500173931848 0.010840892791748047
1403638227945096960.000000 -0.9507370821886408 0.26582303419022174 0.18140582838459982 -0.15046447839257118 -0.81825434090449 -0.10360322614653948 0.5450565529053287 0.025416135787963867
1403638228095097088.000000 -0.9290788014182987 0.26341712686563834 0.19864621120864143 -0.1503396716075354 -0.8183093346199523 -0.10360679035414941 0.5450077513277226 0.010874509811401367
1403638228245097216.000000 -0.9055762450974912 0.2550139273854864 0.2105333611640603 -0.15026425810453764 -0.8183383390416488 -0.1035752754273422 0.5449909888346767 0.025034666061401367
1403638228395097344.000000 -0.8826630576930793 0.25118475402223633 0.2279133926586791 -0.15037368679845745 -0.8183520784114976 -0.10337193944648898 0.5449787814340051 0.01070713996887207
1403638228545097216.000000 -0.858231212187338 0.24174695573211322 0.2378025478070008 -0.15013902154269382 -0.8184365035128766 -0.10336230646449318 0.5449185237539277 0.02511429786682129
1403638228695097088.000000 -0.833598701943451 0.23599780978143559 0.25491267798267375 -0.15013580886132588 -0.8184785849276012 -0.10330084510923175 0.5448678558257823 0.010630607604980469
1403638228845096960.000000 -0.8071566669418418 0.22583507088083862 0.26376873137537005 -0.1500137941102649 -0.8185729977840374 -0.10324386467303923 0.5447704225477671 0.024982690811157227
